MP Name,Constituency,State,House,Allocated Amount (₹),Amount Recommended (₹),Total Expenditure (₹),Utilization %,Completed Works,Recommended Works,Completion Rate %,Balance Not Yet Paid to Vendors (₹),Transaction Count,Successful Payments,Pending Payments,Average Rating
ANDREW J. SYNGKON,SHILLONG,Meghalaya,Lok Sabha,98000000.0,98000000.0,71430000.0,100.0,98,241,40.66,26570000.0,327,321,6,
RAVINDRA DATTARAM WAIKAR,MUMBAI NORTH WEST,Maharashtra,Lok Sabha,147000000.0,147000000.0,53799122.0,100.0,0,67,0.0,93200878.0,24,20,4,
S SUPONGMEREN JAMIR,NAGALAND,Nagaland,Lok Sabha,147000000.0,147000000.0,138150000.0,100.0,38,56,67.86,8850000.0,81,81,0,
Smt. Sudha Murty (2024-30),Nominated Rajya Sabha,Karnataka,Rajya Sabha,147000000.0,147000000.0,71000000.0,100.0,0,11,0.0,76000000.0,8,8,0,
Smt. Geeta alias Chandraprabha (2020-26),Sitting Rajya Sabha,Uttar Pradesh,Rajya Sabha,196063957.11,196063956.35,169877016.35,100.0,210,247,85.02,26186940.0,313,313,0,
Mahesh Sharma,GAUTAM BUDDHA NAGAR,Uttar Pradesh,Lok Sabha,148816284.11,148811083.28,83408358.0,100.0,68,173,39.31,65402725.28,130,126,4,
ANOOP PRADHAN BALMIKI,HATHRAS,Uttar Pradesh,Lok Sabha,147000000.0,146944105.0,97915147.0,99.96,69,106,65.09,49028958.0,141,141,0,
Prof SP Singh Baghel,AGRA,Uttar Pradesh,Lok Sabha,147000000.0,146923438.0,93200157.0,99.95,55,110,50.0,53723281.0,140,140,0,
Shri Bhartruhari Mahtab,CUTTACK,Odisha,Lok Sabha,147000000.0,146922088.0,37017579.0,99.95,86,483,17.81,109904509.0,281,277,4,
NEERAJ MAURYA,AONLA,Uttar Pradesh,Lok Sabha,147000000.0,146910629.0,97488644.0,99.94,17,36,47.22,49421985.0,101,101,0,
Smt Veena Devi ,VAISHALI,Bihar,Lok Sabha,147000000.0,146860679.0,131108889.0,99.91,30,59,50.85,15751790.0,49,49,0,
DR. LATA WANKHEDE,SAGAR,Madhya Pradesh,Lok Sabha,147000000.0,146839715.0,100520853.0,99.89,103,236,43.64,46318862.0,276,272,4,
Shri Ramji Lal Suman (2024-30),Sitting Rajya Sabha,Uttar Pradesh,Rajya Sabha,147000000.0,146806953.0,93005621.0,99.87,29,93,31.18,53801332.0,120,120,0,
BALYA MAMA SURESH GOPINATH MHATRE,BHIWANDI,Maharashtra,Lok Sabha,147000000.0,146794506.0,61343128.0,99.86,11,164,6.71,85451378.0,75,70,5,
Ashok Kumar Rawat,MISRIKH,Uttar Pradesh,Lok Sabha,147000000.0,146776705.0,121139986.0,99.85,2,5,40.0,25636719.0,32,24,8,
SACHITHANANTHAM R,DINDIGUL,Tamil Nadu,Lok Sabha,147000000.0,146728339.0,91226196.0,99.82,50,134,37.31,55502143.0,87,85,2,
Smt. Seema Dwivedi (2020-26),Sitting Rajya Sabha,Uttar Pradesh,Rajya Sabha,173830159.11,173445859.4,135441468.4,99.78,210,408,51.47,38004391.0,314,302,12,
Shri S. Jaishankar (2023-29),Sitting Rajya Sabha,Gujarat,Rajya Sabha,171500000.0,171094899.0,31616893.0,99.76,51,163,31.29,139478006.0,60,60,0,
Ramprit Mandal,JHANJHARPUR,Bihar,Lok Sabha,147000000.0,146608150.0,107510581.0,99.73,91,177,51.41,39097569.0,104,104,0,
JOYANTA BASUMATARY,KOKRAJHAR,Assam,Lok Sabha,147000000.0,146599810.0,63280971.0,99.73,20,129,15.5,83318839.0,82,79,3,
Shri Jaggesh (2022-28),Sitting Rajya Sabha,Karnataka,Rajya Sabha,196063957.11,195461585.0,130587101.0,99.69,126,208,60.58,64874484.0,166,166,0,
Rodmal Nagar ,RAJGARH,Madhya Pradesh,Lok Sabha,147000000.0,146544940.0,92107905.0,99.69,54,355,15.21,54437035.0,265,265,0,
Mukesh Rajput,FARRUKHABAD,Uttar Pradesh,Lok Sabha,147000000.0,146534526.0,108417412.0,99.68,246,306,80.39,38117114.0,367,367,0,
Dr. Faiyaz Ahmad (2022-28),Sitting Rajya Sabha,Bihar,Rajya Sabha,235263957.11,234514150.0,183753433.0,99.68,138,206,66.99,50760717.0,174,174,0,
MURLIDHAR MOHOL,PUNE,Maharashtra,Lok Sabha,147000000.0,146496657.0,18945481.0,99.66,12,99,12.12,127551176.0,19,19,0,
JAI PARKASH,HISAR,Haryana,Lok Sabha,147000000.0,146353469.0,73212356.0,99.56,68,444,15.32,73141113.0,357,330,27,
Smt. Phulo Devi Netam (2026-32),Sitting Rajya Sabha,Chhattisgarh,Rajya Sabha,49000000.0,48777604.0,12348157.0,99.55,0,81,0.0,36429447.0,20,16,4,
SUDHAKAR SINGH,BUXAR,Bihar,Lok Sabha,185211956.54,184189494.0,124124191.0,99.45,98,204,48.04,60065303.0,177,176,1,
Dr. Anil Sukhdeorao Bonde (2022-28),Sitting Rajya Sabha,Maharashtra,Rajya Sabha,196063957.11,194938204.0,86399726.0,99.43,50,185,27.03,108538478.0,84,79,5,
Shri R. Dharmar (2022-28),Sitting Rajya Sabha,Tamil Nadu,Rajya Sabha,260812242.52,259234270.0,207877791.0,99.39,193,244,79.1,51356479.0,198,198,0,
Indra Hang Subba,SIKKIM,Sikkim,Lok Sabha,152003923.11,151079926.0,98023420.0,99.39,38,130,29.23,53056506.0,80,80,0,
Pradyut Bordoloi,NOWGONG,Assam,Lok Sabha,98000000.0,97394000.0,67857468.0,99.38,13,215,6.05,29536532.0,478,475,3,
Shri Mithlesh Kumar (2022-28),Sitting Rajya Sabha,Uttar Pradesh,Rajya Sabha,196063957.11,194673928.0,170753928.0,99.29,195,203,96.06,23920000.0,232,232,0,
Sunil Kumar ,VALMIKI NAGAR,Bihar,Lok Sabha,147000000.0,145930069.0,63664429.0,99.27,79,258,30.62,82265640.0,87,87,0,
RAJA RAM SINGH,KARAKAT,Bihar,Lok Sabha,147000000.0,145887944.0,72478355.0,99.24,114,329,34.65,73409589.0,194,191,3,
Shri Arun Kumar Sagar ,SHAHJAHANPUR,Uttar Pradesh,Lok Sabha,147000000.0,145876200.0,138723000.0,99.24,4,7,57.14,7153200.0,45,45,0,
Shri Arun Singh (2020-26),Sitting Rajya Sabha,Uttar Pradesh,Rajya Sabha,223492764.11,221643804.0,151462382.0,99.17,46,111,41.44,70181422.0,197,194,3,
DULU MAHATO,DHANBAD,Jharkhand,Lok Sabha,147000000.0,145710045.0,58175255.0,99.12,57,417,13.67,87534790.0,312,272,40,
MANOJ KUMAR,SASARAM,Bihar,Lok Sabha,147000000.0,145610852.0,95686097.0,99.06,82,194,42.27,49924755.0,122,121,1,
SK NURUL ISLAM,BASIRHAT,West Bengal,Lok Sabha,49000000.0,48510650.0,30740105.0,99.0,8,32,25.0,17770545.0,21,21,0,
Shri Surendra Singh Nagar (2022-28),Sitting Rajya Sabha,Uttar Pradesh,Rajya Sabha,220563957.11,218335769.0,109500434.16,98.99,98,299,32.78,108835334.84,281,272,9,
Shri S. Kalyanasundaram (2022-28),Sitting Rajya Sabha,Tamil Nadu,Rajya Sabha,239763792.52,237177871.0,183132534.0,98.92,141,185,76.22,54045337.0,188,181,7,
Vinod Chavda,KACHCHH,Gujarat,Lok Sabha,147000000.0,145391050.0,51201603.0,98.91,98,363,27.0,94189447.0,127,119,8,
Priyanka Gandhi Vadra,WAYANAD,Kerala,Lok Sabha,122500000.0,121145751.0,34714501.0,98.89,11,96,11.46,86431250.0,39,39,0,
Smt. S. Phangnon Konyak (2022-28),Sitting Rajya Sabha,Nagaland,Rajya Sabha,206563957.11,204171000.0,200229200.0,98.84,58,77,75.32,3941800.0,126,125,1,
VIJAYLAKSHMI DEVI,SIWAN,Bihar,Lok Sabha,147000000.0,145285955.0,134748616.0,98.83,95,182,52.2,10537339.0,142,142,0,
Smt. Sangeeta Yadav (2022-28),Sitting Rajya Sabha,Uttar Pradesh,Rajya Sabha,196063957.11,193736886.47,169940841.0,98.81,43,121,35.54,23796045.47,261,260,1,
Shri Brij Lal (2020-26),Sitting Rajya Sabha,Uttar Pradesh,Rajya Sabha,196063957.11,193733662.0,92124068.0,98.81,113,150,75.33,101609594.0,161,159,2,
RAJESH RANJAN ALIAS PAPPU YADAV,PURNEA,Bihar,Lok Sabha,147000000.0,145247018.0,72622818.0,98.81,46,171,26.9,72624200.0,76,76,0,
Shri Javed Ali Khan (2022-28),Sitting Rajya Sabha,Uttar Pradesh,Rajya Sabha,196063957.11,193617928.0,162685314.28,98.75,125,193,64.77,30932613.72,261,251,10,
PATEL UMESHBHAI BABUBHAI,DAMAN and DIU,The Dadra And Nagar Haveli And Daman And Diu,Lok Sabha,245063957.0,241786200.0,0.0,98.66,0,61,0.0,241786200.0,0,0,0,
Shri Meda Raghunadha Reddy (2024-30),Sitting Rajya Sabha,Andhra Pradesh,Rajya Sabha,147000000.0,144970524.0,81390969.0,98.62,111,250,44.4,63579555.0,138,132,6,
Shri Govindbhai Laljibhai Dholakia (2024-30),Sitting Rajya Sabha,Gujarat,Rajya Sabha,147000000.0,144530200.0,27272966.0,98.32,44,122,36.07,117257234.0,59,58,1,
Smt S Jothimani,KARUR,Tamil Nadu,Lok Sabha,147000000.0,144332988.0,48601252.0,98.19,87,177,49.15,95731736.0,103,100,3,
MANI. A.,DHARAMAPURI,Tamil Nadu,Lok Sabha,164515071.11,161217102.0,68465190.0,98.0,63,373,16.89,92751912.0,130,127,3,
Anto Antony,PATHANAMTHITTA,Kerala,Lok Sabha,147000000.0,143897348.0,26984855.0,97.89,60,356,16.85,116912493.0,78,78,0,
THARANIVENTHAN M S,ARANI,Tamil Nadu,Lok Sabha,168337124.35,164629272.0,111465790.0,97.8,192,316,60.76,53163482.0,215,214,1,
RAMBHUAL NISHAD,SULTANPUR,Uttar Pradesh,Lok Sabha,151231957.11,147846720.57,87473694.0,97.76,6,69,8.7,60373026.56999999,26,25,1,
RAJ BHUSHAN CHOUDHARY,MUZAFFARPUR,Bihar,Lok Sabha,147000000.0,143571385.0,96375137.0,97.67,77,130,59.23,47196248.0,90,90,0,
Shri Naresh Bansal (2020-26),Sitting Rajya Sabha,Uttarakhand,Rajya Sabha,222043184.71,215921653.0,124316327.0,97.24,106,238,44.54,91605326.0,215,212,3,
Shri Dorjee Tshering Lepcha (2024-30),Sitting Rajya Sabha,Sikkim,Rajya Sabha,150170726.11,145996595.0,91921040.0,97.22,85,118,72.03,54075555.0,183,183,0,
SUDAMA PRASAD,ARRAH,Bihar,Lok Sabha,147000000.0,142785922.0,57716958.0,97.13,66,219,30.14,85068964.0,86,86,0,
RAM PRASAD CHAUDHARY,BASTI,Uttar Pradesh,Lok Sabha,204176957.11,198071774.0,148429426.0,97.01,37,183,20.22,49642348.0,239,239,0,1.0
Sanjay Kumar Bandi,KARIMNAGAR,Telangana,Lok Sabha,172775317.11,167256600.0,65663959.0,96.81,173,635,27.24,101592641.0,307,307,0,
RAJEEV BHARDWAJ,KANGRA,Himachal Pradesh,Lok Sabha,179388967.11,173418823.0,81718389.0,96.67,208,628,33.12,91700434.0,658,652,6,
Dr. Dharmshila Gupta (2024-30),Sitting Rajya Sabha,Bihar,Rajya Sabha,186200000.0,179754823.0,136714265.0,96.54,87,142,61.27,43040558.0,113,112,1,
K RADHAKRISHNAN,ALATHUR,Kerala,Lok Sabha,147000000.0,141911635.0,28066021.0,96.54,15,186,8.06,113845614.0,30,30,0,
KARAN BHUSHAN SINGH,KAISERGANJ,Uttar Pradesh,Lok Sabha,147000000.0,141887056.0,95454825.0,96.52,33,108,30.56,46432231.0,145,144,1,
BIJULI KALITA MEDHI,GUWAHATI,Assam,Lok Sabha,147000000.0,141550000.0,72761435.0,96.29,5,150,3.33,68788565.0,170,169,1,
Shri Satish Chandra Dubey (2022-28),Sitting Rajya Sabha,Bihar,Rajya Sabha,235263957.11,226217286.0,160336407.0,96.15,162,254,63.78,65880879.0,207,205,2,
PARTHA BHOWMICK,BARRACKPUR,West Bengal,Lok Sabha,147000000.0,141285236.0,31114929.0,96.11,4,32,12.5,110170307.0,11,11,0,
ADV K FRANCIS GEORGE,KOTTAYAM,Kerala,Lok Sabha,188722256.11,181246978.0,37467974.0,96.04,53,359,14.76,143779004.0,82,80,2,
NALIN SOREN,DUMKA,Jharkhand,Lok Sabha,147364097.11,141450000.0,86550781.0,95.99,106,425,24.94,54899219.0,289,289,0,
RAMASHANKAR RAJBHAR,SALEMPUR,Uttar Pradesh,Lok Sabha,160056927.07,153597970.0,61281620.0,95.96,84,314,26.75,92316350.0,263,241,22,
Shri Shambhu Sharan Patel (2022-28),Sitting Rajya Sabha,Bihar,Rajya Sabha,237168443.49,227574912.0,175884824.0,95.95,199,308,64.61,51690088.0,222,221,1,
AJENDRA SINGH LODHI,HAMIRPUR,Uttar Pradesh,Lok Sabha,147000000.0,140840000.0,48355823.0,95.81,19,191,9.95,92484177.0,104,88,16,
Shripad Yesso Naik,NORTH GOA,Goa,Lok Sabha,147000000.0,140799519.3,15476370.0,95.78,1,115,0.87,125323149.3,25,25,0,
Arvind Dharmapuri,NIZAMABAD,Telangana,Lok Sabha,281396355.11,269501566.0,158096817.0,95.77,476,916,51.97,111404749.0,526,526,0,
ANAND KUMAR,BAHRAICH,Uttar Pradesh,Lok Sabha,147000000.0,140780618.0,66987751.0,95.77,32,110,29.09,73792867.0,102,102,0,
DAGGUMALLA PRASADA RAO,CHITTOOR,Andhra Pradesh,Lok Sabha,147000000.0,140753639.0,76341346.0,95.75,111,248,44.76,64412293.0,156,156,0,
ABHAY KUMAR SINHA,AURANGABAD,Bihar,Lok Sabha,147000000.0,140604391.0,73566109.0,95.65,124,271,45.76,67038282.0,159,159,0,
DR. MANSUKH MANDAVIYA,PORBANDAR,Gujarat,Lok Sabha,147000000.0,140558455.0,35557268.0,95.62,74,306,24.18,105001187.0,89,86,3,
Shri Baburam Nishad (2022-28),Sitting Rajya Sabha,Uttar Pradesh,Rajya Sabha,196063957.11,187451605.3,136082109.32,95.61,436,649,67.18,51369495.98000002,595,592,3,
Shri Chunnilal Garasiya (2024-30),Sitting Rajya Sabha,Rajasthan,Rajya Sabha,147000000.0,140513598.0,75910578.0,95.59,24,175,13.71,64603020.0,178,176,2,
PARSHOTTAMBHAI RUPALA,RAJKOT,Gujarat,Lok Sabha,147000000.0,140402854.0,41530051.0,95.51,93,305,30.49,98872803.0,99,95,4,
SALENG A SANGMA,TURA,Meghalaya,Lok Sabha,147000000.0,140370000.0,98620000.0,95.49,132,340,38.82,41750000.0,431,423,8,
K Subbarayan,TIRUPPUR,Tamil Nadu,Lok Sabha,147000000.0,140087576.0,81901423.0,95.3,65,118,55.08,58186153.0,75,75,0,
Shri Deepak (Dev) Adhikari ,GHATAL,West Bengal,Lok Sabha,200747364.0,191294685.0,87788715.0,95.29,165,205,80.49,103505970.0,176,176,0,
Shri B.L. Verma (2020-26),Sitting Rajya Sabha,Uttar Pradesh,Rajya Sabha,196063957.11,186451342.09,168937264.09,95.1,350,414,84.54,17514078.0,804,803,1,
Dr. Sangeeta Balwant (2024-30),Sitting Rajya Sabha,Uttar Pradesh,Rajya Sabha,147000000.0,139378666.0,68851419.5,94.82,2,385,0.52,70527246.5,254,254,0,
Dr. Bhim Singh (2024-30),Sitting Rajya Sabha,Bihar,Rajya Sabha,186200000.0,176484095.0,143120329.0,94.78,233,319,73.04,33363766.0,284,281,3,
Durga Das Uikey ,BETUL,Madhya Pradesh,Lok Sabha,151569502.91,143518890.0,85636977.0,94.69,288,498,57.83,57881913.0,437,435,2,
PRIYA SAROJ,MACHHLISHAHR,Uttar Pradesh,Lok Sabha,147000000.0,139032410.0,69805592.0,94.58,725,1396,51.93,69226818.0,1048,1047,1,
RAKESH RATHOR,SITAPUR,Uttar Pradesh,Lok Sabha,147000000.0,138907397.0,91524162.0,94.49,21,71,29.58,47383235.0,105,104,1,
Ganesan Selvam,KANCHEEPURAM,Tamil Nadu,Lok Sabha,186508749.11,175689345.0,111117216.0,94.2,273,456,59.87,64572129.0,291,291,0,
Kripanath Mallah,KARIMGANJ,Assam,Lok Sabha,147000000.0,138460506.0,66488500.0,94.19,0,94,0.0,71972006.0,116,116,0,
Shri B Y Raghavendra ,SHIMOGA,Karnataka,Lok Sabha,147000000.0,138362295.0,70428761.0,94.12,49,350,14.0,67933534.0,298,297,1,
Smt. Sumitra Balmik (2022-28),Sitting Rajya Sabha,Madhya Pradesh,Rajya Sabha,196063957.11,184137783.0,163767349.0,93.92,62,177,35.03,20370434.0,419,419,0,
Shri Sanjay Raut (2022-28),Sitting Rajya Sabha,Maharashtra,Rajya Sabha,196063957.11,183861364.0,67167846.0,93.78,6,75,8.0,116693518.0,29,29,0,
Smt. Ranjeet Ranjan (2022-28),Sitting Rajya Sabha,Chhattisgarh,Rajya Sabha,246780257.87,231242048.0,185739464.0,93.7,164,271,60.52,45502584.0,452,430,22,
Virendra Kumar,TIKAMGARH,Madhya Pradesh,Lok Sabha,147000000.0,137647786.0,49785240.0,93.64,12,359,3.34,87862546.0,221,213,8,
Alok Kumar Suman,GOPALGANJ,Bihar,Lok Sabha,147000000.0,137350687.0,51862560.0,93.44,43,155,27.74,85488127.0,57,56,1,
Giridhari Yadav,BANKA,Bihar,Lok Sabha,147000000.0,137231145.0,114805889.0,93.35,92,120,76.67,22425256.0,96,96,0,
Janardan Mishra,REWA,Madhya Pradesh,Lok Sabha,147000000.0,137206693.0,86935425.0,93.34,1,107,0.93,50271268.0,78,78,0,
BIBHU PRASAD TARAI,JAGATSINGHPUR,Odisha,Lok Sabha,147000000.0,137149588.0,16733683.0,93.3,15,344,4.36,120415905.0,85,78,7,
ANANTA NAYAK,KEONJHAR,Odisha,Lok Sabha,147000000.0,136905000.0,30111360.0,93.13,17,342,4.97,106793640.0,451,448,3,
Shri Satish Kumar Gautam ,ALIGARH,Uttar Pradesh,Lok Sabha,147000000.0,136639769.0,87713538.0,92.95,21,103,20.39,48926231.0,127,127,0,
MIAN ALTAF AHMAD,ANANTNAG,Jammu And Kashmir,Lok Sabha,147000000.0,136361166.0,24523857.0,92.76,14,133,10.53,111837309.0,35,35,0,
Dr Mohammad Jawed,KISHANGANJ,Bihar,Lok Sabha,148669229.11,137845700.0,89065400.0,92.72,130,209,62.2,48780300.0,138,138,0,
SUKHDEO BHAGAT,LOHARDAGA,Jharkhand,Lok Sabha,171821957.11,159064623.0,138586757.0,92.58,90,284,31.69,20477866.0,358,358,0,
Shri Rwngwra Narzary (2022-28),Sitting Rajya Sabha,Assam,Rajya Sabha,220563957.11,203869662.0,119812440.0,92.43,17,166,10.24,84057222.0,177,175,2,
DR. KIRSAN NAMDEO,GADCHIROLI-CHIMUR,Maharashtra,Lok Sabha,147000000.0,135837283.0,22599453.0,92.41,18,166,10.84,113237830.0,26,26,0,
MALVINDER SINGH KANG,ANANDPUR SAHIB,Punjab,Lok Sabha,147000000.0,135790753.0,80974799.0,92.37,109,374,29.14,54815954.0,793,752,41,
JITENDRA KUMAR DOHARE,ETAWAH,Uttar Pradesh,Lok Sabha,188747306.26,174269829.45,119571988.0,92.33,192,514,37.35,54697841.44999999,518,518,0,
Shri Naveen Jain (2024-30),Sitting Rajya Sabha,Uttar Pradesh,Rajya Sabha,147000000.0,135577743.0,64773227.0,92.23,10,168,5.95,70804516.0,94,94,0,
LALJI VERMA,AMBEDKAR NAGAR,Uttar Pradesh,Lok Sabha,147000000.0,135165344.0,86165424.0,91.95,61,267,22.85,48999920.0,287,280,7,
Vijay Kumar Dubey,KUSHI NAGAR,Uttar Pradesh,Lok Sabha,148900000.0,136483723.0,80256423.0,91.66,132,239,55.23,56227300.0,324,324,0,
Shri Sant Balbir Singh (2022-28),Sitting Rajya Sabha,Punjab,Rajya Sabha,196359074.44000003,179870023.0,131641205.41,91.6,206,380,54.21,48228817.59,763,756,7,
CHHOTELAL,ROBERTSGANJ,Uttar Pradesh,Lok Sabha,147000000.0,134476735.0,90952339.0,91.48,261,435,60.0,43524396.0,728,728,0,
Bhola Singh,BULANDSHAHR,Uttar Pradesh,Lok Sabha,147000000.0,134442116.0,101017522.0,91.46,142,290,48.97,33424594.0,250,250,0,
Shri Tapir Gao,ARUNACHAL EAST,Arunachal Pradesh,Lok Sabha,147000000.0,134193352.0,98534470.0,91.29,106,167,63.47,35658882.0,199,199,0,
AKHILESH YADAV,KANNAUJ,Uttar Pradesh,Lok Sabha,147000000.0,133799178.0,32453607.0,91.02,40,244,16.39,101345571.0,92,85,7,
AFZAL ANSARI,GHAZIPUR,Uttar Pradesh,Lok Sabha,220500000.0,200499521.0,107091112.0,90.93,35,426,8.22,93408409.0,286,285,1,
Prof. Ram Gopal Yadav (2020-26),Sitting Rajya Sabha,Uttar Pradesh,Rajya Sabha,221271395.11,200104837.0,178725656.0,90.43,25,81,30.86,21379181.0,125,124,1,
Shri S. Selvaganabathy (2021-27),Sitting Rajya Sabha,Puducherry,Rajya Sabha,292881856.49,264779881.0,101658946.0,90.41,31,102,30.39,163120935.0,92,80,12,
Pradeep Kumar Singh,ARARIA,Bihar,Lok Sabha,147000000.0,132611427.0,132606146.0,90.21,39,86,45.35,5281.0,86,86,0,
AWADHESH PRASAD,FAIZABAD,Uttar Pradesh,Lok Sabha,147000000.0,132516313.0,92097873.0,90.15,108,201,53.73,40418440.0,288,253,35,
DR. RAJESH MISHRA,SIDHI,Madhya Pradesh,Lok Sabha,262724510.35,236416983.0,184983789.0,89.99,172,341,50.44,51433194.0,656,645,11,
MURASOLI S,THANJAVUR,Tamil Nadu,Lok Sabha,147000000.0,132218766.0,77333643.0,89.94,46,88,52.27,54885123.0,72,69,3,
Devusinh Jesingbhai Chauhan,KHEDA,Gujarat,Lok Sabha,147000000.0,132058971.0,56282548.0,89.84,247,674,36.65,75776423.0,302,292,10,
Smt. Darshana Singh (2022-28),Sitting Rajya Sabha,Uttar Pradesh,Rajya Sabha,196994373.87,176945852.0,174994106.0,89.82,31,47,65.96,1951746.0,133,132,1,
Jaswantsinh Sumanbhai Bhabhor,DAHOD,Gujarat,Lok Sabha,147000000.0,131934259.0,26676501.0,89.75,75,414,18.12,105257758.0,91,91,0,
NABA CHARAN MAJHI,MAYURBHANJ,Odisha,Lok Sabha,147563957.11,132300000.0,34922207.0,89.66,27,220,12.27,97377793.0,77,76,1,
Shri Ramji (2020-26),Sitting Rajya Sabha,Uttar Pradesh,Rajya Sabha,174518577.11,156399935.0,141923083.0,89.62,154,245,62.86,14476852.0,258,174,84,
Midhun Reddy,RAJAMPET,Andhra Pradesh,Lok Sabha,178951477.11,160099216.0,56264747.0,89.47,181,489,37.01,103834469.0,232,217,15,
Shri Narayanasa K. Bhandage (2024-30),Sitting Rajya Sabha,Karnataka,Rajya Sabha,147450000.0,131724620.0,76863625.0,89.34,87,152,57.24,54860995.0,164,163,1,
Kanimozhi Karunanidhi,THOOTHUKKUDI,Tamil Nadu,Lok Sabha,147000000.0,131032027.0,58344698.0,89.14,12,53,22.64,72687329.0,34,33,1,
Shri P. Wilson (2025-31),Sitting Rajya Sabha,Tamil Nadu,Rajya Sabha,89248285.42,79400000.0,9998159.0,88.97,1,35,2.86,69401841.0,4,4,0,
SANJNA JATAV,BHARATPUR,Rajasthan,Lok Sabha,147000000.0,130636675.1,66932558.1,88.87,76,245,31.02,63704116.99999999,733,713,20,
Radha Mohan Singh,PURVI CHAMPARAN,Bihar,Lok Sabha,147000000.0,130545336.0,69803891.0,88.81,60,124,48.39,60741445.0,83,83,0,
JASHUBHAI BHILUBHAI RATHVA,CHHOTA UDAIPUR,Gujarat,Lok Sabha,147000000.0,130296251.0,38424412.0,88.64,96,453,21.19,91871839.0,121,119,2,
ROBERT BRUCE C,TIRUNELVELI,Tamil Nadu,Lok Sabha,147475440.11,130653154.0,55819028.0,88.59,60,142,42.25,74834126.0,73,73,0,
Rahul Kaswan,CHURU,Rajasthan,Lok Sabha,147000000.0,130037464.0,58894909.0,88.46,37,257,14.4,71142555.0,540,534,6,
Adv Dean Kuriakose,IDUKKI,Kerala,Lok Sabha,147000000.0,129898384.0,58754261.0,88.37,95,189,50.26,71144123.0,116,114,2,
Shri Abdul Wahab (2021-27),Sitting Rajya Sabha,Kerala,Rajya Sabha,310898953.29,274559149.0,93760670.0,88.31,120,368,32.61,180798479.0,164,164,0,
SATPAL BRAHAMCHARI,SONEPAT,Haryana,Lok Sabha,147000000.0,129812634.0,35904950.0,88.31,19,226,8.41,93907684.0,209,180,29,
Asit Kumar Mal ,BOLPUR,West Bengal,Lok Sabha,275694456.74,243441384.0,167656043.0,88.3,134,202,66.34,75785341.0,157,153,4,
Dr. Sandeep Kumar Pathak (2022-28),Sitting Rajya Sabha,Punjab,Rajya Sabha,232203454.24,204855922.0,162756944.0,88.22,157,277,56.68,42098978.0,1147,1120,27,
Shri Babubhai Jesangbhai Desai (2023-29),Sitting Rajya Sabha,Gujarat,Rajya Sabha,171500000.0,150982823.0,85880425.0,88.04,137,282,48.58,65102398.0,172,168,4,
DR. M.P ABDUSSAMAD SAMADANI,PONNANI,Kerala,Lok Sabha,170434031.11,149764005.0,16359185.0,87.87,48,324,14.81,133404820.0,56,54,2,
RAJ KUMAR ROAT,BANSWARA,Rajasthan,Lok Sabha,147000000.0,129087279.0,63894021.0,87.81,23,116,19.83,65193258.0,126,121,5,
Ramvir Singh Bidhuri,SOUTH DELHI,Delhi,Lok Sabha,147559100.0,129282379.0,28849836.0,87.61,41,134,30.6,100432543.0,48,48,0,
Dr. John Brittas (2021-27),Sitting Rajya Sabha,Kerala,Rajya Sabha,245063957.11,214637184.0,57506835.0,87.58,36,144,25.0,157130349.0,57,57,0,
Shri Ryaga Krishnaiah (2024-28),Sitting Rajya Sabha,Andhra Pradesh,Rajya Sabha,170413583.79,149057484.0,61002205.0,87.47,30,71,42.25,88055279.0,38,37,1,
Shri Chandrakant Damodar Handore (2024-30),Sitting Rajya Sabha,Maharashtra,Rajya Sabha,147000000.0,127902582.0,92046911.0,87.01,10,37,27.03,35855671.0,27,26,1,
MALAIYARASAN D,KALLAKURICHI,Tamil Nadu,Lok Sabha,201599593.0,175403247.0,121901141.0,87.01,198,384,51.56,53502106.0,204,204,0,
SHASHANK MANI,DEORIA,Uttar Pradesh,Lok Sabha,147000000.0,127833563.0,80936917.0,86.96,45,126,35.71,46896646.0,142,135,7,
Dileshwar Kamait ,SUPAUL,Bihar,Lok Sabha,150450930.89,130816237.0,89329681.0,86.95,46,131,35.11,41486556.0,76,76,0,
Dinesh Chandra Yadav,MADHEPURA,Bihar,Lok Sabha,150070866.11,129988231.0,92486814.0,86.62,105,156,67.31,37501417.0,113,113,0,
K E PRAKASH,ERODE,Tamil Nadu,Lok Sabha,147000000.0,127327724.0,87182728.0,86.62,141,233,60.52,40144996.0,148,147,1,
PRADEEP PUROHIT,BARGARH,Odisha,Lok Sabha,147000000.0,127137900.0,31249878.0,86.49,42,318,13.21,95888022.0,113,110,3,
SUKHJINDER SINGH RANDHAWA,GURDASPUR,Punjab,Lok Sabha,147000000.0,126983530.0,56807613.0,86.38,90,338,26.63,70175917.0,400,397,3,
Dr. Vikramjit Singh Sahney (2022-28),Sitting Rajya Sabha,Punjab,Rajya Sabha,198656208.57,171596137.74,111224375.74,86.38,27,61,44.26,60371762.000000015,348,347,1,
Shri Ravi Chandra Vaddiraju (2024-30),Sitting Rajya Sabha,Telangana,Rajya Sabha,152732534.11,131769169.0,74168159.0,86.27,107,276,38.77,57601010.0,165,162,3,
Shri Hibi Eden,ERNAKULAM,Kerala,Lok Sabha,162177260.11,139783460.0,24928980.0,86.19,18,112,16.07,114854480.0,34,34,0,
KRISHNA DEVI SHIVSHANKER PATEL,BANDA,Uttar Pradesh,Lok Sabha,147000000.0,126612939.12,76835226.67,86.13,202,442,45.7,49777712.45,352,329,23,
ALOK SHARMA,BHOPAL,Madhya Pradesh,Lok Sabha,147000000.0,126534188.0,63242243.0,86.08,22,90,24.44,63291945.0,85,84,1,
Smt. Mahua Maji (2022-28),Sitting Rajya Sabha,Jharkhand,Rajya Sabha,232524001.2,199543815.0,163193927.0,85.82,150,465,32.26,36349888.0,598,598,0,
Smt. Sonia Gandhi (2024-30),Sitting Rajya Sabha,Rajasthan,Rajya Sabha,147000000.0,125886435.0,74225676.0,85.64,46,128,35.94,51660759.0,144,141,3,
Kalanidhi Veeraswamy,CHENNAI NORTH,Tamil Nadu,Lok Sabha,171500000.0,146804864.0,86228598.0,85.6,40,100,40.0,60576266.0,58,57,1,
Shri LS Tejasvi Surya ,BANGALORE SOUTH,Karnataka,Lok Sabha,147000000.0,125736528.0,40913804.0,85.54,25,136,18.38,84822724.0,51,51,0,
Shri V. Vijayendra Prasad (2022-28),Nominated Rajya Sabha,Andhra Pradesh,Rajya Sabha,196063957.11,167401264.0,90827947.0,85.38,74,194,38.14,76573317.0,113,107,6,
Dr. Sarfraz Ahmad (2024-30),Sitting Rajya Sabha,Jharkhand,Rajya Sabha,178564551.09,152169214.0,82543604.0,85.22,20,377,5.31,69625610.0,186,156,30,
Nitin Jairam Gadkari,NAGPUR,Maharashtra,Lok Sabha,168195086.11,143109407.0,46558565.0,85.09,19,67,28.36,96550842.0,35,29,6,
Smt. Sulata Deo (2022-28),Sitting Rajya Sabha,Odisha,Rajya Sabha,196084721.4,166686484.0,89713285.0,85.01,115,315,36.51,76973199.0,305,302,3,
Shri Haris Beeran (2024-30),Sitting Rajya Sabha,Kerala,Rajya Sabha,122500000.0,104068864.0,17910402.0,84.95,11,216,5.09,86158462.0,24,23,1,
NILESH DNYANDEV LANKE,AHMEDNAGAR,Maharashtra,Lok Sabha,147000000.0,124380392.0,23809461.0,84.61,12,99,12.12,100570931.0,17,17,0,
DR. PRASHANT YADAORAO PADOLE,BHANDARA-GONDIYA,Maharashtra,Lok Sabha,159680283.39,134892033.0,15660951.0,84.48,8,152,5.26,119231082.0,22,20,2,
Shri Karti P Chidambaram ,SIVAGANGA,Tamil Nadu,Lok Sabha,159049284.11,134172129.0,98344507.0,84.36,117,182,64.29,35827622.0,147,147,0,
NARAYAN DAS AHIRWAR,JALAUN,Uttar Pradesh,Lok Sabha,147000000.0,123716116.8,51218010.8,84.16,36,367,9.81,72498106.0,292,289,3,1.0
Bharatsinhji Shankarji Dabhi,PATAN,Gujarat,Lok Sabha,147000000.0,123505538.0,72505536.0,84.02,160,334,47.9,51000002.0,205,199,6,
RICHARD VANLALHMANGAIHA,MIZORAM,Mizoram,Lok Sabha,147000000.0,123494229.0,96361729.0,84.01,134,266,50.38,27132500.0,319,319,0,
KANWAR SINGH TANWAR,AMROHA,Uttar Pradesh,Lok Sabha,147000000.0,123430143.0,78135018.0,83.97,59,104,56.73,45295125.0,81,81,0,
Prof. Manoj Kumar Jha (2024-30),Sitting Rajya Sabha,Bihar,Rajya Sabha,191620112.11,160811994.0,87200986.0,83.92,110,176,62.5,73611008.0,111,111,0,
GANAPATHY RAJKUMAR P,COIMBATORE,Tamil Nadu,Lok Sabha,147370490.11,123530358.0,43662823.0,83.82,7,107,6.54,79867535.0,45,44,1,
Dr. Kalpana Saini (2022-28),Sitting Rajya Sabha,Uttarakhand,Rajya Sabha,200830405.8,168240049.0,66206094.0,83.77,58,194,29.9,102033955.0,162,152,10,
Shri Vivek K. Tankha (2022-28),Sitting Rajya Sabha,Madhya Pradesh,Rajya Sabha,220563957.11,184718033.0,116845421.0,83.75,118,504,23.41,67872612.0,635,629,6,
V S Matheswaran,NAMAKKAL,Tamil Nadu,Lok Sabha,162539930.11,136032955.0,90580955.0,83.69,140,205,68.29,45452000.0,141,141,0,
Dr. Dinesh Sharma (2023-26),Sitting Rajya Sabha,Uttar Pradesh,Rajya Sabha,147000000.0,122978044.0,57084177.0,83.66,2,91,2.2,65893867.0,63,61,2,
RANJIT DUTTA,Sonitpur,Assam,Lok Sabha,147000000.0,122723218.0,72922532.0,83.49,24,152,15.79,49800686.0,345,333,12,
Shri Kapil Sibal (2022-28),Sitting Rajya Sabha,Uttar Pradesh,Rajya Sabha,196063957.11,163430037.0,94339935.12,83.36,64,223,28.7,69090101.88,291,279,12,
TANUJ PUNIA,BARABANKI,Uttar Pradesh,Lok Sabha,148198170.11,123462716.0,83397272.0,83.31,13,33,39.39,40065444.0,30,30,0,
KOTA SRINIVAS POOJARY,UDUPI CHIKMAGALUR,Karnataka,Lok Sabha,147000000.0,122390292.0,44313852.0,83.26,51,320,15.94,78076440.0,120,105,15,
Shankar Lalwani,INDORE,Madhya Pradesh,Lok Sabha,147000000.0,122331388.0,76896131.0,83.22,145,302,48.01,45435257.0,272,272,0,
Shri Pradip Kumar Varma (2024-30),Sitting Rajya Sabha,Jharkhand,Rajya Sabha,178564551.09,147971716.0,101069118.0,82.87,24,237,10.13,46902598.0,244,242,2,
Ajay Bhatt,NAINITAL UDHAM SINGH NAG.,Uttarakhand,Lok Sabha,147000000.0,121413994.0,51274009.0,82.59,85,484,17.56,70139985.0,916,897,19,
SAVITRI THAKUR,DHAR,Madhya Pradesh,Lok Sabha,147000000.0,121039723.0,80699431.0,82.34,179,339,52.8,40340292.0,484,479,5,
Shri Mukul Wasnik (2022-28),Sitting Rajya Sabha,Rajasthan,Rajya Sabha,196063957.11,161404422.0,114656779.01,82.32,94,170,55.29,46747642.99,455,451,4,
DEEPENDER SINGH HOODA,ROHTAK,Haryana,Lok Sabha,147000000.0,120944825.0,59066490.0,82.28,70,177,39.55,61878335.0,148,148,0,
SHER SINGH GHUBAYA,FIROZPUR,Punjab,Lok Sabha,147000000.0,120880251.0,94266196.0,82.23,361,480,75.21,26614055.0,462,462,0,
DR. HEMANG JOSHI,VADODARA,Gujarat,Lok Sabha,147000000.0,120876228.0,69015565.0,82.23,72,204,35.29,51860663.0,123,122,1,
BRIJMOHAN AGRAWAL,RAIPUR,Chhattisgarh,Lok Sabha,153766451.11,126349504.0,68756217.0,82.17,38,164,23.17,57593287.0,168,165,3,
Vijay Baghel,DURG,Chhattisgarh,Lok Sabha,147000000.0,120691956.0,58735103.0,82.1,70,218,32.11,61956853.0,249,243,6,
C R Patil,NAVSARI,Gujarat,Lok Sabha,158532494.36,130009644.0,72577870.0,82.01,268,408,65.69,57431774.0,283,262,21,
Smt. Sadhna Singh (2024-30),Sitting Rajya Sabha,Uttar Pradesh,Rajya Sabha,147000000.0,120396796.0,101298179.0,81.9,5,18,27.78,19098617.0,37,37,0,
GOVIND MAKTHAPPA KARJOL,CHITRADURGA,Karnataka,Lok Sabha,147000000.0,120250000.0,46311790.0,81.8,19,225,8.44,73938210.0,125,107,18,
Shri Hardeep Singh Puri (2020-26),Sitting Rajya Sabha,Uttar Pradesh,Rajya Sabha,226801049.11,185320368.2,180480217.2,81.71,292,415,70.36,4840151.0,885,885,0,
SAMBIT PATRA,PURI,Odisha,Lok Sabha,147000000.0,120088525.0,38354750.0,81.69,548,730,75.07,81733775.0,847,847,0,
SHOBHA KARANDLAJE,BANGALORE NORTH,Karnataka,Lok Sabha,147000000.0,119610632.0,61473509.0,81.37,21,114,18.42,58137123.0,104,104,0,
DR C N MANJUNATH,BANGALORE RURAL,Karnataka,Lok Sabha,147000000.0,119592941.0,58422695.0,81.36,66,250,26.4,61170246.0,190,183,7,
Shri Harsh Mahajan (2024-30),Sitting Rajya Sabha,Himachal Pradesh,Rajya Sabha,147000000.0,119544449.0,75761105.0,81.32,154,461,33.41,43783344.0,476,471,5,
SARABJEET SINGH KHALSA,FARIDKOT,Punjab,Lok Sabha,150850348.15,122584450.0,95470473.0,81.26,227,538,42.19,27113977.0,712,702,10,
S. Jagathrakshakan,ARAKKONAM,Tamil Nadu,Lok Sabha,180589332.34,146686107.0,57167418.0,81.23,36,163,22.09,89518689.0,67,53,14,
Y S Avinash Reddy,KADAPA,Andhra Pradesh,Lok Sabha,156430260.11,127002758.0,41232850.0,81.19,57,315,18.1,85769908.0,89,89,0,
KARTICK CHANDRA PAUL,RAIGANJ,West Bengal,Lok Sabha,202677986.56,164438143.0,28148611.0,81.13,99,408,24.26,136289532.0,102,102,0,
Adv Adoor Prakash ,ATTINGAL,Kerala,Lok Sabha,147000000.0,119164425.0,28617364.0,81.06,108,445,24.27,90547061.0,115,115,0,
KALI CHARAN MUNDA,KHUNTI,Jharkhand,Lok Sabha,147000000.0,119080900.0,77772545.0,81.01,31,305,10.16,41308355.0,240,240,0,
Kinjarapu Ram Mohan Naidu,SRIKAKULAM,Andhra Pradesh,Lok Sabha,171200630.11,138619075.0,55172810.0,80.97,60,214,28.04,83446265.0,106,101,5,
Shri Sanjay Singh (2024-30),Sitting Rajya Sabha,Delhi,Rajya Sabha,184466426.11,149352110.0,17660934.0,80.96,17,105,16.19,131691176.0,23,22,1,
Shri Aditya Prasad (2022-28),Sitting Rajya Sabha,Jharkhand,Rajya Sabha,227628508.2,184173092.0,159474868.0,80.91,141,226,62.39,24698224.0,383,382,1,
HARIBHAI PATEL,MAHESANA,Gujarat,Lok Sabha,147000000.0,118878572.0,51381778.0,80.87,150,620,24.19,67496794.0,269,266,3,
PRANITI SUSHILKUMAR SHINDE,SOLAPUR,Maharashtra,Lok Sabha,147000000.0,118376684.0,8440395.0,80.53,2,131,1.53,109936289.0,9,9,0,
Mansukhbhai Dhanjibhai Vasava,BHARUCH,Gujarat,Lok Sabha,147000000.0,118371884.0,70528294.0,80.53,208,396,52.53,47843590.0,247,239,8,
Kakoli Ghosh Dastidar ,BARASAT,West Bengal,Lok Sabha,147000000.0,117928163.0,61929956.0,80.22,77,181,42.54,55998207.0,100,100,0,
Dr. Sikander Kumar (2022-28),Sitting Rajya Sabha,Himachal Pradesh,Rajya Sabha,207863957.11,166754937.04,127681938.04,80.22,171,394,43.4,39072998.99999999,423,417,6,
Smt. Rekha Sharma (2024-28),Sitting Rajya Sabha,Haryana,Rajya Sabha,98000000.0,78438885.0,14183077.0,80.04,1,145,0.69,64255808.0,187,182,5,
Mitesh Rameshbhai Bakabhai Patel,ANAND,Gujarat,Lok Sabha,147000000.0,117585497.0,58453147.0,79.99,247,533,46.34,59132350.0,295,283,12,5.0
Smt. Nirmala Sitharaman (2022-28),Sitting Rajya Sabha,Karnataka,Rajya Sabha,215972051.45,172686000.0,91394660.0,79.96,7,23,30.43,81291340.0,10,9,1,
Shri Masthan Rao Yadav Beedha (2024-28),Sitting Rajya Sabha,Andhra Pradesh,Rajya Sabha,171296045.11,136413877.0,35512349.0,79.64,40,120,33.33,100901528.0,46,46,0,
SURESH GOPI,THRISSUR,Kerala,Lok Sabha,147000000.0,117029364.0,16001891.0,79.61,15,90,16.67,101027473.0,21,21,0,
Hasmukh Bhai Soma Bhai Patel,AHMEDABAD EAST,Gujarat,Lok Sabha,147000000.0,117018098.0,32021270.0,79.6,20,197,10.15,84996828.0,36,36,0,
BHUMARE SANDIPANRAO ASARAM,AURANGABAD,Maharashtra,Lok Sabha,147000000.0,116994317.0,52095352.0,79.59,29,92,31.52,64898965.0,38,36,2,
Putta Mahesh Kumar,ELURU,Andhra Pradesh,Lok Sabha,147000000.0,116854934.0,43504398.0,79.49,54,113,47.79,73350536.0,69,68,1,
DR RANI SRI KUMAR,TENKASI,Tamil Nadu,Lok Sabha,153060922.82,121586066.0,99919930.0,79.44,102,160,63.75,21666136.0,123,123,0,
Dr. Abhishek Manu Singhvi (2026-32),Sitting Rajya Sabha,Telangana,Rajya Sabha,73421449.0,58300000.0,0.0,79.4,0,16,0.0,58300000.0,0,0,0,
THANGA TAMILSELVAN,THENI,Tamil Nadu,Lok Sabha,147000000.0,116573891.0,49328291.0,79.3,24,96,25.0,67245600.0,56,50,6,
Shri G.C. Chandrashekhar (2024-30),Sitting Rajya Sabha,Karnataka,Rajya Sabha,147000000.0,116453370.0,69767504.0,79.22,65,200,32.5,46685866.0,149,146,3,
Shri Chandra Prakash Choudhary,GIRIDIH,Jharkhand,Lok Sabha,147000000.0,116301602.0,57353516.0,79.12,49,674,7.27,58948086.0,305,270,35,
Rajeshbhai Naranbhai Chudasama,JUNAGADH,Gujarat,Lok Sabha,147000000.0,116252052.0,56040284.0,79.08,152,354,42.94,60211768.0,176,171,5,
Shri Birendra Prasad Baishya (2025-31),Sitting Rajya Sabha,Assam,Rajya Sabha,98000000.0,77500000.0,27790330.0,79.08,1,45,2.22,49709670.0,26,25,1,
SURENDRA PRASAD YADAV,JAHANABAD,Bihar,Lok Sabha,155325714.0,122571460.0,71115717.0,78.91,142,303,46.86,51455743.0,203,200,3,
Shri Khiru Mahto (2022-28),Sitting Rajya Sabha,Bihar,Rajya Sabha,235770091.81,185903989.0,183791258.0,78.85,171,177,96.61,2112731.0,176,176,0,
Shri Harbhajan Singh (2022-28),Sitting Rajya Sabha,Punjab,Rajya Sabha,220984094.27,173949652.52,101056126.52,78.72,77,197,39.09,72893526.00000001,530,527,3,
DR. RAJ KUMAR CHABBEWAL,HOSHIARPUR,Punjab,Lok Sabha,147000000.0,115689409.0,75842759.0,78.7,97,286,33.92,39846650.0,1276,1254,22,
DR. S P SINGH,PRATAPGARH,Uttar Pradesh,Lok Sabha,147000000.0,115593071.0,47950833.0,78.63,106,600,17.67,67642238.0,188,107,81,
Shri Benny Behanan,CHALAKUDY,Kerala,Lok Sabha,164674770.11,129377767.0,29054612.0,78.57,13,171,7.6,100323155.0,35,33,2,
YADUVEER KRISHNADATTA CHAMARAJA WADIYAR,MYSORE,Karnataka,Lok Sabha,147000000.0,115450000.0,62346570.0,78.54,34,182,18.68,53103430.0,178,178,0,
Shri NK Premachandran,KOLLAM,Kerala,Lok Sabha,171477994.11,134638644.34,65801960.0,78.52,53,196,27.04,68836684.34,106,105,1,
BHARATBHAI MANUBHAI SUTARIYA,AMRELI,Gujarat,Lok Sabha,147000000.0,115379329.0,61536765.0,78.49,156,325,48.0,53842564.0,186,182,4,
Gyaneshwar Patil,KHANDWA,Madhya Pradesh,Lok Sabha,155690684.77,122106817.0,86443874.0,78.43,164,370,44.32,35662943.0,471,458,13,
T Sumathy (A) Thamizhachi Thangapandian ,CHENNAI SOUTH,Tamil Nadu,Lok Sabha,147000000.0,115205616.0,28530278.0,78.37,5,31,16.13,86675338.0,25,25,0,
Shri P. Chidambaram (2022-28),Sitting Rajya Sabha,Tamil Nadu,Rajya Sabha,236312242.52,184916919.0,134466470.0,78.25,75,144,52.08,50450449.0,190,189,1,
Shri K.R.N. Rajeshkumar (2022-28),Sitting Rajya Sabha,Tamil Nadu,Rajya Sabha,238513975.53,186409814.0,152999036.0,78.15,84,102,82.35,33410778.0,97,96,1,
Dr. Sasmit Patra (2022-28),Sitting Rajya Sabha,Odisha,Rajya Sabha,196063957.11,152627195.0,31000333.0,77.85,44,305,14.43,121626862.0,123,121,2,
Shri Kumbakudi Sudhakaran,KANNUR,Kerala,Lok Sabha,147000000.0,114174376.0,26785182.0,77.67,63,293,21.5,87389194.0,98,81,17,
ADITYA YADAV,BADAUN,Uttar Pradesh,Lok Sabha,147000000.0,113867272.0,90991162.0,77.46,41,134,30.6,22876110.0,207,186,21,
KALIPADA SAREN,JHARGRAM,West Bengal,Lok Sabha,147000000.0,113497279.0,71784126.0,77.21,40,63,63.49,41713153.0,49,48,1,
CAPTAIN VIRIATO FERNANDES,SOUTH GOA,Goa,Lok Sabha,147000000.0,113444053.0,48358008.0,77.17,47,133,35.34,65086045.0,78,78,0,
Shri Pabitra Margherita (2022-28),Sitting Rajya Sabha,Assam,Rajya Sabha,220563957.11,170051035.54,63765614.44,77.1,5,210,2.38,106285421.1,113,113,0,
D Ravikumar ,VILUPPURAM,Tamil Nadu,Lok Sabha,197598306.11,152025450.0,105671025.0,76.94,222,288,77.08,46354425.0,234,229,5,
Smt Harsimrat Kaur Badal,BHATINDA,Punjab,Lok Sabha,159775982.39,122829004.0,86764668.0,76.88,147,365,40.27,36064336.0,1509,1416,93,
Shrirang Appa Barne,MAVAL,Maharashtra,Lok Sabha,147000000.0,112946842.0,36220911.0,76.83,32,111,28.83,76725931.0,54,53,1,
MADHAVANENI RAGHUNANDAN RAO,MEDAK,Telangana,Lok Sabha,147000000.0,112814529.0,30484168.0,76.74,41,182,22.53,82330361.0,49,49,0,
Rajiv Pratap Rudy,SARAN,Bihar,Lok Sabha,147000000.0,112715000.0,0.0,76.68,0,12,0.0,112715000.0,0,0,0,
Jagannath Sarkar,RANAGHAT,West Bengal,Lok Sabha,147000000.0,112612025.0,41712525.0,76.61,70,219,31.96,70899500.0,86,86,0,
Shri R. Girirajan (2022-28),Sitting Rajya Sabha,Tamil Nadu,Rajya Sabha,236312242.52,180956439.0,165928789.0,76.58,151,221,68.33,15027650.0,191,190,1,
CHHATRA PAL SINGH GANGWAR,BAREILLY,Uttar Pradesh,Lok Sabha,147000000.0,112521541.0,95894511.0,76.55,142,184,77.17,16627030.0,292,290,2,
Shri Amar Singh,FATEHGARH SAHIB,Punjab,Lok Sabha,147000000.0,112428591.0,43758588.0,76.48,61,351,17.38,68670003.0,533,523,10,
Smt Himadri Singh,SHAHDOL,Madhya Pradesh,Lok Sabha,150724861.11,115253372.0,60185831.0,76.47,45,168,26.79,55067541.0,187,168,19,
Ravindra Vasantrao Chavan,NANDED,Maharashtra,Lok Sabha,147000000.0,112097527.0,42525242.0,76.26,26,140,18.57,69572285.0,52,47,5,
KAMLESH JANGDE,JANJGIR CHAMPA,Chhattisgarh,Lok Sabha,150384382.11,114661679.0,99411941.0,76.25,254,344,73.84,15249738.0,602,596,6,
MUKESHKUMAR CHANDRAKAANT DALAL,SURAT,Gujarat,Lok Sabha,147000000.0,111944052.0,26395724.0,76.15,92,215,42.79,85548328.0,112,112,0,
ROOP KUMARI CHOUDHARY,MAHASAMUND,Chhattisgarh,Lok Sabha,153035414.0,116384962.0,76671139.0,76.05,73,179,40.78,39713823.0,252,248,4,
Shri Jose K. Mani (2024-30),Sitting Rajya Sabha,Kerala,Rajya Sabha,122500000.0,93058963.0,19384930.0,75.97,28,182,15.38,73674033.0,44,44,0,
ARUNA. D. K,MAHABUBNAGAR,Telangana,Lok Sabha,147000000.0,111450311.0,44232038.0,75.82,127,321,39.56,67218273.0,153,153,0,
PUSHPENDRA SAROJ,KAUSHAMBI,Uttar Pradesh,Lok Sabha,147000000.0,111314034.0,56198890.0,75.72,607,2584,23.49,55115144.0,907,833,74,
Gajendra Singh Patel,KHARGONE,Madhya Pradesh,Lok Sabha,147000000.0,111277517.0,68143099.0,75.7,104,336,30.95,43134418.0,383,381,2,
ARUN BHARTI,JAMUI,Bihar,Lok Sabha,194924621.11,147431859.0,132883940.0,75.64,218,328,66.46,14547919.0,306,305,1,
MAHESH KASHYAP,BASTAR,Chhattisgarh,Lok Sabha,147000000.0,111167508.0,64495987.5,75.62,38,206,18.45,46671520.5,196,188,8,
Dr. Kavita Patidar (2022-28),Sitting Rajya Sabha,Madhya Pradesh,Rajya Sabha,197118521.35,148906747.0,127377000.12,75.54,142,217,65.44,21529746.879999995,427,426,1,
Shri Jugal Kishore Sharma,JAMMU,Jammu And Kashmir,Lok Sabha,147000000.0,110993405.0,30668749.0,75.51,45,211,21.33,80324656.0,97,95,2,
Shri Suresh Kodikunnil,MAVELIKKARA,Kerala,Lok Sabha,172429519.11,130007478.0,42019767.0,75.4,58,191,30.37,87987711.0,86,85,1,
Shri Ram Nath Thakur (2026-32),Sitting Rajya Sabha,Bihar,Rajya Sabha,65673638.73,49489900.0,0.0,75.36,0,33,0.0,49489900.0,0,0,0,
BIPLAB KUMAR DEB,TRIPURA WEST,Tripura,Lok Sabha,147000000.0,110368188.0,52876465.0,75.08,7,32,21.88,57491723.0,27,26,1,
Shri Gulam Ali (2022-28),Nominated Rajya Sabha,Jammu And Kashmir,Rajya Sabha,196063957.11,147179063.89,134148715.0,75.07,156,185,84.32,13030348.889999986,193,190,3,
RAJPALSINH MAHENDRASINH JADAV,PANCHMAHAL,Gujarat,Lok Sabha,147000000.0,110209464.0,26559049.0,74.97,91,539,16.88,83650415.0,129,110,19,
Arvind Ganpat Sawant,MUMBAI SOUTH,Maharashtra,Lok Sabha,147000000.0,110174739.0,28859509.0,74.95,14,60,23.33,81315230.0,18,18,0,
Shri Damodar Rao Divakonda (2022-28),Sitting Rajya Sabha,Telangana,Rajya Sabha,239919406.11,179745038.0,77052481.0,74.92,110,295,37.29,102692557.0,195,195,0,
Devendra Alias Bhole Singh,AKBARPUR,Uttar Pradesh,Lok Sabha,147000000.0,110013145.0,62000186.0,74.84,62,148,41.89,48012959.0,98,98,0,
CHIRAG PASWAN,HAJIPUR,Bihar,Lok Sabha,147000000.0,109916007.0,53484547.0,74.77,47,113,41.59,56431460.0,56,55,1,
Suresh Kumar Kashyap,SHIMLA,Himachal Pradesh,Lok Sabha,153563957.11,114805358.0,90424211.0,74.76,83,541,15.34,24381147.0,591,586,5,
BALWANT BASWANT WANKHADE,AMRAVATI,Maharashtra,Lok Sabha,198293678.0,148214000.0,94386242.0,74.74,51,167,30.54,53827758.0,121,114,7,
Dr. Ajeet Madhavrao Gopchade (2024-30),Sitting Rajya Sabha,Maharashtra,Rajya Sabha,147000000.0,109833137.0,53532752.0,74.72,44,91,48.35,56300385.0,52,52,0,
ALFRED KANNGAM S ARTHUR,OUTER MANIPUR,Manipur,Lok Sabha,147000000.0,109651963.0,84951963.0,74.59,15,36,41.67,24700000.0,72,72,0,
BHUPENDER YADAV,ALWAR,Rajasthan,Lok Sabha,147000000.0,109636318.0,59638968.0,74.58,31,74,41.89,49997350.0,68,67,1,
Vishnu Dutt Sharma,KHAJURAHO,Madhya Pradesh,Lok Sabha,147000000.0,109473142.0,12409947.0,74.47,3,135,2.22,97063195.0,25,21,4,
UMMEDA RAM BENIWAL,BARMER,Rajasthan,Lok Sabha,147000000.0,109334535.0,66028772.0,74.38,96,184,52.17,43305763.0,188,186,2,
EATALA RAJENDER,MALKAJGIRI,Telangana,Lok Sabha,327477390.86,243219278.0,34708670.0,74.27,29,300,9.67,208510608.0,59,53,6,
DHAVAL LAXMANBHAI PATEL,VALSAD,Gujarat,Lok Sabha,147000000.0,109117733.0,35423530.0,74.23,60,233,25.75,73694203.0,66,65,1,
Shri Madan Rathore (2024-30),Sitting Rajya Sabha,Rajasthan,Rajya Sabha,147000000.0,109050806.0,32632145.0,74.18,21,132,15.91,76418661.0,229,223,6,
Shri Gurjeet Singh Aujla,AMRITSAR,Punjab,Lok Sabha,147000000.0,108934778.0,67674872.0,74.11,91,281,32.38,41259906.0,330,325,5,
Jyotsna Charandas Mahant ,KORBA,Chhattisgarh,Lok Sabha,155153738.11,114747960.0,75564467.0,73.96,136,310,43.87,39183493.0,435,428,7,
BAG MITALI,ARAMBAG,West Bengal,Lok Sabha,147000000.0,108701505.0,53162451.0,73.95,90,186,48.39,55539054.0,100,96,4,
Dr. Parmar Jashvantsinh Salamsinh (2024-30),Sitting Rajya Sabha,Gujarat,Rajya Sabha,147000000.0,108602244.0,38994089.0,73.88,62,370,16.76,69608155.0,104,93,11,
Mahendra Singh Solanky,DEWAS,Madhya Pradesh,Lok Sabha,147000000.0,108538357.0,42062417.0,73.84,10,143,6.99,66475940.0,108,107,1,
Vaithilingam Ve,Puducherry,Puducherry,Lok Sabha,209368972.11,153891559.0,33557935.0,73.5,13,75,17.33,120333624.0,27,22,5,
HARENDRA SINGH MALIK,MUZAFFARNAGAR,Uttar Pradesh,Lok Sabha,147000000.0,107954919.0,45924912.0,73.44,32,221,14.48,62030007.0,143,121,22,
Dr. K. Laxman (2022-28),Sitting Rajya Sabha,Uttar Pradesh,Rajya Sabha,197637007.11,145129100.0,123809716.0,73.43,275,323,85.14,21319384.0,323,311,12,
ARUN NEHRU,PERAMBALUR,Tamil Nadu,Lok Sabha,147000000.0,107833157.0,69561568.0,73.36,54,82,65.85,38271589.0,82,81,1,
ARUN GOVIL,MEERUT,Uttar Pradesh,Lok Sabha,147000000.0,107650221.0,66737649.0,73.23,36,232,15.52,40912572.0,172,169,3,
GODAM NAGESH,ADILABAD,Telangana,Lok Sabha,147000000.0,107604990.0,35717086.0,73.2,80,357,22.41,71887904.0,142,142,0,
Daggubati Purandeshwari,RAJAHMUNDRY,Andhra Pradesh,Lok Sabha,147000000.0,107500000.0,14394558.0,73.13,3,37,8.11,93105442.0,13,13,0,
Ashok Kumar Yadav ,MADHUBANI,Bihar,Lok Sabha,147000000.0,107242559.0,70438959.0,72.95,81,189,42.86,36803600.0,132,132,0,
Shri Imran Pratapgarhi (2022-28),Sitting Rajya Sabha,Maharashtra,Rajya Sabha,196000000.0,142959046.0,102738277.0,72.94,53,108,49.07,40220769.0,75,75,0,
Vishnu Dayal Ram,PALAMU,Jharkhand,Lok Sabha,158176083.11,115360621.0,83852477.0,72.93,117,271,43.17,31508144.0,333,332,1,
ANGOMCHA BIMOL AKOIJAM,INNER MANIPUR,Manipur,Lok Sabha,147000000.0,107148946.0,93860392.0,72.89,21,47,44.68,13288554.0,67,67,0,
Dr. Syed Naseer Hussain (2024-30),Sitting Rajya Sabha,Karnataka,Rajya Sabha,147000000.0,106990000.0,52745755.0,72.78,3,69,4.35,54244245.0,44,44,0,
Rajkumar Chahar ,FATEHPUR SIKRI,Uttar Pradesh,Lok Sabha,147000000.0,106977092.0,96369831.0,72.77,45,50,90.0,10607261.0,92,92,0,
Shri Jairam Ramesh (2022-28),Sitting Rajya Sabha,Karnataka,Rajya Sabha,220563957.11,160447985.0,73553485.0,72.74,18,127,14.17,86894500.0,79,78,1,
DR.K.SUDHAKAR,CHIKBALLAPUR,Karnataka,Lok Sabha,147000000.0,106674028.0,38953975.0,72.57,18,164,10.98,67720053.0,138,134,4,
Shatrughan Sinha,ASANSOL,West Bengal,Lok Sabha,147000000.0,106621025.0,66966504.0,72.53,5,36,13.89,39654521.0,20,20,0,
Annpurna Devi ,KODARMA,Jharkhand,Lok Sabha,166665931.8,120671517.0,42079828.0,72.4,85,392,21.68,78591689.0,146,137,9,
Smt. Maya Naroliya (2024-30),Sitting Rajya Sabha,Madhya Pradesh,Rajya Sabha,147000000.0,106292558.0,70791767.0,72.31,16,156,10.26,35500791.0,181,172,9,
Bhagirath Chaudhary,AJMER,Rajasthan,Lok Sabha,147000000.0,106250674.0,47945999.0,72.28,58,155,37.42,58304675.0,643,557,86,
Shri Yerram Venkata Subba Reddy (2024-30),Sitting Rajya Sabha,Andhra Pradesh,Rajya Sabha,147000000.0,106057085.0,33232213.0,72.15,38,142,26.76,72824872.0,72,69,3,
Amol Ramsing Kolhe,SHIRUR,Maharashtra,Lok Sabha,147000000.0,105981153.0,21557613.0,72.1,15,111,13.51,84423540.0,26,25,1,
RAJEEV RAI,GHOSI,Uttar Pradesh,Lok Sabha,147000000.0,105878306.0,66462043.0,72.03,108,272,39.71,39416263.0,311,310,1,
K. RAJASHEKAR BASAVARAJ HITNAL,KOPPAL,Karnataka,Lok Sabha,147000000.0,105810099.0,66577182.0,71.98,67,193,34.72,39232917.0,200,200,0,
LAXMIKANT PAPPU NISHAD,SANT KABIR NAGAR,Uttar Pradesh,Lok Sabha,147000000.0,105543227.0,27502127.0,71.8,2,505,0.4,78041100.0,38,8,30,
Thalikkottai Rajuthevar Baalu,SRIPERUMBUDUR,Tamil Nadu,Lok Sabha,196905535.11,141333138.0,71998395.0,71.78,63,126,50.0,69334743.0,90,90,0,
KALI CHARAN SINGH,CHATRA,Jharkhand,Lok Sabha,147000000.0,105485624.0,51084747.0,71.76,75,511,14.68,54400877.0,296,265,31,
Shri Shantanu Thakur ,BANGAON,West Bengal,Lok Sabha,147000000.0,105418836.0,5993836.0,71.71,8,58,13.79,99425000.0,8,8,0,
ANAND BHADAURIYA,DHAURAHRA,Uttar Pradesh,Lok Sabha,147000000.0,105398057.33,78958947.0,71.7,132,184,71.74,26439110.33,373,360,13,
Shri Jayant Chaudhary (2022-28),Sitting Rajya Sabha,Uttar Pradesh,Rajya Sabha,214074707.67,153464505.0,43141697.0,71.69,8,24,33.33,110322808.0,25,22,3,
Parvatagouda Chandanagouda Gaddigoudar,BAGALKOT,Karnataka,Lok Sabha,167541747.11,119890438.0,64488186.0,71.56,92,225,40.89,55402252.0,237,232,5,
Omprakash Bhupalsinh Alias Pawan Rajenimbalkar,OSMANABAD,Maharashtra,Lok Sabha,184758519.11,132159818.0,28008430.0,71.53,30,190,15.79,104151388.0,44,41,3,
DAMODAR AGARWAL,BHILWARA,Rajasthan,Lok Sabha,147000000.0,105136339.0,59365927.0,71.52,105,250,42.0,45770412.0,854,796,58,
Shri Nagendra Ray (2023-29),Sitting Rajya Sabha,West Bengal,Rajya Sabha,171500000.0,122435034.68,91735859.0,71.39,2,22,9.09,30699175.680000007,14,13,1,
SHREYAS. M. PATEL,HASSAN,Karnataka,Lok Sabha,147000000.0,104821153.0,58673951.0,71.31,35,204,17.16,46147202.0,181,177,4,
Shri Derek O' Brien (2023-29),Sitting Rajya Sabha,West Bengal,Rajya Sabha,171500000.0,122271928.0,70787264.0,71.3,0,35,0.0,51484664.0,16,16,0,
Ms. Dola Sen (2023-29),Sitting Rajya Sabha,West Bengal,Rajya Sabha,171500000.0,122263190.0,69414332.0,71.29,1,27,3.7,52848858.0,20,20,0,
SELJA,SIRSA,Haryana,Lok Sabha,147000000.0,104747841.0,26548478.0,71.26,59,312,18.91,78199363.0,152,137,15,
Gumma Thanuja Rani,ARAKU,Andhra Pradesh,Lok Sabha,149458905.11,106480215.0,74148372.0,71.24,28,138,20.29,32331843.0,92,86,6,
Shri Samirul Islam (2023-29),Sitting Rajya Sabha,West Bengal,Rajya Sabha,171500000.0,121458527.0,71238651.0,70.82,0,57,0.0,50219876.0,17,17,0,
JAGADISH CHANDRA BARMA BASUNIA,COOCHBEHAR,West Bengal,Lok Sabha,168604641.11,119356958.0,36689865.0,70.79,1,96,1.04,82667093.0,41,41,0,
Smt. P. T. Usha (2022-28),Nominated Rajya Sabha,Kerala,Rajya Sabha,196063957.11,138646464.0,55206130.0,70.71,39,121,32.23,83440334.0,77,76,1,
GAURAV GOGOI,JORHAT,Assam,Lok Sabha,147000000.0,103945782.0,40746858.0,70.71,35,468,7.48,63198924.0,458,457,1,
Shri Neeraj Shekhar (2020-26),Sitting Rajya Sabha,Uttar Pradesh,Rajya Sabha,236483662.11,167023319.0,90266672.0,70.63,41,327,12.54,76756647.0,176,176,0,
Maddila Gurumoorthy,TIRUPATI,Andhra Pradesh,Lok Sabha,180399007.0,127353086.0,64637243.0,70.6,110,290,37.93,62715843.0,168,149,19,
Shri I.S. Inbadurai (2025-31),Sitting Rajya Sabha,Tamil Nadu,Rajya Sabha,89248285.42,63002801.0,15065385.0,70.59,15,83,18.07,47937416.0,31,31,0,
RAJABHAU,NASHIK,Maharashtra,Lok Sabha,152878682.11,107720864.0,47487714.0,70.46,21,110,19.09,60233150.0,50,45,5,
MALVIKA DEVI,KALAHANDI,Odisha,Lok Sabha,147000000.0,103289000.0,51104998.0,70.26,96,320,30.0,52184002.0,131,130,1,
Prasun Banerjee,HOWRAH,West Bengal,Lok Sabha,147000000.0,103186031.0,70699743.0,70.19,136,227,59.91,32486288.0,158,146,12,
VIRENDRA SINGH,CHANDAULI,Uttar Pradesh,Lok Sabha,147000000.0,103143714.0,86345853.0,70.17,13,32,40.63,16797861.0,49,45,4,
Prabhubhai Nagarbhai Vasava,BARDOLI,Gujarat,Lok Sabha,147000000.0,103087136.0,27468376.0,70.13,62,331,18.73,75618760.0,84,83,1,
Jitendra Singh,UDHAMPUR,Jammu And Kashmir,Lok Sabha,147000000.0,102965673.0,48296699.0,70.04,187,326,57.36,54668974.0,221,221,0,
SHAFI PARAMBIL,VADAKARA,Kerala,Lok Sabha,147000000.0,102753500.0,15909800.0,69.9,15,244,6.15,86843700.0,56,56,0,
Shri P. P. Suneer (2024-30),Sitting Rajya Sabha,Kerala,Rajya Sabha,122500000.0,85608775.0,18439441.0,69.88,19,90,21.11,67169334.0,31,31,0,
Shri Pramod Tiwari (2022-28),Sitting Rajya Sabha,Rajasthan,Rajya Sabha,196063957.11,136841358.0,101024659.0,69.79,65,130,50.0,35816699.0,220,218,2,
M.K. VISHNUPRASAD,CUDDALORE,Tamil Nadu,Lok Sabha,147000000.0,102530543.0,71744686.0,69.75,74,117,63.25,30785857.0,91,90,1,
Ms Mahua Moitra,KRISHNANAGAR,West Bengal,Lok Sabha,159865046.0,111302619.0,57382120.0,69.62,23,55,41.82,53920499.0,49,49,0,
GURMEET SINGH MEET HAYER,SANGRUR,Punjab,Lok Sabha,147000000.0,102301198.0,57218972.0,69.59,154,391,39.39,45082226.0,661,635,26,
Sasikanth Senthil,TIRUVALLUR,Tamil Nadu,Lok Sabha,171500000.0,119314874.0,89733784.0,69.57,87,182,47.8,29581090.0,134,133,1,
DURAI VAIKO,TIRUCHIRAPPALLI,Tamil Nadu,Lok Sabha,147000000.0,102033829.0,66737879.0,69.41,45,80,56.25,35295950.0,59,53,6,
Dr. Medha Vishram Kulkarni (2024-30),Sitting Rajya Sabha,Maharashtra,Rajya Sabha,147000000.0,101856671.0,41737818.0,69.29,31,105,29.52,60118853.0,49,49,0,
TOKHAN SAHU,BILASPUR,Chhattisgarh,Lok Sabha,147000000.0,101855274.0,55824852.0,69.29,41,131,31.3,46030422.0,158,152,6,
Swami Sachchidanandhari Sakshi ji Maharaj ,UNNAO,Uttar Pradesh,Lok Sabha,147000000.0,101824036.0,68421377.0,69.27,12,88,13.64,33402659.0,69,62,7,
Raju Bista,DARJEELING,West Bengal,Lok Sabha,147000000.0,101800825.0,43617451.0,69.25,82,169,48.52,58183374.0,92,92,0,
DR.MALLU RAVI,NAGARKURNOOL,Telangana,Lok Sabha,147000000.0,101693728.0,47000729.0,69.18,143,227,63.0,54692999.0,156,156,0,
Shri Rajib Bhattacharjee (2024-28),Sitting Rajya Sabha,Tripura,Rajya Sabha,122500000.0,84649344.0,34210580.0,69.1,18,58,31.03,50438764.0,39,37,2,
Smt. Jebi Mather Hisham (2022-28),Sitting Rajya Sabha,Kerala,Rajya Sabha,220563957.11,152298345.0,54661936.0,69.05,49,119,41.18,97636409.0,76,75,1,
Dr. V. Sivadasan (2021-27),Sitting Rajya Sabha,Kerala,Rajya Sabha,276720323.27,191022745.0,24863346.0,69.03,14,63,22.22,166159399.0,45,45,0,
Shri vijayakumar Vasanth,KANNIYAKUMARI,Tamil Nadu,Lok Sabha,171500000.0,118368762.0,61773452.0,69.02,39,101,38.61,56595310.0,67,65,2,
CHINTAMANI MAHARAJ,SARGUJA,Chhattisgarh,Lok Sabha,147000000.0,101457500.0,61420121.0,69.02,70,330,21.21,40037379.0,372,365,7,
Smt Dimple Yadav,MAINPURI,Uttar Pradesh,Lok Sabha,192042469.11,132519146.0,71873231.0,69.01,53,164,32.32,60645915.0,149,125,24,
Shri Kesridevsinh Jhala (2023-29),Sitting Rajya Sabha,Gujarat,Rajya Sabha,171500000.0,118319535.0,26663551.0,68.99,21,144,14.58,91655984.0,52,51,1,
Smt Aparajita Sarangi,BHUBANESWAR,Odisha,Lok Sabha,147420861.41,101650000.0,32303960.0,68.95,47,277,16.97,69346040.0,229,211,18,
RAMESH AWASTHI,KANPUR,Uttar Pradesh,Lok Sabha,147000000.0,101288419.0,75758324.0,68.9,48,140,34.29,25530095.0,98,98,0,
Kirti Vardhan Singh,GONDA,Uttar Pradesh,Lok Sabha,147000000.0,101059677.0,71075338.0,68.75,35,152,23.03,29984339.0,180,180,0,
Thiru Dayanidhi Maran,CHENNAI CENTRAL,Tamil Nadu,Lok Sabha,147000000.0,101000000.0,30478390.0,68.71,4,12,33.33,70521610.0,8,8,0,
SURESH KUMAR SHETKAR,ZAHIRABAD,Telangana,Lok Sabha,147000000.0,100971995.0,30460371.0,68.69,64,355,18.03,70511624.0,134,120,14,
BHASKAR MURLIDHAR BHAGARE,DINDORI,Maharashtra,Lok Sabha,147000000.0,100771173.0,34081627.0,68.55,19,121,15.7,66689546.0,37,35,2,
Saptagiri Sankar Ulaka,KORAPUT,Odisha,Lok Sabha,269500000.0,184589829.0,68050166.0,68.49,159,575,27.65,116539663.0,236,231,5,
Shri Randeep Singh Surjewala (2022-28),Sitting Rajya Sabha,Rajasthan,Rajya Sabha,196063957.11,134181665.0,61282096.0,68.44,55,148,37.16,72899569.0,279,254,25,
Shri Jual Oram,SUNDARGARH,Odisha,Lok Sabha,173096756.91,118328256.0,66763914.0,68.36,89,200,44.5,51564342.0,278,251,27,
SANATAN PANDEY,BALLIA,Uttar Pradesh,Lok Sabha,180420041.4,123305043.0,74595388.0,68.34,62,355,17.46,48709655.0,231,229,2,
SHOBHANABEN MAHENDRASINH BARAIYA,SABARKANTHA,Gujarat,Lok Sabha,147000000.0,100455464.0,53180570.0,68.34,122,279,43.73,47274894.0,147,140,7,
IMRAN MASOOD,SAHARANPUR,Uttar Pradesh,Lok Sabha,147000000.0,100422495.0,69261651.0,68.31,51,115,44.35,31160844.0,79,70,9,
Kamlesh Paswan,BANSGAON,Uttar Pradesh,Lok Sabha,147000000.0,100401614.0,41575201.0,68.3,0,125,0.0,58826413.0,84,76,8,
Rajnath Singh,LUCKNOW,Uttar Pradesh,Lok Sabha,154808797.11,105720976.0,74407887.0,68.29,31,102,30.39,31313089.0,74,71,3,
Bidyut Baran Mahato,JAMSHEDPUR,Jharkhand,Lok Sabha,147000000.0,100350597.0,75745972.0,68.27,2,178,1.12,24604625.0,189,189,0,
Dr. Dharmasthala Veerendra Heggade (2022-28),Nominated Rajya Sabha,Karnataka,Rajya Sabha,196063957.11,133450991.0,57878764.0,68.07,301,474,63.5,75572227.0,644,632,12,
Shri Anil Firojiya,UJJAIN,Madhya Pradesh,Lok Sabha,147000000.0,100035496.0,77471399.0,68.05,152,248,61.29,22564097.0,290,286,4,
Dr. Radha Mohan Das Agrawal (2022-28),Sitting Rajya Sabha,Uttar Pradesh,Rajya Sabha,203626524.67,138428596.0,72382614.0,67.98,15,45,33.33,66045982.0,54,54,0,
BACHHAV SHOBHA DINESH,DHULE,Maharashtra,Lok Sabha,147000000.0,99930794.0,15131243.0,67.98,13,91,14.29,84799551.0,16,12,4,
DHANORKAR PRATIBHA SURESH ALIAS BALUBHAU,CHANDRAPUR,Maharashtra,Lok Sabha,147000000.0,99915160.0,17964734.0,67.97,7,78,8.97,81950426.0,16,14,2,
MANOJ TIGGA,ALIPURDUARS,West Bengal,Lok Sabha,147000000.0,99802333.75,11379773.0,67.89,10,90,11.11,88422560.75,17,17,0,
DR DHARAMVIRA GANDHI,PATIALA,Punjab,Lok Sabha,147000000.0,99604797.0,53205652.0,67.76,62,360,17.22,46399145.0,1196,1188,8,
BUNTY VIVEK SAHU,CHHINDWARA,Madhya Pradesh,Lok Sabha,147000000.0,99480130.0,55619616.0,67.67,100,476,21.01,43860514.0,443,437,6,
Shri Sandosh Kumar P (2022-28),Sitting Rajya Sabha,Kerala,Rajya Sabha,220563957.11,149135962.0,55957933.0,67.62,29,104,27.88,93178029.0,72,71,1,
BHAUSAHEB RAJARAM WAKCHAURE,SHIRDI,Maharashtra,Lok Sabha,147000000.0,99116663.0,19420448.0,67.43,11,137,8.03,79696215.0,32,32,0,
Shri Anil Kumar Yadav Mandadi (2024-30),Sitting Rajya Sabha,Telangana,Rajya Sabha,147000000.0,98815709.0,54363174.0,67.22,71,105,67.62,44452535.0,73,73,0,
BABU SINGH KUSHWAHA,JAUNPUR,Uttar Pradesh,Lok Sabha,147000000.0,98603109.0,47327917.0,67.08,522,686,76.09,51275192.0,652,529,123,
BHARTI PARDHI,BALAGHAT,Madhya Pradesh,Lok Sabha,154398389.01,103486443.0,92426127.0,67.03,80,169,47.34,11060316.0,491,485,6,
BASAVARAJ BOMMAI,HAVERI,Karnataka,Lok Sabha,147000000.0,98450000.0,61561447.0,66.97,19,162,11.73,36888553.0,178,166,12,
Abu Taher Khan,MURSHIDABAD,West Bengal,Lok Sabha,147000000.0,98412625.0,37157978.0,66.95,172,328,52.44,61254647.0,183,176,7,
BALRAM NAIK PORIKA,MAHABUBABAD,Telangana,Lok Sabha,147000000.0,98090650.0,72320239.0,66.73,238,359,66.3,25770411.0,292,292,0,
DEVESH SHAKYA,ETAH,Uttar Pradesh,Lok Sabha,147000000.0,98064205.0,81351075.0,66.71,220,339,64.9,16713130.0,581,581,0,
E. TUKARAM,BELLARY,Karnataka,Lok Sabha,147000000.0,98000000.0,19971722.0,66.67,2,91,2.2,78028278.0,34,25,9,
GAIKWAD VARSHA EKNATH,MUMBAI NORTH-CENTRAL,Maharashtra,Lok Sabha,147000000.0,98000000.0,92563767.0,66.67,0,57,0.0,5436233.0,54,51,3,
Piyush Vedprakash Goyal,MUMBAI NORTH,Maharashtra,Lok Sabha,147000000.0,98000000.0,30848998.0,66.67,0,49,0.0,67151002.0,17,13,4,
RADHAKRISHNA,GULBARGA,Karnataka,Lok Sabha,147000000.0,98000000.0,3254664.0,66.67,0,29,0.0,94745336.0,2,2,0,
RAKIBUL HUSSAIN,DHUBRI,Assam,Lok Sabha,147000000.0,97999429.0,48853373.0,66.67,25,179,13.97,49146056.0,142,136,6,
ANUP SANJAY DHOTRE,AKOLA,Maharashtra,Lok Sabha,147000000.0,97997749.0,51045667.0,66.67,41,100,41.0,46952082.0,69,68,1,
PARIMAL SUKLABAIDYA,SILCHAR,Assam,Lok Sabha,148300157.11,98800000.0,5511762.0,66.62,0,153,0.0,93288238.0,13,10,3,
Shri Tejveer Singh (2024-30),Sitting Rajya Sabha,Uttar Pradesh,Rajya Sabha,147000000.0,97931969.0,89900058.0,66.62,53,86,61.63,8031911.0,152,152,0,
UJJWAL RAMAN SINGH,ALLAHABAD,Uttar Pradesh,Lok Sabha,147000000.0,97921663.0,64478327.0,66.61,3,31,9.68,33443336.0,67,61,6,
CHHATRAPATI SHAHU SHAHAJI,KOLHAPUR,Maharashtra,Lok Sabha,147000000.0,97910291.0,33696592.0,66.61,22,101,21.78,64213699.0,34,34,0,
Pratima Mondal ,JOYNAGAR,West Bengal,Lok Sabha,147000000.0,97852478.0,74379705.0,66.57,170,223,76.23,23472773.0,185,185,0,
Shri Hanuman Beniwal,NAGAUR,Rajasthan,Lok Sabha,147000000.0,97848293.0,68636220.0,66.56,177,250,70.8,29212073.0,318,315,3,
Sanjay Seth ,RANCHI,Jharkhand,Lok Sabha,147064357.11,97792648.0,88234955.0,66.5,49,150,32.67,9557693.0,245,245,0,
Shri Ratanjit Pratap Narain Singh (2024-30),Sitting Rajya Sabha,Uttar Pradesh,Rajya Sabha,147000000.0,97712398.0,89937432.0,66.47,83,125,66.4,7774966.0,215,213,2,
CN Annadurai,TIRUVANNAMALAI,Tamil Nadu,Lok Sabha,148579509.11,98733161.0,88000808.0,66.45,171,194,88.14,10732353.0,181,181,0,
BALABHADRA MAJHI,NABARANGPUR,Odisha,Lok Sabha,147413962.11,97946556.0,15470212.0,66.44,20,220,9.09,82476344.0,129,129,0,
AKSHAYA YADAV,FIROZABAD,Uttar Pradesh,Lok Sabha,147000000.0,97654158.0,95931875.0,66.43,37,43,86.05,1722283.0,83,83,0,
Pankaj Chowdhary,MAHARAJGANJ,Uttar Pradesh,Lok Sabha,147000000.0,97560284.0,95676373.0,66.37,38,49,77.55,1883911.0,94,94,0,
RACHNA BANERJEE,HOOGHLY,West Bengal,Lok Sabha,147000000.0,97541824.44,34234471.0,66.35,36,101,35.64,63307353.44,54,54,0,
Shri Kanad Purkayastha (2025-31),Sitting Rajya Sabha,Assam,Rajya Sabha,98000000.0,65000000.0,28001397.0,66.33,0,50,0.0,36998603.0,37,34,3,
Smt. Sagarika Ghose (2024-30),Sitting Rajya Sabha,West Bengal,Rajya Sabha,147000000.0,97500000.0,47289873.0,66.33,0,13,0.0,50210127.0,16,16,0,
AMARSING TISSO,Diphu,Assam,Lok Sabha,147000000.0,97483742.0,69670509.0,66.32,41,94,43.62,27813233.0,192,172,20,
Sunil Dattatray Tatkare,RAIGAD,Maharashtra,Lok Sabha,147000000.0,97291356.0,59406128.0,66.18,18,62,29.03,37885228.0,74,73,1,
CHANDAN CHAUHAN,BIJNOR,Uttar Pradesh,Lok Sabha,147000000.0,97231575.0,81941111.0,66.14,14,116,12.07,15290464.0,214,189,25,
AASHTIKAR PATIL NAGESH BAPURAO,HINGOLI,Maharashtra,Lok Sabha,190289442.0,125834805.0,67522042.0,66.13,38,103,36.89,58312763.0,68,68,0,
Smt. Rajathi (2025-31),Sitting Rajya Sabha,Tamil Nadu,Rajya Sabha,89248285.42,59000000.0,21237106.0,66.11,16,55,29.09,37762894.0,23,21,2,
Jai Prakash,HARDOI,Uttar Pradesh,Lok Sabha,147000000.0,97070110.0,85755277.0,66.03,3,24,12.5,11314833.0,47,47,0,
SHRIMANT CHH UDAYANRAJE PRATAPSINHAMAHARAJ BHONSLE,SATARA,Maharashtra,Lok Sabha,147000000.0,96998677.0,16135149.0,65.99,16,134,11.94,80863528.0,21,21,0,
UTKARSH VERMA MADHUR,KHERI,Uttar Pradesh,Lok Sabha,147000000.0,96898322.0,74909150.0,65.92,347,360,96.39,21989172.0,699,699,0,
Thirumaa Valavan Thol,CHIDAMBARAM,Tamil Nadu,Lok Sabha,147000000.0,96815007.0,69998691.0,65.86,45,80,56.25,26816316.0,81,79,2,
Shri Mohammed Nadimul Haque (2024-30),Sitting Rajya Sabha,West Bengal,Rajya Sabha,147000000.0,96799500.0,45077861.0,65.85,1,19,5.26,51721639.0,16,16,0,
JITAN RAM MANJHI,GAYA,Bihar,Lok Sabha,147000000.0,96708097.0,61586729.0,65.79,152,260,58.46,35121368.0,191,190,1,
Saumitra khan ,BISHNUPUR,West Bengal,Lok Sabha,147000000.0,96703695.0,57558347.0,65.78,48,82,58.54,39145348.0,52,49,3,
VISHWESHWAR HEGDE KAGERI,UTTARA KANNADA,Karnataka,Lok Sabha,147000000.0,96600000.0,34850000.0,65.71,30,143,20.98,61750000.0,85,82,3,
VINOD KUMAR BIND,BHADOHI,Uttar Pradesh,Lok Sabha,147000000.0,96578170.0,75517267.0,65.7,407,544,74.82,21060903.0,525,418,107,
Shri Amar Pal Maurya (2024-30),Sitting Rajya Sabha,Uttar Pradesh,Rajya Sabha,147000000.0,96524000.0,26365566.0,65.66,18,138,13.04,70158434.0,33,30,3,
JUNE MALIAH,MEDINIPUR,West Bengal,Lok Sabha,147000000.0,96497530.0,36949288.0,65.64,7,31,22.58,59548242.0,27,25,2,
Pralhad Venkatesh Joshi,DHARWAD,Karnataka,Lok Sabha,147000000.0,96324932.0,20761060.0,65.53,28,204,13.73,75563872.0,66,55,11,
Manickam Tagore B,VIRUDHUNAGAR,Tamil Nadu,Lok Sabha,147000000.0,96301542.0,90165437.0,65.51,69,86,80.23,6136105.0,93,93,0,
DR BYREDDY SHABARI,NANDYAL,Andhra Pradesh,Lok Sabha,150675889.11,98690498.0,50709419.0,65.5,70,198,35.35,47981079.0,116,116,0,
SAGAR ESHWAR KHANDRE,BIDAR,Karnataka,Lok Sabha,147000000.0,96254497.0,15422826.0,65.48,5,178,2.81,80831671.0,50,46,4,
Shri Subhasish Khuntia (2024-30),Sitting Rajya Sabha,Odisha,Rajya Sabha,147000000.0,96250000.0,6285385.0,65.48,3,222,1.35,89964615.0,34,31,3,
Mala Roy ,KOLKATA DAKSHIN,West Bengal,Lok Sabha,147000000.0,96138946.0,61582788.0,65.4,32,75,42.67,34556158.0,65,64,1,
SUDHA R,MAYILADUTHURAI,Tamil Nadu,Lok Sabha,147332315.11,96229000.0,37515130.0,65.31,23,149,15.44,58713870.0,53,38,15,
ADHIKARI SOUMENDU,KANTHI,West Bengal,Lok Sabha,147000000.0,95934382.0,38304241.0,65.26,29,70,41.43,57630141.0,31,31,0,
Shri Sadanand Mhalu Shet Tanavade (2023-29),Sitting Rajya Sabha,Goa,Rajya Sabha,171500000.0,111734773.99,37836353.99,65.15,10,41,24.39,73898420.0,26,26,0,
Shri Abhishek Banerjee,DIAMOND HARBOUR,West Bengal,Lok Sabha,147000000.0,95717514.0,71510891.0,65.11,200,320,62.5,24206623.0,262,262,0,
MANJU SHARMA,JAIPUR,Rajasthan,Lok Sabha,167082901.11,108787769.0,21994861.0,65.11,13,69,18.84,86792908.0,29,28,1,
DAROGA PRASAD SAROJ,LALGANJ,Uttar Pradesh,Lok Sabha,147000000.0,95667378.0,82499872.0,65.08,58,294,19.73,13167506.0,282,253,29,
DHARMENDRA YADAV,AZAMGARH,Uttar Pradesh,Lok Sabha,147000000.0,95526844.0,61248647.0,64.98,16,67,23.88,34278197.0,53,50,3,
H.D. KUMARASWAMY,MANDYA,Karnataka,Lok Sabha,147000000.0,95500000.0,46075000.0,64.97,7,147,4.76,49425000.0,130,117,13,
G. KUMAR NAIK,RAICHUR,Karnataka,Lok Sabha,147000000.0,95495548.0,24271564.0,64.96,9,128,7.03,71223984.0,48,44,4,
Kalyan Banerjee,SREERAMPUR,West Bengal,Lok Sabha,147000000.0,95384010.0,76719145.0,64.89,84,119,70.59,18664865.0,110,110,0,
KRITI DEVI DEBBARMAN,TRIPURA EAST,Tripura,Lok Sabha,147000000.0,95286310.0,32934783.0,64.82,13,42,30.95,62351527.0,24,24,0,
Shri Mahendra Bhatt (2024-30),Sitting Rajya Sabha,Uttarakhand,Rajya Sabha,147000000.0,95273231.0,23254909.0,64.81,11,126,8.73,72018322.0,159,158,1,
PRAVEEN PATEL,PHULPUR,Uttar Pradesh,Lok Sabha,151559884.09,98136533.0,95102075.0,64.75,14,24,58.33,3034458.0,37,35,2,
CAPTAIN BRIJESH CHOWTA,DAKSHINA KANNADA,Karnataka,Lok Sabha,147000000.0,95117059.0,52228767.0,64.71,75,206,36.41,42888292.0,108,95,13,
Smt Sajda Ahmed,ULUBERIA,West Bengal,Lok Sabha,147000000.0,94947352.0,47622814.0,64.59,92,174,52.87,47324538.0,113,109,4,
Shri M K Raghavan,KOZHIKODE,Kerala,Lok Sabha,147000000.0,94826385.0,9365325.0,64.51,15,268,5.6,85461060.0,26,26,0,
Shri Arjun Ram Meghwal,BIKANER,Rajasthan,Lok Sabha,147000000.0,94811888.0,34147300.0,64.5,17,76,22.37,60664588.0,46,43,3,
ABHIJIT GANGOPADHYAY,TAMLUK,West Bengal,Lok Sabha,147000000.0,94805281.78,41397394.78,64.49,74,265,27.92,53407887.0,128,122,6,
Andimuthu Raja,NILGIRIS,Tamil Nadu,Lok Sabha,147000000.0,94783219.0,71485310.0,64.48,73,114,64.04,23297909.0,87,87,0,
GM Harish Balayogi,AMALAPURAM,Andhra Pradesh,Lok Sabha,147000000.0,94713343.0,54891857.0,64.43,41,108,37.96,39821486.0,68,66,2,
ARUP CHAKRABORTY,BANKURA,West Bengal,Lok Sabha,147000000.0,94625897.0,55795450.0,64.37,40,70,57.14,38830447.0,42,42,0,
Dr Shashi Tharoor,THIRUVANANTHAPURAM,Kerala,Lok Sabha,147000000.0,94591330.0,41754577.0,64.35,40,114,35.09,52836753.0,61,61,0,
Kiren Rijiju,ARUNACHAL WEST,Arunachal Pradesh,Lok Sabha,147000000.0,94263249.0,87533016.0,64.12,114,131,87.02,6730233.0,162,156,6,
Kangana Ranaut,MANDI,Himachal Pradesh,Lok Sabha,147000000.0,94241903.0,56986009.0,64.11,73,316,23.1,37255894.0,395,328,67,
PRABHAKAR REDDY VEMIREDDY,NELLORE,Andhra Pradesh,Lok Sabha,147000000.0,94235727.0,73610054.0,64.11,126,153,82.35,20625673.0,136,136,0,
Shri Sarbananda Sonowal (18LS),DIBRUGARH,Assam,Lok Sabha,147000000.0,94042773.0,23919705.0,63.97,3,87,3.45,70123068.0,63,63,0,
JAGADISH SHETTAR,BELGAUM,Karnataka,Lok Sabha,147000000.0,94000000.0,10222651.0,63.95,1,172,0.58,83777349.0,30,28,2,
PRIYANKA SATISH JARKIHOLI,CHIKKODI,Karnataka,Lok Sabha,147000000.0,93670772.0,18773055.0,63.72,16,159,10.06,74897717.0,38,34,4,
Krishna Prasad Tenneti,BAPATLA,Andhra Pradesh,Lok Sabha,167796849.11,106632500.0,18515817.0,63.55,6,124,4.84,88116683.0,25,21,4,
AMBICA G LAKSHMINARAYANA VALMIKI,ANANTAPUR,Andhra Pradesh,Lok Sabha,201899064.11,128194365.0,62202871.0,63.49,42,155,27.1,65991494.0,81,81,0,
AMRINDER SINGH RAJA WARRING,LUDHIANA,Punjab,Lok Sabha,147000000.0,93219872.0,34113487.0,63.41,59,242,24.38,59106385.0,329,326,3,
LUMBARAM,JALORE,Rajasthan,Lok Sabha,147000000.0,93201156.0,61556876.0,63.4,79,179,44.13,31644280.0,610,609,1,
AVIMANYU SETHI,BHADRAK,Odisha,Lok Sabha,147000000.0,92895000.0,23316575.0,63.19,27,278,9.71,69578425.0,73,65,8,
Shri Narendra Modi,VARANASI,Uttar Pradesh,Lok Sabha,162070276.11,102171252.0,89119541.0,63.04,192,216,88.89,13051711.0,192,155,37,
DR KALGE SHIVAJI BANDAPPA,LATUR,Maharashtra,Lok Sabha,147000000.0,92583651.0,28846420.0,62.98,26,117,22.22,63737231.0,34,33,1,
Shri  Dharambir Singh,BHIWANI MAHENDRAGARH,Haryana,Lok Sabha,147000000.0,92507587.0,66166803.0,62.93,103,204,50.49,26340784.0,187,185,2,
ZIA UR REHMAN,SAMBHAL,Uttar Pradesh,Lok Sabha,147000000.0,92403610.85,53111753.0,62.86,0,325,0.0,39291857.85,332,316,16,
Shri Mayankkumar Nayak (2024-30),Sitting Rajya Sabha,Gujarat,Rajya Sabha,147000000.0,92356983.0,19560868.0,62.83,20,171,11.7,72796115.0,66,66,0,
Anurag Sharma ,JHANSI,Uttar Pradesh,Lok Sabha,147000000.0,92350864.0,67201462.0,62.82,85,162,52.47,25149402.0,242,235,7,
Shri Subhash Barala (2024-30),Sitting Rajya Sabha,Haryana,Rajya Sabha,147000000.0,92126165.0,29532538.0,62.67,4,84,4.76,62593627.0,61,61,0,
AGA SYED RUHULLAH MEHDI,SRINAGAR,Jammu And Kashmir,Lok Sabha,147000000.0,91972368.1,20822671.0,62.57,62,199,31.16,71149697.1,80,65,15,
Vijay Kumar Hansdak,RAJMAHAL,Jharkhand,Lok Sabha,147223957.11,91979000.0,28886697.0,62.48,0,468,0.0,63092303.0,302,302,0,
CHANDRA SHEKHAR,NAGINA,Uttar Pradesh,Lok Sabha,147000000.0,91755170.0,87033825.0,62.42,286,507,56.41,4721345.0,893,784,109,
RABINDRA NARAYAN BEHERA,JAJPUR,Odisha,Lok Sabha,147064617.11,91739853.0,9146086.0,62.38,3,203,1.48,82593767.0,41,41,0,
CHAMALA KIRAN KUMAR REDDY,BHONGIR,Telangana,Lok Sabha,147000000.0,91661853.0,62689273.0,62.36,417,495,84.24,28972580.0,434,434,0,
SUNIL BOSE,CHAMARAJANAGAR,Karnataka,Lok Sabha,147000000.0,91548698.0,50427615.0,62.28,24,110,21.82,41121083.0,96,96,0,
DHARMENDRA PRADHAN,SAMBALPUR,Odisha,Lok Sabha,147000000.0,91453000.0,9704141.0,62.21,2,115,1.74,81748859.0,31,21,10,
KONDA VISHWESHWAR REDDY,CHELVELLA,Telangana,Lok Sabha,233721420.96,145225175.0,57338256.0,62.14,180,519,34.68,87886919.0,215,214,1,
Shri C. Sadanandan Master (2025-31),Nominated Rajya Sabha,Kerala,Rajya Sabha,73500000.0,45660000.0,0.0,62.12,0,55,0.0,45660000.0,0,0,0,
Ravindra Shyamnarayan Alias Ravi Kishan Shukla,GORAKHPUR,Uttar Pradesh,Lok Sabha,147000000.0,91202258.78,12572509.0,62.04,0,96,0.0,78629749.78,10,10,0,
Shri Jogen Mohan (2026-32),Sitting Rajya Sabha,Assam,Rajya Sabha,49000000.0,30400000.0,1500000.0,62.04,0,22,0.0,28900000.0,1,0,1,
CHANDUBHAI CHHAGANBHAI SHIHORA,SURENDRANAGAR,Gujarat,Lok Sabha,147000000.0,91125607.0,59546562.0,61.99,100,209,47.85,31579045.0,211,208,3,
Mala Rajya Laxmi Shah ,TEHRI GARHWAL,Uttarakhand,Lok Sabha,147000000.0,90920802.0,57285791.0,61.85,84,224,37.5,33635011.0,371,367,4,
VISHAL,SANGLI,Maharashtra,Lok Sabha,147000000.0,90905332.0,21614077.0,61.84,11,84,13.1,69291255.0,22,20,2,
DR. PRABHA MALLIKARJUN,DAVANAGERE,Karnataka,Lok Sabha,147000000.0,90800000.0,57444696.0,61.77,5,93,5.38,33355304.0,90,90,0,
Faggan Singh Kulaste,MANDLA,Madhya Pradesh,Lok Sabha,151861648.41,93644136.0,55170668.0,61.66,31,298,10.4,38473468.0,290,286,4,
ASHISH DUBEY,JABALPUR,Madhya Pradesh,Lok Sabha,147000000.0,90627308.0,23263814.0,61.65,15,346,4.34,67363494.0,138,138,0,
Giriraj Singh,BEGUSARAI,Bihar,Lok Sabha,147000000.0,90474432.0,32994877.0,61.55,17,67,25.37,57479555.0,38,37,1,
SELVARAJ V,NAGAPATTINAM,Tamil Nadu,Lok Sabha,147000000.0,90469314.0,50673389.0,61.54,46,84,54.76,39795925.0,61,61,0,
Smt Supriya Sadanand Sule,BARAMATI,Maharashtra,Lok Sabha,147000000.0,90455903.0,25041557.0,61.53,10,126,7.94,65414346.0,34,32,2,
RADHE SHYAM RATHIYA,RAIGARH,Chhattisgarh,Lok Sabha,159706972.09,97841529.0,80849803.0,61.26,72,138,52.17,16991726.0,213,209,4,
JYOTIRADITYA M. SCINDIA,GUNA,Madhya Pradesh,Lok Sabha,147000000.0,89874298.0,55870850.0,61.14,46,63,73.02,34003448.0,99,98,1,
PHANI BHUSAN CHOUDHURY,BARPETA,Assam,Lok Sabha,147000000.0,89528000.0,42756247.0,60.9,3,87,3.45,46771753.0,106,103,3,
BAIJAYANT PANDA,KENDRAPARA,Odisha,Lok Sabha,147000000.0,89070000.0,17127535.0,60.59,8,56,14.29,71942465.0,28,28,0,
D M Kathir Anand,VELLORE,Tamil Nadu,Lok Sabha,160196941.11,97061477.0,37215042.0,60.59,15,83,18.07,59846435.0,41,39,2,
ANITA NAGARSINGH CHOUHAN,RATLAM,Madhya Pradesh,Lok Sabha,147000000.0,88997643.0,55091448.0,60.54,76,203,37.44,33906195.0,228,226,2,
MAHIMA KUMARI MEWAR,RAJSAMAND,Rajasthan,Lok Sabha,183892143.0,111207166.0,48238044.0,60.47,26,134,19.4,62969122.0,272,267,5,
Jagdambika Pal,DOMARIYAGANJ,Uttar Pradesh,Lok Sabha,160643957.11,97048500.0,38873088.0,60.41,1,75,1.33,58175412.0,50,50,0,
NARAYAN TATU RANE,RATNAGIRI-SINDHUDURG,Maharashtra,Lok Sabha,147000000.0,88763191.0,22993974.0,60.38,25,96,26.04,65769217.0,39,39,0,
DR RAJKUMAR SANGWAN,BAGHPAT,Uttar Pradesh,Lok Sabha,147000000.0,88712863.0,36662976.0,60.35,16,119,13.45,52049887.0,78,77,1,
PATHAN YUSUF,BAHARAMPUR,West Bengal,Lok Sabha,147000000.0,88677631.0,9360897.0,60.32,1,145,0.69,79316734.0,7,4,3,
ESWARASAMY K,POLLACHI,Tamil Nadu,Lok Sabha,162315106.11,97904192.0,59028493.0,60.32,47,81,58.02,38875699.0,59,58,1,
SHAMBHAVI,SAMASTIPUR,Bihar,Lok Sabha,147000000.0,88544621.0,29478647.0,60.23,21,127,16.54,59065974.0,39,30,9,
KADIYAM KAVYA,WARANGEL,Telangana,Lok Sabha,147000000.0,88497843.0,27189421.0,60.2,53,214,24.77,61308422.0,73,73,0,
Kamaljeet Sehrawat,WEST DELHI,Delhi,Lok Sabha,147000000.0,88481527.0,13075365.0,60.19,31,65,47.69,75406162.0,34,33,1,
MUHAMMED HAMDULLAH SAYEED,LAKSHADWEEP,Lakshadweep,Lok Sabha,153942460.41,92492350.0,39337535.0,60.08,2,28,7.14,53154815.0,20,20,0,
KAMAKHYA PRASAD TASA,Kaziranga,Assam,Lok Sabha,147000000.0,88319000.0,13430602.0,60.08,0,88,0.0,74888398.0,40,40,0,
BAJRANG MANOHAR SONWANE,BEED,Maharashtra,Lok Sabha,165899107.19,99463933.0,37977152.0,59.95,20,100,20.0,61486781.0,39,39,0,
Shri S.R. Sivalingam (2025-31),Sitting Rajya Sabha,Tamil Nadu,Rajya Sabha,89248285.42,53266677.0,27371677.0,59.68,24,54,44.44,25895000.0,25,25,0,
ADV GOWAAL KAGADA PADAVI,NANDURBAR,Maharashtra,Lok Sabha,147816309.11,88135530.0,32041066.0,59.63,189,279,67.74,56094464.0,189,189,0,
E.T. MOHAMMED BASHEER,MALAPPURAM,Kerala,Lok Sabha,163895872.11,97648170.0,36606844.0,59.58,43,190,22.63,61041326.0,74,73,1,
K. C VENUGOPAL,ALAPPUZHA,Kerala,Lok Sabha,147000000.0,87573664.0,44331588.0,59.57,37,89,41.57,43242076.0,67,67,0,
SANJAY DINA PATIL,MUMBAI NORTH EAST,Maharashtra,Lok Sabha,147000000.0,87500000.0,5955517.0,59.52,0,40,0.0,81544483.0,3,2,1,
Dr Chandra Sekhar Pemmasani,GUNTUR,Andhra Pradesh,Lok Sabha,159774113.11,95101846.0,39657891.0,59.52,9,96,9.38,55443955.0,46,44,2,
Ram Shiromani,SHRAWASTI,Uttar Pradesh,Lok Sabha,151746878.11,90062310.0,16300060.0,59.35,0,1357,0.0,73762250.0,58,3,55,
Mr Gopal Jee Thakur,DARBHANGA,Bihar,Lok Sabha,147000000.0,87205268.0,75767756.0,59.32,59,179,32.96,11437512.0,156,156,0,
GOPINATH K,KRISHNAGIRI,Tamil Nadu,Lok Sabha,147000000.0,87039009.0,42753233.0,59.21,36,96,37.5,44285776.0,57,57,0,
Shri Nitin Laxmanrao Jadhav Patil (2024-28),Sitting Rajya Sabha,Maharashtra,Rajya Sabha,122500000.0,72450000.0,4496048.0,59.14,4,60,6.67,67953952.0,4,3,1,
S Venkatesan,MADURAI,Tamil Nadu,Lok Sabha,147000000.0,86773440.0,50415867.0,59.03,46,127,36.22,36357573.0,73,71,2,
Shri Janardan Singh Sigriwal ,MAHARAJGANJ,Bihar,Lok Sabha,147000000.0,86339856.0,47230253.0,58.73,27,74,36.49,39109603.0,45,44,1,
Santosh Pandey,RAJNANDGAON,Chhattisgarh,Lok Sabha,147000000.0,86253260.0,62035049.0,58.68,72,177,40.68,24218211.0,251,244,7,
Shri Balyogi Umeshnath (2024-30),Sitting Rajya Sabha,Madhya Pradesh,Rajya Sabha,147000000.0,86195980.0,42047000.0,58.64,11,80,13.75,44148980.0,84,80,4,
Chandra Prakash Joshi,CHITTORGARH,Rajasthan,Lok Sabha,147000000.0,85832214.0,4980185.0,58.39,10,196,5.1,80852029.0,42,41,1,
DR. SHARMILA SARKAR,BARDHAMAN PURBA,West Bengal,Lok Sabha,147000000.0,85735589.0,21224009.0,58.32,17,111,15.32,64511580.0,33,25,8,
Shri Sanjay Seth (2024-30),Sitting Rajya Sabha,Uttar Pradesh,Rajya Sabha,147000000.0,85520963.0,56357801.0,58.18,19,59,32.2,29163162.0,48,46,2,
SAYANI GHOSH,JADAVPUR,West Bengal,Lok Sabha,147000000.0,85269420.0,49785004.0,58.01,115,214,53.74,35484416.0,129,129,0,
LOVELY ANAND,SHEOHAR,Bihar,Lok Sabha,147000000.0,84963896.0,43561211.0,57.8,25,90,27.78,41402685.0,39,37,2,
VIVEK THAKUR,NAWADA,Bihar,Lok Sabha,147000000.0,84770897.0,6537792.0,57.67,1,85,1.18,78233105.0,9,5,4,
Smt Poonamben Hematbhai Maadam,JAMNAGAR,Gujarat,Lok Sabha,147000000.0,84730944.0,26767387.0,57.64,48,179,26.82,57963557.0,62,57,5,
BRIJENDRA SINGH OLA,JHUNJHUNU,Rajasthan,Lok Sabha,147000000.0,84117714.0,57494662.0,57.22,94,167,56.29,26623052.0,450,448,2,
TARIQ ANWAR,KATIHAR,Bihar,Lok Sabha,147000000.0,83725060.0,79735060.0,56.96,60,86,69.77,3990000.0,82,82,0,
Dr. L. Murugan (2024-30),Sitting Rajya Sabha,Madhya Pradesh,Rajya Sabha,147000000.0,83449574.0,38699774.0,56.77,6,38,15.79,44749800.0,40,39,1,
SUKANTA KUMAR PANIGRAHI,KANDHAMAL,Odisha,Lok Sabha,190712424.11,107662769.0,54209040.0,56.45,148,353,41.93,53453729.0,352,347,5,
NAVEEN JINDAL,KURUKSHETRA,Haryana,Lok Sabha,147000000.0,82874956.0,61262363.0,56.38,118,200,59.0,21612593.0,257,255,2,
ANIL YESHWANT DESAI,MUMBAI SOUTH CENTRAL,Maharashtra,Lok Sabha,147000000.0,82800000.0,7792570.0,56.33,0,34,0.0,75007430.0,4,3,1,
Ajay Kumar Mandal,BHAGALPUR,Bihar,Lok Sabha,147000000.0,82721490.0,75252620.0,56.27,57,74,77.03,7468870.0,71,71,0,
DEVESH CHANDRA THAKUR,SITAMARHI,Bihar,Lok Sabha,163809205.11,92125840.0,41894417.0,56.24,119,201,59.2,50231423.0,129,129,0,
NIMUBEN JAYANTIBHAI BAMBHANIYA,BHAVNAGAR,Gujarat,Lok Sabha,147000000.0,82658143.0,25662379.0,56.23,28,85,32.94,56995764.0,34,34,0,
DINESHBHAI MAKWANA,AHMEDABAD WEST,Gujarat,Lok Sabha,160434965.11,89841605.0,25122452.0,56.0,2,207,0.97,64719153.0,4,4,0,
BAPI HALDAR,MATHURAPUR,West Bengal,Lok Sabha,147000000.0,82108066.0,39420540.0,55.86,89,169,52.66,42687526.0,102,101,1,
RAJESH VERMA,KHAGARIA,Bihar,Lok Sabha,147000000.0,81855498.0,74186362.0,55.68,67,76,88.16,7669136.0,69,69,0,
DR. HEMANT VISHNU SAVARA,PALGHAR,Maharashtra,Lok Sabha,147000000.0,81749000.0,12275200.0,55.61,1,85,1.18,69473800.0,15,11,4,
MANISH JAISWAL,HAZARIBAGH,Jharkhand,Lok Sabha,147000000.0,81513050.0,0.0,55.45,0,164,0.0,81513050.0,0,0,0,
Sanjay Haribhau Jadhav,PARBHANI,Maharashtra,Lok Sabha,147000000.0,81454456.0,40999822.0,55.41,28,84,33.33,40454634.0,49,49,0,
JITIN PRASADA,PILIBHIT,Uttar Pradesh,Lok Sabha,147000000.0,80889964.0,41842816.0,55.03,22,59,37.29,39047148.0,106,104,2,
BHARAT SINGH KUSHWAH,GWALIOR,Madhya Pradesh,Lok Sabha,151455276.04,83032458.0,13676652.0,54.82,4,126,3.17,69355806.0,41,40,1,
MANNA LAL RAWAT,UDAIPUR,Rajasthan,Lok Sabha,147000000.0,80297895.0,36354199.0,54.62,24,208,11.54,43943696.0,207,169,38,
Dr Sukanta Majumdar ,BALURGHAT,West Bengal,Lok Sabha,157085364.9,85690601.8,26156776.0,54.55,33,186,17.74,59533825.8,51,51,0,
Pradan Baruah,LAKHIMPUR,Assam,Lok Sabha,147000000.0,80049800.0,57613604.0,54.46,33,148,22.3,22436196.0,181,175,6,
RAHUL SINGH LODHI,DAMOH,Madhya Pradesh,Lok Sabha,163058785.37,88730852.0,72714957.0,54.42,176,299,58.86,16015895.0,342,341,1,
AMRARAM,SIKAR,Rajasthan,Lok Sabha,165691544.11,89877472.0,38165228.0,54.24,50,171,29.24,51712244.0,313,294,19,
Sudip Bandyopadhyay,KOLKATA UTTAR,West Bengal,Lok Sabha,147000000.0,79627830.0,46311063.0,54.17,9,37,24.32,33316767.0,31,31,0,
BISHNU PADA RAY,ANDAMAN AND NICOBAR ISLANDS,Andaman And Nicobar Islands,Lok Sabha,147000000.0,79615803.0,15498347.0,54.16,0,29,0.0,64117456.0,9,9,0,
Shri Praful Patel (2024-30),Sitting Rajya Sabha,Maharashtra,Rajya Sabha,147000000.0,79519538.0,25836264.0,54.09,22,116,18.97,53683274.0,38,37,1,
Dushyant Singh,JHALAWAR-BARAN,Rajasthan,Lok Sabha,147000000.0,79498880.0,6025816.0,54.08,0,196,0.0,73473064.0,26,25,1,
Smt Sangeeta Kumari Singh Deo,BOLANGIR,Odisha,Lok Sabha,147000000.0,79450000.0,4193424.0,54.05,3,228,1.32,75256576.0,14,13,1,
Shri Sujeet Kumar (2026-32),Sitting Rajya Sabha,Odisha,Rajya Sabha,49000000.0,26350000.0,0.0,53.78,0,35,0.0,26350000.0,0,0,0,
Shri A. A. Rahim (2022-28),Sitting Rajya Sabha,Kerala,Rajya Sabha,220563957.11,118419424.0,56944903.0,53.69,17,75,22.67,61474521.0,37,36,1,
MOHIBBULLAH,RAMPUR,Uttar Pradesh,Lok Sabha,147000000.0,78883489.0,74744421.0,53.66,219,336,65.18,4139068.0,344,344,0,
Shri Dhananjay Bhimrao Mahadik (2022-28),Sitting Rajya Sabha,Maharashtra,Rajya Sabha,220383643.11,118144252.0,48415797.0,53.61,32,150,21.33,69728455.0,41,41,0,
Kaushalendra Kumar,NALANDA,Bihar,Lok Sabha,147000000.0,78719429.0,45509064.0,53.55,92,170,54.12,33210365.0,97,92,5,
Khalilur Rahaman ,JANGIPUR,West Bengal,Lok Sabha,147000000.0,78631103.0,23028217.0,53.49,31,107,28.97,55602886.0,44,33,11,
Vellalath Kochukrishnan Nair Sreekandan,PALAKKAD,Kerala,Lok Sabha,167807990.11,89737781.0,50584788.0,53.48,100,205,48.78,39152993.0,127,125,2,1.0
JOBA MAJHI,SINGHBHUM,Jharkhand,Lok Sabha,147000000.0,78210610.0,59054467.0,53.2,0,118,0.0,19156143.0,127,127,0,
MURARI LAL MEENA,DAUSA,Rajasthan,Lok Sabha,147000000.0,77844548.0,19094674.0,52.96,16,111,14.41,58749874.0,71,70,1,
RAHUL GANDHI,RAE BARELI,Uttar Pradesh,Lok Sabha,147000000.0,77809777.0,27068171.0,52.93,74,192,38.54,50741606.0,151,132,19,
Dr. M. Dhanapal (2025-31),Sitting Rajya Sabha,Tamil Nadu,Rajya Sabha,89248285.42,47230393.0,23989964.0,52.92,27,51,52.94,23240429.0,34,34,0,
Harsh Malhotra,EAST DELHI,Delhi,Lok Sabha,147134131.0,77657623.0,24390277.0,52.78,53,113,46.9,53267346.0,57,57,0,
GENIBEN NAGAJI THAKOR,BANASKANTHA,Gujarat,Lok Sabha,147000000.0,77476737.0,26332572.0,52.71,41,168,24.4,51144165.0,67,65,2,
IQRA CHOUDHARY,KAIRANA,Uttar Pradesh,Lok Sabha,147000000.0,77323182.0,50723960.0,52.6,45,92,48.91,26599222.0,62,55,7,
KISHORI LAL,AMETHI,Uttar Pradesh,Lok Sabha,171500000.0,89977309.0,82481354.0,52.46,19,52,36.54,7495955.0,75,71,4,
Ramesh Chandappa Jigajinagi,BIJAPUR,Karnataka,Lok Sabha,269500000.0,141386000.0,24205222.0,52.46,0,361,0.0,117180778.0,123,115,8,
NARESH CHANDRA UTTAM PATEL,FATEHPUR,Uttar Pradesh,Lok Sabha,147000000.0,76380995.0,28783210.0,51.96,13,81,16.05,47597785.0,49,49,0,
Sribharat MathuKumli,VISAKHAPATNAM,Andhra Pradesh,Lok Sabha,164841922.0,84715000.0,13181176.0,51.39,0,40,0.0,71533824.0,18,15,3,
BASTIPATI NAGARAJU PANCHALINGALA,KURNOOL,Andhra Pradesh,Lok Sabha,159998515.11,82033277.0,44033277.0,51.27,144,208,69.23,38000000.0,145,145,0,
Kani K Navas,RAMANATHAPURAM,Tamil Nadu,Lok Sabha,147000000.0,75293467.0,54855096.0,51.22,68,110,61.82,20438371.0,86,85,1,
V. SOMANNA,TUMKUR,Karnataka,Lok Sabha,147000000.0,75250000.0,32543790.0,51.19,4,61,6.56,42706210.0,27,17,10,
RAMASAHAYAM RAGHURAM REDDY,KHAMMAM,Telangana,Lok Sabha,147000000.0,75209146.0,21423748.0,51.16,18,211,8.53,53785398.0,46,44,2,
Shri Ashwini Vaishnaw (2024-30),Sitting Rajya Sabha,Odisha,Rajya Sabha,265563957.11,134619600.0,20469117.0,50.69,4,17,23.53,114150483.0,23,21,2,
AZAD KIRTI JHA,BARDHAMAN-DURGAPUR,West Bengal,Lok Sabha,179658399.98,90768485.0,33156887.0,50.52,6,112,5.36,57611598.0,30,29,1,
Dr. Sudhanshu Trivedi (2024-30),Sitting Rajya Sabha,Uttar Pradesh,Rajya Sabha,147000000.0,74004164.0,33646948.0,50.34,14,53,26.42,40357216.0,28,28,0,
Dilip Saikia,Darrang-Udalguri,Assam,Lok Sabha,147000000.0,73850000.0,26230389.0,50.24,5,230,2.17,47619611.0,151,148,3,
B K PARTHASARATHI,HINDUPUR,Andhra Pradesh,Lok Sabha,160491894.11,80578656.0,49297701.0,50.21,52,92,56.52,31280955.0,66,64,2,
R.K. CHAUDHARY,MOHANLALGANJ,Uttar Pradesh,Lok Sabha,147000000.0,73785543.0,34622708.0,50.19,14,93,15.05,39162835.0,83,81,2,
VARUN CHAUDHRY,AMBALA,Haryana,Lok Sabha,255454264.0,125888476.0,29577311.0,49.28,3,157,1.91,96311165.0,107,99,8,
Smt Satabdi Roy (Banerjee),BIRBHUM,West Bengal,Lok Sabha,147000000.0,72013235.6,48307379.6,48.99,62,95,65.26,23705855.999999996,67,67,0,
MOHITE PATIL DHAIRYASHEEL RAJSINH,MADHA,Maharashtra,Lok Sabha,195613601.7,95260000.0,8828612.0,48.7,41,259,15.83,86431388.0,41,41,0,
Ganesh Singh,SATNA,Madhya Pradesh,Lok Sabha,147000000.0,71551054.0,48076283.0,48.67,77,318,24.21,23474771.0,227,226,1,
Shri Jyotirmay Singh Mahato ,PURULIA,West Bengal,Lok Sabha,147000000.0,71300960.0,11711831.0,48.5,15,107,14.02,59589129.0,31,31,0,
Shri Ghanshyam Tiwari (2022-28),Sitting Rajya Sabha,Rajasthan,Rajya Sabha,196063957.11,95069374.0,45570943.0,48.49,30,88,34.09,49498431.0,190,181,9,
Smt Anupriya Patel,MIRZAPUR,Uttar Pradesh,Lok Sabha,147000000.0,71228000.0,51732584.0,48.45,0,10,0.0,19495416.0,10,10,0,
Rao Rajendra Singh,JAIPUR RURAL,Rajasthan,Lok Sabha,147000000.0,71018558.0,15159151.0,48.31,10,104,9.62,55859407.0,36,34,2,
Smt Hema Malini,MATHURA,Uttar Pradesh,Lok Sabha,147000000.0,70743990.0,40721168.0,48.13,33,88,37.5,30022822.0,82,82,0,
Ravi Shankar Prasad,PATNA SAHIB,Bihar,Lok Sabha,147000000.0,70305274.0,56647683.0,47.83,60,85,70.59,13657591.0,66,66,0,
Shri Dilip Kumar Ray (2026-32),Sitting Rajya Sabha,Odisha,Rajya Sabha,49000000.0,23400000.0,0.0,47.76,0,31,0.0,23400000.0,0,0,0,
KULDEEP INDORA,GANGANAGAR,Rajasthan,Lok Sabha,147000000.0,69980074.0,11236750.0,47.61,2,92,2.17,58743324.0,68,49,19,
Smt Sandhya Ray,BHIND,Madhya Pradesh,Lok Sabha,147000000.0,69667619.0,25218035.0,47.39,61,129,47.29,44449584.0,158,158,0,
DARSHAN SINGH CHOUDHARY,HOSHANGABAD,Madhya Pradesh,Lok Sabha,147000000.0,69617611.0,30102552.0,47.36,49,459,10.68,39515059.0,315,303,12,
Shri Narain Dass Gupta (2024-30),Sitting Rajya Sabha,Delhi,Rajya Sabha,160837070.0,75478716.0,24703922.0,46.93,11,51,21.57,50774794.0,16,16,0,
Dr. Laxmikant Bajpayee (2022-28),Sitting Rajya Sabha,Uttar Pradesh,Rajya Sabha,196000000.0,91115897.0,39061207.0,46.49,4,66,6.06,52054690.0,36,34,2,
Shri Rajmohan Unnithan ,KASARAGOD,Kerala,Lok Sabha,156754633.11,72864151.0,29132579.0,46.48,56,207,27.05,43731572.0,121,111,10,
Shri Samik Bhattacharya (2024-30),Sitting Rajya Sabha,West Bengal,Rajya Sabha,147000000.0,68212785.0,28774223.0,46.4,10,51,19.61,39438562.0,28,24,4,
ATUL GARG,GHAZIABAD,Uttar Pradesh,Lok Sabha,155336470.0,72011362.0,42043789.0,46.36,36,77,46.75,29967573.0,49,43,6,
Krishan Pal Gurjar,FARIDABAD,Haryana,Lok Sabha,147000000.0,67877306.0,24858831.0,46.18,6,81,7.41,43018475.0,47,46,1,
Sanjay Uttamrao Deshmukh,YAVATMAL-WASHIM,Maharashtra,Lok Sabha,185640423.0,84781444.87,24518118.0,45.67,23,125,18.4,60263326.870000005,42,42,0,
AMAR SHARADRAO KALE,WARDHA,Maharashtra,Lok Sabha,147000000.0,67098342.0,31855968.0,45.65,29,109,26.61,35242374.0,39,38,1,
Shri Paka Venkata Satyanarayana (2025-28),Sitting Rajya Sabha,Andhra Pradesh,Rajya Sabha,98000000.0,44480000.0,1599035.0,45.39,1,17,5.88,42880965.0,1,1,0,
C.M.RAMESH,ANAKAPALLE,Andhra Pradesh,Lok Sabha,202531656.11,91302449.0,36002667.0,45.08,20,125,16.0,55299782.0,42,40,2,
Manoj Tiwari,NORTH EAST DELHI,Delhi,Lok Sabha,225843858.0,100426887.0,29733175.0,44.47,6,23,26.09,70693712.0,10,9,1,
ABDUL RASHID SHEIKH,BARAMULLAH,Jammu And Kashmir,Lok Sabha,154773472.11,68534493.46,27714021.0,44.28,44,163,26.99,40820472.45999999,70,67,3,
RUCHI VIRA,MORADABAD,Uttar Pradesh,Lok Sabha,147000000.0,64981775.0,52167110.0,44.21,165,273,60.44,12814665.0,559,559,0,
Praveen Khandelwal,CHANDINI CHOWK,Delhi,Lok Sabha,147470276.0,64665415.63,26487847.0,43.85,35,69,50.72,38177568.63,42,42,0,
MANISH TEWARI,CHANDIGARH,Chandigarh,Lok Sabha,178351443.75,77883199.0,31608858.0,43.67,31,112,27.68,46274341.0,130,126,4,
Shri Sanjay Yadav (2024-30),Sitting Rajya Sabha,Bihar,Rajya Sabha,186200000.0,80448000.0,0.0,43.21,0,54,0.0,80448000.0,0,0,0,
Appalanaidu Kalisetti,VIZIANAGARAM,Andhra Pradesh,Lok Sabha,147000000.0,62793800.0,22622767.0,42.72,36,118,30.51,40171033.0,57,56,1,
SHIVRAJ SINGH CHOUHAN,VIDISHA,Madhya Pradesh,Lok Sabha,147000000.0,62443125.0,38851625.0,42.48,10,107,9.35,23591500.0,128,128,0,
Bansuri Swaraj,NEW DELHI,Delhi,Lok Sabha,154306950.0,65464173.0,21775293.0,42.42,41,110,37.27,43688880.0,46,46,0,
Lavu Sri Krishna Devarayalu,NARASARAOPET,Andhra Pradesh,Lok Sabha,174009663.11,73620228.0,2402685.0,42.31,1,131,0.76,71217543.0,4,4,0,
Shri Ajay Makan (2024-30),Sitting Rajya Sabha,Karnataka,Rajya Sabha,147000000.0,61850000.0,35435523.0,42.07,2,14,14.29,26414477.0,10,10,0,
Shri Banshilal Gurjar (2024-30),Sitting Rajya Sabha,Madhya Pradesh,Rajya Sabha,147000000.0,60975222.0,41674435.0,41.48,10,81,12.35,19300787.0,95,93,2,
Shri Akhilesh Prasad Singh (2024-30),Sitting Rajya Sabha,Bihar,Rajya Sabha,186200000.0,76718211.0,62309563.0,41.2,38,58,65.52,14408648.0,50,48,2,
KALYAN VAIJINATHRAO KALE,JALNA,Maharashtra,Lok Sabha,147000000.0,60101425.0,39254291.0,40.89,19,61,31.15,20847134.0,41,41,0,
Dr. Ashok Kumar Mittal (2022-28),Sitting Rajya Sabha,Punjab,Rajya Sabha,222487632.14,89539695.0,41939879.0,40.24,15,47,31.91,47599816.0,240,234,6,
Shri Debashish Samantaray (2026-30),Sitting Rajya Sabha,Odisha,Rajya Sabha,23800006.0,9500000.0,0.0,39.92,0,15,0.0,9500000.0,0,0,0,
Kishan Reddy Gangapuram,SECUNDERABAD,Telangana,Lok Sabha,147000000.0,58617994.0,4754322.0,39.88,0,38,0.0,53863672.0,5,5,0,
Smt. Adhikarimayum Sharda Devi (2026-32),Sitting Rajya Sabha,Manipur,Rajya Sabha,49000000.0,19500000.0,1800000.0,39.8,0,10,0.0,17700000.0,1,1,0,
Sivanath Kesineni,VIJAYAWADA,Andhra Pradesh,Lok Sabha,147000000.0,58354032.0,6329561.0,39.7,1,29,3.45,52024471.0,3,3,0,
BHOJRAJ NAG,KANKER,Chhattisgarh,Lok Sabha,164672734.11,64980971.0,35985836.0,39.46,29,87,33.33,28995135.0,104,103,1,
RUDRA NARAYAN PANY,DHENKANAL,Odisha,Lok Sabha,155013957.11,60557000.0,4033241.0,39.07,0,81,0.0,56523759.0,23,22,1,
Prof Sougata Ray,DUM DUM,West Bengal,Lok Sabha,147000000.0,57354419.0,14046615.0,39.02,13,52,25.0,43307804.0,17,17,0,
ISHA KHAN CHOUDHURY,MALDAHA DAKSHIN,West Bengal,Lok Sabha,147000000.0,55024076.0,8567025.0,37.43,25,123,20.33,46457051.0,25,25,0,
Smt. Mamata Thakur (2024-30),Sitting Rajya Sabha,West Bengal,Rajya Sabha,147000000.0,54745853.0,44446422.0,37.24,51,60,85.0,10299431.0,55,55,0,
Shri Sajjad Ahmad Kichloo (2025-31),Sitting Rajya Sabha,Jammu And Kashmir,Rajya Sabha,73500000.0,27292000.0,0.0,37.13,0,18,0.0,27292000.0,0,0,0,
Asaduddin Owaisi,HYDERABAD,Telangana,Lok Sabha,147000000.0,54353976.0,11172317.0,36.98,1,19,5.26,43181659.0,7,7,0,
Shri Manan Kumar Mishra (2024-28),Sitting Rajya Sabha,Bihar,Rajya Sabha,235263957.11,86290519.0,39945301.0,36.68,31,88,35.23,46345218.0,40,39,1,
Shri Praveen Chakravarthy (2026-28),Sitting Rajya Sabha,Tamil Nadu,Rajya Sabha,49356476.5,18000000.0,0.0,36.47,0,9,0.0,18000000.0,0,0,0,
CHARANJIT SINGH CHANNI,JALANDHAR,Punjab,Lok Sabha,147000000.0,53355792.0,27091985.0,36.3,58,207,28.02,26263807.0,221,209,12,
Shri Amit Shah,GANDHINAGAR,Gujarat,Lok Sabha,147000000.0,53162769.0,11529274.0,36.17,22,118,18.64,41633495.0,27,27,0,
Nityanand Rai,UJJARPUR,Bihar,Lok Sabha,147000000.0,52761039.0,22994739.0,35.89,40,88,45.45,29766300.0,50,50,0,
Shri Ashok Singh (2024-30),Sitting Rajya Sabha,Madhya Pradesh,Rajya Sabha,147000000.0,51750650.0,18362339.0,35.2,11,109,10.09,33388311.0,58,56,2,
ANITA SUBHADARSHINI,ASKA,Odisha,Lok Sabha,147000000.0,50500000.0,13718448.0,34.35,20,142,14.08,36781552.0,35,32,3,
M. MALLESH BABU,KOLAR,Karnataka,Lok Sabha,147065957.11,50088000.0,40766132.0,34.06,3,76,3.95,9321868.0,122,121,1,
Prataprao Jadhav,BULDHANA,Maharashtra,Lok Sabha,147000000.0,50050000.0,1208028.0,34.05,0,68,0.0,48841972.0,2,2,0,
Mohamed Haneefa,LADAKH,Ladakh,Lok Sabha,161114542.0,54518000.0,6009392.0,33.84,0,55,0.0,48508608.0,8,8,0,
Shri Jagat Prakash Nadda (2024-30),Sitting Rajya Sabha,Gujarat,Rajya Sabha,147000000.0,49300000.0,2100000.0,33.54,0,74,0.0,47200000.0,5,4,1,
Shri Manas Ranjan Mangaraj (2022-28),Sitting Rajya Sabha,Odisha,Rajya Sabha,196063957.11,64785000.0,13305000.0,33.04,23,131,17.56,51480000.0,31,31,0,
Rao Inderjit Singh,GURGAON,Haryana,Lok Sabha,147000000.0,47921028.0,22604866.0,32.6,15,46,32.61,25316162.0,26,22,4,
DR. PRADEEP KUMAR PANIGRAHY,BERHAMPUR,Odisha,Lok Sabha,147000000.0,46950000.0,0.0,31.94,0,111,0.0,46950000.0,0,0,0,
Smt. Renuka Chowdhury (2024-30),Sitting Rajya Sabha,Telangana,Rajya Sabha,147000000.0,46720000.0,3061296.0,31.78,0,105,0.0,43658704.0,7,7,0,
Shri Ramdas Bandu Athawale (2026-32),Sitting Rajya Sabha,Maharashtra,Rajya Sabha,49000000.0,15500000.0,0.0,31.63,0,7,0.0,15500000.0,0,0,0,
Shri Kartikeya Sharma (2022-28),Sitting Rajya Sabha,Haryana,Rajya Sabha,196000000.0,61175297.0,1161226.0,31.21,0,62,0.0,60014071.0,2,2,0,
Yogendra Chandoliya,NORTH WEST DELHI,Delhi,Lok Sabha,147876307.0,46097107.0,12505354.0,31.17,11,59,18.64,33591753.0,16,14,2,
VAMSI KRISHNA GADDAM,PEDDAPALLE,Telangana,Lok Sabha,148451721.11,45914779.0,16373473.0,30.93,9,71,12.68,29541306.0,22,22,0,
Om Birla,KOTA,Rajasthan,Lok Sabha,163906956.6,50463952.0,28500390.0,30.79,15,61,24.59,21963562.0,91,90,1,
Shri Ashokrao Shankarrao Chavan (2024-30),Sitting Rajya Sabha,Maharashtra,Rajya Sabha,147000000.0,43078446.0,8968982.0,29.31,2,33,6.06,34109464.0,8,8,0,
Smt. Jaya Amitabh Bachchan (2024-30),Sitting Rajya Sabha,Uttar Pradesh,Rajya Sabha,147000000.0,42107001.0,21904185.0,28.64,10,23,43.48,20202816.0,21,21,0,
Shri Sudheer Gupta ,MANDSOUR,Madhya Pradesh,Lok Sabha,148988014.83,42019092.0,21420844.0,28.2,60,224,26.79,20598248.0,175,168,7,
Khagen Murmu,MALDAHA UTTAR,West Bengal,Lok Sabha,147000000.0,41221118.0,6003169.0,28.04,7,38,18.42,35217949.0,7,7,0,
Shri S Niranjan Reddy (2022-28),Sitting Rajya Sabha,Andhra Pradesh,Rajya Sabha,224621383.11,62802410.0,29522116.0,27.96,3,19,15.79,33280294.0,30,27,3,
Dr. Meenakshi Jain (2025-31),Nominated Rajya Sabha,Delhi,Rajya Sabha,73500000.0,20186125.0,0.0,27.46,0,10,0.0,20186125.0,0,0,0,
BHAJAN LAL JATAV,KARAULI-DHOLPUR,Rajasthan,Lok Sabha,147000000.0,40283911.0,7253086.0,27.4,11,54,20.37,33030825.0,139,139,0,
SHIVMANGAL SINGH TOMAR,MORENA,Madhya Pradesh,Lok Sabha,147000000.0,38772294.0,20290158.0,26.38,28,66,42.42,18482136.0,90,90,0,
Shri Golla Baburao (2024-30),Sitting Rajya Sabha,Andhra Pradesh,Rajya Sabha,147000000.0,38518433.0,20341881.0,26.2,2,44,4.55,18176552.0,22,19,3,
Balashowry Vallabbhaneni,MACHILIPATNAM,Andhra Pradesh,Lok Sabha,147000000.0,37625559.0,14363941.0,25.6,9,59,15.25,23261618.0,26,24,2,
Shyamkumar,RAMTEK,Maharashtra,Lok Sabha,147000000.0,37600000.0,5141086.0,25.58,1,34,2.94,32458914.0,6,5,1,
TRIVENDRA SINGH RAWAT,HARDWAR,Uttarakhand,Lok Sabha,147000000.0,37111003.0,9309458.0,25.25,3,44,6.82,27801545.0,16,16,0,
Pratap Chandra Sarangi,BALASORE,Odisha,Lok Sabha,147064254.11,36406000.0,2525000.0,24.76,10,127,7.87,33881000.0,10,10,0,
Shri Lahar Singh Siroya (2022-28),Sitting Rajya Sabha,Karnataka,Rajya Sabha,206278088.11,50804659.0,9964305.0,24.63,2,20,10.0,40840354.0,8,8,0,
Shri Milind Murli Deora (2024-30),Sitting Rajya Sabha,Maharashtra,Rajya Sabha,147000000.0,36030000.0,999996.0,24.51,0,26,0.0,35030004.0,2,2,0,
SELVAGANAPATHI T M,SALEM,Tamil Nadu,Lok Sabha,147000000.0,35380025.5,4244214.0,24.07,0,17,0.0,31135811.5,2,2,0,
Shri Kamal Haasan (2025-31),Sitting Rajya Sabha,Tamil Nadu,Rajya Sabha,89248285.42,21200000.0,0.0,23.75,0,4,0.0,21200000.0,0,0,0,
Shri Ilaiyaraaja (2022-28),Nominated Rajya Sabha,Tamil Nadu,Rajya Sabha,220563957.11,51956357.0,44381022.0,23.56,17,27,62.96,7575335.0,28,28,0,
Shri Pramod Boro (2026-32),Sitting Rajya Sabha,Assam,Rajya Sabha,49000000.0,11500000.0,0.0,23.47,0,10,0.0,11500000.0,0,0,0,
Shri PP Chaudhary,PALI,Rajasthan,Lok Sabha,147000000.0,34153173.0,12964180.0,23.23,8,44,18.18,21188993.0,143,142,1,
Dr Jayanta Kumar Roy,JALPAIGURI,West Bengal,Lok Sabha,147000000.0,32603018.0,12082736.0,22.18,2,19,10.53,20520282.0,5,5,0,
Anurag Singh Thakur,HAMIRPUR,Himachal Pradesh,Lok Sabha,149570117.11,32981082.0,18791823.0,22.05,46,205,22.44,14189259.0,235,230,5,
Shri Sat Paul Sharma (2025-31),Sitting Rajya Sabha,Jammu And Kashmir,Rajya Sabha,73500000.0,16083365.0,0.0,21.88,0,16,0.0,16083365.0,0,0,0,
Gajendra Singh Shekhawat,JODHPUR,Rajasthan,Lok Sabha,147000000.0,31164000.0,491827.0,21.2,0,33,0.0,30672173.0,1,1,0,
MANOHAR LAL,KARNAL,Haryana,Lok Sabha,147000000.0,30518470.0,16619897.0,20.76,1,19,5.26,13898573.0,13,13,0,
Smt. Maya Chintaman Ivnate (2026-32),Sitting Rajya Sabha,Maharashtra,Rajya Sabha,49000000.0,10000000.0,0.0,20.41,0,20,0.0,10000000.0,0,0,0,
TANGELLA UDAY SRINIVAS,KAKINADA,Andhra Pradesh,Lok Sabha,199417886.76,40209964.0,18078040.0,20.16,6,22,27.27,22131924.0,11,10,1,
Ajay Tamta,ALMORA,Uttarakhand,Lok Sabha,147000000.0,29134406.0,4183680.0,19.82,3,148,2.03,24950726.0,100,83,17,
Shri Rajeev Shukla (2022-28),Sitting Rajya Sabha,Chhattisgarh,Rajya Sabha,271174394.23,52480000.0,40599928.0,19.35,4,30,13.33,11880072.0,35,33,2,
Shri Raghav Chadha (2022-28),Sitting Rajya Sabha,Punjab,Rajya Sabha,237229207.25,44586378.0,35563356.0,18.79,4,6,66.67,9023022.0,35,34,1,
Shri B. Parthasaradhi Reddy (2022-28),Sitting Rajya Sabha,Telangana,Rajya Sabha,244365104.0,45631636.0,5945528.0,18.67,6,25,24.0,39686108.0,7,7,0,
P C Mohan,BANGALORE CENTRAL,Karnataka,Lok Sabha,159995711.11,25927005.0,10439505.0,16.2,2,19,10.53,15487500.0,21,21,0,
Magunta Sreenivasulu Reddy,ONGOLE,Andhra Pradesh,Lok Sabha,147000000.0,22585400.0,12375873.0,15.36,1,19,5.26,10209527.0,11,9,2,
Dhairyasheel Sambhajirao Mane,HATKANANGLE,Maharashtra,Lok Sabha,147000000.0,21901717.0,7519206.0,14.9,4,17,23.53,14382511.0,5,5,0,
KUNDURU RAGHUVEER,NALGONDA,Telangana,Lok Sabha,162952022.0,23968401.0,7766945.0,14.71,6,29,20.69,16201456.0,9,9,0,
Shri Satnam Singh Sandhu (2024-30),Nominated Rajya Sabha,Chandigarh,Rajya Sabha,147000000.0,21499970.0,9104144.0,14.63,4,24,16.67,12395826.0,59,58,1,
Dr. Santrupt Misra (2026-32),Sitting Rajya Sabha,Odisha,Rajya Sabha,49000000.0,6480000.0,0.0,13.22,0,11,0.0,6480000.0,0,0,0,
Shri Upendra Kushwaha (2026-32),Sitting Rajya Sabha,Bihar,Rajya Sabha,49000000.0,6426110.0,0.0,13.11,0,7,0.0,6426110.0,0,0,0,
Shri Harsh Vardhan Shringla (2025-31),Nominated Rajya Sabha,West Bengal,Rajya Sabha,73500000.0,9510271.0,0.0,12.94,0,6,0.0,9510271.0,0,0,0,
Smt Raksha Nikhil Khadse,RAVER,Maharashtra,Lok Sabha,153112586.11,19044664.0,5871973.0,12.44,3,10,30.0,13172691.0,3,3,0,
SMITA UDAY WAGH,JALGAON,Maharashtra,Lok Sabha,148107373.11,16031266.0,14030677.0,10.82,9,10,90.0,2000589.0,9,9,0,
Shri Neeraj Dangi (2026-32),Sitting Rajya Sabha,Rajasthan,Rajya Sabha,49000000.0,4999842.0,0.0,10.2,0,4,0.0,4999842.0,0,0,0,
Shri Mansoor Ali Khan (2026-32),Sitting Rajya Sabha,Karnataka,Rajya Sabha,49000000.0,4982000.0,0.0,10.17,0,3,0.0,4982000.0,0,0,0,
Kalaben Mohanbhai Delkar,DADRA & NAGAR HAVELI,The Dadra And Nagar Haveli And Daman And Diu,Lok Sabha,147000000.0,14700000.0,0.0,10.0,0,2,0.0,14700000.0,0,0,0,
Shri Devendra Pratap Singh (2024-30),Sitting Rajya Sabha,Chhattisgarh,Rajya Sabha,170837637.76,16036331.0,8275468.0,9.39,3,17,17.65,7760863.0,14,14,0,
ANIL BALUNI,GARHWAL,Uttarakhand,Lok Sabha,147000000.0,13195000.0,2739441.0,8.98,1,12,8.33,10455559.0,8,8,0,
Bhupathiraju Srinivasa varma,NARASAPURAM,Andhra Pradesh,Lok Sabha,147000000.0,12000000.0,0.0,8.16,0,1,0.0,12000000.0,0,0,0,
Ms. Swati Maliwal (2024-30),Sitting Rajya Sabha,Delhi,Rajya Sabha,147000000.0,10600000.0,0.0,7.21,0,3,0.0,10600000.0,0,0,0,
Shri Bhashyam Rama Krishna (2026-32),Sitting Rajya Sabha,Andhra Pradesh,Rajya Sabha,49000000.0,3000000.0,0.0,6.12,0,1,0.0,3000000.0,0,0,0,
Shri Pawan Khera (2026-32),Sitting Rajya Sabha,Karnataka,Rajya Sabha,49000000.0,2950000.0,0.0,6.02,0,3,0.0,2950000.0,0,0,0,
Smt. Laxmi Verma (2026-32),Sitting Rajya Sabha,Chhattisgarh,Rajya Sabha,49000000.0,2500000.0,1250000.0,5.1,0,2,0.0,1250000.0,2,2,0,
Shri Chowdry Mohammad Ramzan (2025-31),Sitting Rajya Sabha,Jammu And Kashmir,Rajya Sabha,73500000.0,2600000.0,0.0,3.54,0,2,0.0,2600000.0,0,0,0,
Shri Sanjay Kumar Jha (2024-30),Sitting Rajya Sabha,Bihar,Rajya Sabha,186200000.0,6254795.0,5078584.0,3.36,4,6,66.67,1176211.0,6,6,0,
Nishikant Dubey,GODDA,Jharkhand,Lok Sabha,147000000.0,4285510.0,1785510.0,2.92,0,2,0.0,2500000.0,1,1,0,
Shri Lingamaneni Ramesh (2026-32),Sitting Rajya Sabha,Andhra Pradesh,Rajya Sabha,49000000.0,1200000.0,0.0,2.45,0,1,0.0,1200000.0,0,0,0,
Shri Sanjay Bhatia (2026-32),Sitting Rajya Sabha,Haryana,Rajya Sabha,49000000.0,1100000.0,0.0,2.24,0,1,0.0,1100000.0,0,0,0,
Shrikant Eknath Shinde,KALYAN,Maharashtra,Lok Sabha,147000000.0,2825000.0,325000.0,1.92,0,2,0.0,2500000.0,1,1,0,
Rajiv Ranjan (Lalan) Singh,MUNGER,Bihar,Lok Sabha,147000000.0,1000000.0,0.0,0.68,0,1,0.0,1000000.0,0,0,0,
CHAVAN VASANTRAO BALWANTRAO,NANDED,Maharashtra,Lok Sabha,0.0,0.0,0.0,0.0,0,0,0.0,0.0,0,0,0,
HARISH CHANDRA MEENA,TONK-SAWAI MADHOPUR,Rajasthan,Lok Sabha,147000000.0,0.0,0.0,0.0,0,0,0.0,0.0,0,0,0,
MISHA BHARTI,PATALIPUTRA,Bihar,Lok Sabha,147000000.0,0.0,0.0,0.0,0,0,0.0,0.0,0,0,0,
NARESH GANPAT MHASKE,THANE,Maharashtra,Lok Sabha,147000000.0,0.0,0.0,0.0,0,0,0.0,0.0,0,0,0,
Sanjay Jaiswal,PASCHIM CHAMPARAN,Bihar,Lok Sabha,147000000.0,0.0,0.0,0.0,0,0,0.0,0.0,0,0,0,
Dr. Alka Singh (2026-32),Sitting Rajya Sabha,Rajasthan,Rajya Sabha,49000000.0,0.0,0.0,0.0,0,0,0.0,0.0,0,0,0,
Dr. Anbumani Ramadoss (2026-32),Sitting Rajya Sabha,Tamil Nadu,Rajya Sabha,49356476.5,0.0,0.0,0.0,0,0,0.0,0.0,0,0,0,
Dr. Jyoti Nagnath Waghmare (2026-32),Sitting Rajya Sabha,Maharashtra,Rajya Sabha,49000000.0,0.0,0.0,0.0,0,0,0.0,0.0,0,0,0,
Dr. M. Thambi Durai (2026-32),Sitting Rajya Sabha,Tamil Nadu,Rajya Sabha,49356476.5,0.0,0.0,0.0,0,0,0.0,0.0,0,0,0,
Dr. Mukeshbhai J. Rathwa (2026-32),Sitting Rajya Sabha,Gujarat,Rajya Sabha,49000000.0,0.0,0.0,0.0,0,0,0.0,0.0,0,0,0,
Dr. Satish Poonia (2026-32),Sitting Rajya Sabha,Rajasthan,Rajya Sabha,49000000.0,0.0,0.0,0.0,0,0,0.0,0.0,0,0,0,
Shri Anurag Sharma (2026-32),Sitting Rajya Sabha,Himachal Pradesh,Rajya Sabha,49000000.0,0.0,0.0,0.0,0,0,0.0,0.0,0,0,0,
Shri Baidyanath Ram (2026-32),Sitting Rajya Sabha,Jharkhand,Rajya Sabha,49000000.0,0.0,0.0,0.0,0,0,0.0,0.0,0,0,0,
Shri Christopher Manickam (2026-32),Sitting Rajya Sabha,Tamil Nadu,Rajya Sabha,49356476.5,0.0,0.0,0.0,0,0,0.0,0.0,0,0,0,
Shri Constandine Ravindran (2026-32),Sitting Rajya Sabha,Tamil Nadu,Rajya Sabha,49356476.5,0.0,0.0,0.0,0,0,0.0,0.0,0,0,0,
Shri Gurwinder Singh Oberoi (2025-31),Sitting Rajya Sabha,Jammu And Kashmir,Rajya Sabha,73500000.0,0.0,0.0,0.0,0,0,0.0,0.0,0,0,0,
Shri James Pangsang Kongkal Sangma (2026-32),Sitting Rajya Sabha,Meghalaya,Rajya Sabha,49000000.0,0.0,0.0,0.0,0,0,0.0,0.0,0,0,0,
Shri Karamvir Singh Singh Boudh (2026-32),Sitting Rajya Sabha,Haryana,Rajya Sabha,49000000.0,0.0,0.0,0.0,0,0,0.0,0.0,0,0,0,
Shri Khiangte Laltluangkima (2026-32),Sitting Rajya Sabha,Mizoram,Rajya Sabha,24500000.0,0.0,0.0,0.0,0,0,0.0,0.0,0,0,0,
Shri L. K. Sudhish (2026-32),Sitting Rajya Sabha,Tamil Nadu,Rajya Sabha,49356476.5,0.0,0.0,0.0,0,0,0.0,0.0,0,0,0,
Shri M. Nagaraja (2026-32),Sitting Rajya Sabha,Karnataka,Rajya Sabha,49000000.0,0.0,0.0,0.0,0,0,0.0,0.0,0,0,0,
Shri Mahesh Kewat (2026-32),Sitting Rajya Sabha,Madhya Pradesh,Rajya Sabha,49000000.0,0.0,0.0,0.0,0,0,0.0,0.0,0,0,0,
Shri Mallikarjun Kharge (2026-32),Sitting Rajya Sabha,Karnataka,Rajya Sabha,49063957.11,0.0,0.0,0.0,0,0,0.0,0.0,0,0,0,
Shri Manmohan Samal (2026-32),Sitting Rajya Sabha,Odisha,Rajya Sabha,49000000.0,0.0,0.0,0.0,0,0,0.0,0.0,0,0,0,
Shri Nitin Nabin (2026-32),Sitting Rajya Sabha,Bihar,Rajya Sabha,49000000.0,0.0,0.0,0.0,0,0,0.0,0.0,0,0,0,
Shri Parth Ajit Pawar (2026-32),Sitting Rajya Sabha,Maharashtra,Rajya Sabha,49000000.0,0.0,0.0,0.0,0,0,0.0,0.0,0,0,0,
Shri Prakash Chik Baraik (2026-29),Sitting Rajya Sabha,West Bengal,Rajya Sabha,49662892.0,0.0,0.0,0.0,0,0,0.0,0.0,0,0,0,
Shri Rajeev Kumar (2026-32),Sitting Rajya Sabha,West Bengal,Rajya Sabha,49000000.0,0.0,0.0,0.0,0,0,0.0,0.0,0,0,0,
Shri Rajesh Parmanand Shukla (2026-32),Sitting Rajya Sabha,Gujarat,Rajya Sabha,49000000.0,0.0,0.0,0.0,0,0,0.0,0.0,0,0,0,
Shri Rajinder Gupta (2025-28),Sitting Rajya Sabha,Punjab,Rajya Sabha,49000000.0,0.0,0.0,0.0,0,0,0.0,0.0,0,0,0,
Shri Rajneesh Kumar Agrawal (2026-32),Sitting Rajya Sabha,Madhya Pradesh,Rajya Sabha,49000000.0,0.0,0.0,0.0,0,0,0.0,0.0,0,0,0,
Shri Ramrao Sakharam Wadkute (2026-32),Sitting Rajya Sabha,Maharashtra,Rajya Sabha,49000000.0,0.0,0.0,0.0,0,0,0.0,0.0,0,0,0,
Shri Sana Sathish Babu (2026-32),Sitting Rajya Sabha,Andhra Pradesh,Rajya Sabha,49063978.0,0.0,0.0,0.0,0,0,0.0,0.0,0,0,0,
Shri Shivesh Kumar (2026-32),Sitting Rajya Sabha,Bihar,Rajya Sabha,49000000.0,0.0,0.0,0.0,0,0,0.0,0.0,0,0,0,
Shri Tai Tagak (2026-32),Sitting Rajya Sabha,Arunachal Pradesh,Rajya Sabha,49000000.0,0.0,0.0,0.0,0,0,0.0,0.0,0,0,0,
Shri Tarun Chugh (2026-32),Sitting Rajya Sabha,Madhya Pradesh,Rajya Sabha,49000000.0,0.0,0.0,0.0,0,0,0.0,0.0,0,0,0,
Shri Terash Gowalla (2026-32),Sitting Rajya Sabha,Assam,Rajya Sabha,49000000.0,0.0,0.0,0.0,0,0,0.0,0.0,0,0,0,
Shri Tiruchi Siva (2026-32),Sitting Rajya Sabha,Tamil Nadu,Rajya Sabha,49356476.5,0.0,0.0,0.0,0,0,0.0,0.0,0,0,0,
Shri Ujjwal Deorao Nikam (2025-31),Nominated Rajya Sabha,Maharashtra,Rajya Sabha,73500000.0,0.0,0.0,0.0,0,0,0.0,0.0,0,0,0,
Shri Vijay Chintakayala (2026-32),Sitting Rajya Sabha,Andhra Pradesh,Rajya Sabha,49000000.0,0.0,0.0,0.0,0,0,0.0,0.0,0,0,0,
Shri Vinod Shridhar Tawde (2026-32),Sitting Rajya Sabha,Maharashtra,Rajya Sabha,49000000.0,0.0,0.0,0.0,0,0,0.0,0.0,0,0,0,
