MP Name,composite_risk_rank,composite_risk_score,risk_band,is_flagged_composite,constituency_proxy,top_vendor,is_ghost_work_flagged,true_label,top_shap_drivers,num_works,anomaly_score_mean,anomaly_score_max,anomaly_flag_rate,cost_deviation_pct_mean,cost_deviation_pct_max,sor_match_confidence_mean,duplicate_score_mean,duplicate_score_max,duplicate_flag_rate,duplicate_group_size_max,injected_anomaly_frac,ghost_work_rate,constituency_proxy_state,constituency_proxy_district,num_months,deviation_flag_rate,residual_pct_mean,residual_pct_max,total_actual_amount,num_primary_vendors,collusion_score_mean,collusion_score_max,flagged_vendor_rate,any_flagged_vendor,top_vendor_total_amount,top_vendor_collusion_score,top_vendor_is_flagged_collusion,target_high_risk,driver_1_feature,driver_1_shap,driver_2_feature,driver_2_shap,driver_3_feature,driver_3_shap,composite_risk_score_raw_oof,composite_risk_score_in_sample,decision_threshold,is_flagged_capacity,risk_percentile,label_agreement
Dr Chandra Sekhar Pemmasani,1,1.0,Critical,1,"GUNTUR, Andhra Pradesh",M Butchaiah and Company,1.0,1,cost_deviation_pct_mean (+3.755); num_works (+1.190); cost_deviation_pct_max (+0.639),9,0.1406047106167526,0.2210003459450006,0.2222222222222222,0.2288333333333333,1.9771,0.8713333333333333,0.2586741933952389,0.8159616970154485,0.3333333333333333,27.0,0.1111111111111111,0.3333333333333333,Andhra Pradesh,GUNTUR,17,0.0588235294117647,0.8017884779677071,1.6390811101617635,39657891.0,31,0.485585437649005,0.6493329383035265,0.0,0.0,4939780.0,0.6445602600014364,0.0,1,cost_deviation_pct_mean,3.7546923,num_works,1.1900119,cost_deviation_pct_max,0.6390145,0.9965731104214987,0.99652016,0.5,1,0.9575113808801214,agree
TANUJ PUNIA,2,1.0,Critical,1,"BARABANKI, Uttar Pradesh",Praharsh Infrastructure,1.0,1,cost_deviation_pct_mean (+3.481); num_works (+1.093); sor_match_confidence_mean (+0.310),13,0.0893453212897947,0.2189114302504792,0.2307692307692307,0.2392384615384615,2.8019,0.8663076923076923,0.2250118712516692,0.6940249456421753,0.3333333333333333,3.0,0.0769230769230769,0.3333333333333333,Uttar Pradesh,BARABANKI,21,0.0,0.9094805320727188,2.1918691291636714,83397272.0,3,0.5972392803275156,0.67454302233714,0.3333333333333333,1.0,76771727.0,0.67454302233714,1.0,1,cost_deviation_pct_mean,3.4807065,num_works,1.0934124,sor_match_confidence_mean,0.31028697,0.9961868127187093,0.99579406,0.5,1,0.9575113808801214,agree
Sudip Bandyopadhyay,3,1.0,Critical,1,"KOLKATA UTTAR, West Bengal",M SHAW,1.0,1,cost_deviation_pct_mean (+3.830); num_works (+1.205); cost_deviation_pct_max (+0.680),9,0.1173547480189261,0.2172568769512215,0.2222222222222222,0.3761,1.6421,0.7957777777777778,0.1705082812091206,0.7672872654410431,0.2222222222222222,2.0,0.2222222222222222,0.2222222222222222,West Bengal,KOLKATA UTTAR,17,0.0588235294117647,0.8331854212775779,2.2641404960401625,46311063.0,22,0.4911227661227661,0.6629614666379373,0.0909090909090909,1.0,9500000.0,0.6629614666379373,1.0,1,cost_deviation_pct_mean,3.8300927,num_works,1.2051134,cost_deviation_pct_max,0.6796975,0.9959620634714762,0.9963329,0.5,1,0.9575113808801214,agree
Dr. Radha Mohan Das Agrawal (2022-28),4,1.0,Critical,1,"Sitting Rajya Sabha, Uttar Pradesh",MS Jitendra Kumar Yadav,0.0,1,cost_deviation_pct_mean (+3.711); num_works (+1.001); cost_deviation_pct_max (+0.446),15,0.1032980645896445,0.2037034277805813,0.2,0.1918266666666666,2.3646,0.8414666666666667,0.0,0.0,0.0,1.0,0.0666666666666666,0.0,Uttar Pradesh,Sitting Rajya Sabha,31,0.032258064516129,0.5764279802735561,1.6071306978017683,72382614.0,2,0.6482861093155211,0.6710613732672557,0.5,1.0,37561537.0,0.6710613732672557,1.0,1,cost_deviation_pct_mean,3.7111287,num_works,1.001055,cost_deviation_pct_max,0.44647145,0.9959491292635599,0.9965429,0.5,1,0.9575113808801214,agree
VARUN CHAUDHRY,5,1.0,Critical,1,"AMBALA, Haryana",T A S C Group Co op L and C Society Toba,0.0,1,cost_deviation_pct_mean (+3.500); num_works (+1.227); cost_deviation_pct_max (+0.752),3,0.1530883268655066,0.2001101147670966,0.0,0.2868333333333333,0.9634,0.8816666666666667,0.0,0.0,0.0,1.0,0.3333333333333333,0.0,Haryana,AMBALA,15,0.0666666666666666,0.4825497495345264,2.105658772073888,29577311.0,48,0.4874913400189135,0.6431992027580262,0.0,0.0,2006373.0,0.6385971055088702,0.0,1,cost_deviation_pct_mean,3.4996035,num_works,1.2265688,cost_deviation_pct_max,0.75190943,0.9958605368932089,0.99594116,0.5,1,0.9575113808801214,agree
Shri Sanjay Raut (2022-28),6,1.0,Critical,1,"Sitting Rajya Sabha, Maharashtra",Kamal Enterprises,0.0,1,cost_deviation_pct_mean (+3.687); num_works (+1.211); cost_deviation_pct_max (+0.683),6,0.1233564134396684,0.2033161622876069,0.1666666666666666,0.4033166666666667,1.4045,0.8525,0.0,0.0,0.0,1.0,0.3333333333333333,0.0,Maharashtra,Sitting Rajya Sabha,20,0.05,0.6013695988225788,2.822871394692145,67167846.0,14,0.5650893690809657,0.6626741722329959,0.1428571428571428,1.0,15985230.0,0.6168740573152338,0.0,1,cost_deviation_pct_mean,3.6874192,num_works,1.2106686,cost_deviation_pct_max,0.68308496,0.9957634409268697,0.99667144,0.5,1,0.9575113808801214,agree
BIJULI KALITA MEDHI,7,1.0,Critical,1,"GUWAHATI, Assam",Construction of road from narayan kalita house to sabin boro house,1.0,1,cost_deviation_pct_mean (+3.464); num_works (+1.177); cost_deviation_pct_max (+0.672),5,0.1156680362429751,0.1990802301934278,0.0,0.29196,1.4074,0.8815999999999999,0.2895322606086731,0.7238306515216827,0.4,12.0,0.2,0.4,Assam,GUWAHATI,26,0.0,0.587053598507048,1.603889395341687,72761435.0,97,0.425661600881431,0.6147426919485743,0.0,0.0,2800000.0,0.613864648423472,0.0,1,cost_deviation_pct_mean,3.4638023,num_works,1.1769755,cost_deviation_pct_max,0.6721845,0.9954361518224081,0.99593925,0.5,1,0.9575113808801214,agree
Thiru Dayanidhi Maran,8,1.0,Critical,1,"CHENNAI CENTRAL, Tamil Nadu",A AND A BUILDERS AND PROMOTERS,1.0,1,cost_deviation_pct_mean (+3.331); num_works (+1.086); cost_deviation_pct_max (+0.680),4,-0.0118960571910827,0.0484332230750635,0.75,0.349425,1.2472,0.8674999999999999,0.3656209120556533,0.7312418241113066,0.5,2.0,0.25,0.5,Tamil Nadu,CHENNAI CENTRAL,17,0.0588235294117647,1.5707552415716908,8.4349675464425,30478390.0,4,0.6258959994254112,0.6695135746606335,0.25,1.0,19680285.0,0.6695135746606335,1.0,1,cost_deviation_pct_mean,3.3310313,num_works,1.0860832,cost_deviation_pct_max,0.6804478,0.9949495593706766,0.9954673,0.5,1,0.9575113808801214,agree
Shri Chandrakant Damodar Handore (2024-30),9,1.0,Critical,1,"Sitting Rajya Sabha, Maharashtra",Kolte Patil Developer,0.0,1,cost_deviation_pct_mean (+3.770); num_works (+1.161); cost_deviation_pct_max (+0.252),10,0.092619094689087,0.1942109799514388,0.2,0.2471699999999999,2.4616,0.8103999999999999,0.0,0.0,0.0,1.0,0.1,0.0,Maharashtra,Sitting Rajya Sabha,22,0.0454545454545454,1.405274808773482,8.527186506133411,92046911.0,10,0.5896924154277096,0.6706430007900597,0.2,1.0,34814541.0,0.6706430007900597,1.0,1,cost_deviation_pct_mean,3.7698574,num_works,1.1606808,cost_deviation_pct_max,0.25233978,0.9948110779126486,0.9951578,0.5,1,0.9575113808801214,agree
Om Birla,10,1.0,Critical,1,"KOTA, Rajasthan",SNEH HYDRATECH ENGINEERING SOLUTION,1.0,1,cost_deviation_pct_mean (+4.009); num_works (+1.177); cost_deviation_pct_max (+0.173),15,0.1566498314155877,0.2132593651988319,0.0666666666666666,0.2428,2.6211,0.8224,0.2897861794038727,0.7736383570073445,0.4,15.0,0.1333333333333333,0.4,Rajasthan,KOTA,22,0.0454545454545454,0.709134598391216,2.486539022734352,28500390.0,59,0.3741342364846851,0.647619945414063,0.0,0.0,4583500.0,0.5802009265244559,0.0,1,cost_deviation_pct_mean,4.0093865,num_works,1.1765635,cost_deviation_pct_max,0.17338775,0.9946048259735107,0.99556184,0.5,1,0.9575113808801214,agree
Shri Ashokrao Shankarrao Chavan (2024-30),11,1.0,Critical,1,"Sitting Rajya Sabha, Maharashtra",Kailash Pandit Chavan,0.0,1,cost_deviation_pct_mean (+3.077); num_works (+1.132); cost_deviation_pct_max (+0.695),2,0.1267687629724895,0.1813909367173668,0.0,0.4786,1.0555,0.9095,0.0,0.0,0.0,1.0,0.5,0.0,Maharashtra,Sitting Rajya Sabha,12,0.0,0.3162727230143988,1.0,8968982.0,5,0.6374339222868635,0.6883223802341449,0.4,1.0,2990932.0,0.6883223802341449,1.0,1,cost_deviation_pct_mean,3.0771174,num_works,1.1315906,cost_deviation_pct_max,0.6948182,0.9936234553654989,0.99249893,0.5,1,0.9575113808801214,agree
Pradyut Bordoloi,12,1.0,Critical,1,"NOWGONG, Assam",PRITOM TRIBEDI,1.0,1,cost_deviation_pct_mean (+4.274); num_works (+1.228); residual_pct_max (-0.208),13,0.1717615785585788,0.2181813871236489,0.0769230769230769,0.2599923076923077,2.6014,0.8575384615384615,0.2128086910471956,0.7232901070647769,0.3076923076923077,12.0,0.1538461538461538,0.3076923076923077,Assam,NOWGONG,23,0.0,0.526824892260594,1.3900125854162928,67857468.0,60,0.4352290275084393,0.6642309487897723,0.0333333333333333,1.0,8829367.0,0.6642309487897723,1.0,1,cost_deviation_pct_mean,4.273629,num_works,1.2276589,residual_pct_max,-0.20825708,0.9931694269180298,0.9951637,0.5,1,0.9575113808801214,agree
Shri Nitin Laxmanrao Jadhav Patil (2024-28),13,1.0,Critical,1,"Sitting Rajya Sabha, Maharashtra",ANAND MAJUR SAHKARI SANSTHA LTD BHIMNAGAR KOREGAON,0.0,1,cost_deviation_pct_mean (+3.484); num_works (+1.115); cost_deviation_pct_max (+0.527),4,0.1275554862922633,0.2004278693446846,0.25,0.62185,2.3517,0.8785000000000001,0.0,0.0,0.0,1.0,0.25,0.0,Maharashtra,Sitting Rajya Sabha,2,0.0,0.0,0.0,4496048.0,3,0.6269951997893174,0.6572227608992315,0.3333333333333333,1.0,2498938.0,0.5839034331681391,0.0,1,cost_deviation_pct_mean,3.4842207,num_works,1.1148415,cost_deviation_pct_max,0.5268817,0.9930423498153687,0.9933528,0.5,1,0.9575113808801214,agree
Dr. Ashok Kumar Mittal (2022-28),14,1.0,Critical,1,"Sitting Rajya Sabha, Punjab",Living Thoughts Private Limited,0.0,1,cost_deviation_pct_mean (+3.801); num_works (+1.169); cost_deviation_pct_max (+0.661),15,0.0826444923739429,0.2105151343513761,0.2,0.3957666666666666,1.9066,0.8333999999999999,0.0,0.0,0.0,1.0,0.2,0.0,Punjab,Sitting Rajya Sabha,23,0.0434782608695652,0.5226519396469593,2.411624782351472,41939879.0,95,0.3216027247606194,0.6604404582345759,0.0105263157894736,1.0,8987658.0,0.6604404582345759,1.0,1,cost_deviation_pct_mean,3.8014128,num_works,1.1685833,cost_deviation_pct_max,0.66144496,0.9930378993352255,0.9952076,0.5,1,0.9575113808801214,agree
SMITA UDAY WAGH,15,1.0,Critical,1,"JALGAON, Maharashtra",GURUDATTA GAWANDI KAMGAR MAJOOR SAHAKARI SOCIETY LIMITED,1.0,1,cost_deviation_pct_mean (+3.180); num_works (+1.190); cost_deviation_pct_max (+0.542),9,0.1215178174429906,0.2118247911551021,0.1111111111111111,0.2936444444444445,2.2987,0.878,0.1579734867251027,0.7108806902629622,0.2222222222222222,2.0,0.1111111111111111,0.2222222222222222,Maharashtra,JALGAON,18,0.0555555555555555,1.1685539558838514,3.1994484075061056,14030677.0,8,0.6134999191984486,0.6633995906054729,0.25,1.0,3998305.0,0.6633995906054729,1.0,1,cost_deviation_pct_mean,3.180195,num_works,1.1895403,cost_deviation_pct_max,0.5420793,0.9929511348406473,0.9926363,0.5,1,0.9575113808801214,agree
Swami Sachchidanandhari Sakshi ji Maharaj ,16,1.0,Critical,1,"UNNAO, Uttar Pradesh",RAJESH KUMAR PAL,1.0,1,cost_deviation_pct_mean (+3.644); num_works (+1.178); cost_deviation_pct_max (+0.654),12,0.1298275137754628,0.2044082409038169,0.1666666666666666,0.3735583333333334,2.0772,0.8216666666666667,0.5178153715790345,0.7680000119209289,0.75,3.0,0.1666666666666666,0.75,Uttar Pradesh,UNNAO,23,0.0,1.0817404218783122,2.567856225277646,68421377.0,6,0.4557949675596734,0.6292007828772535,0.0,0.0,62204113.0,0.6292007828772535,0.0,1,cost_deviation_pct_mean,3.644393,num_works,1.177564,cost_deviation_pct_max,0.65412176,0.9927899638811747,0.99473476,0.5,1,0.9575113808801214,agree
Smt. Jaya Amitabh Bachchan (2024-30),17,1.0,Critical,1,"Sitting Rajya Sabha, Uttar Pradesh",Asha Construction,0.0,1,cost_deviation_pct_mean (+3.824); num_works (+1.135); cost_deviation_pct_max (+0.500),10,0.1213202699049929,0.2169825415134998,0.1,0.2455099999999999,2.263,0.819,0.0,0.0,0.0,1.0,0.1,0.0,Uttar Pradesh,Sitting Rajya Sabha,17,0.0588235294117647,0.3488172028396173,1.3462669735041557,21904185.0,5,0.6511055447820153,0.676425698484522,0.6,1.0,10072957.0,0.6594277454571572,1.0,1,cost_deviation_pct_mean,3.8236182,num_works,1.1347657,cost_deviation_pct_max,0.49997383,0.9926843245824178,0.99537635,0.5,1,0.9575113808801214,agree
Shri Mahendra Bhatt (2024-30),18,1.0,Critical,1,"Sitting Rajya Sabha, Uttarakhand",SATISH KUMAR,0.0,1,cost_deviation_pct_mean (+4.124); num_works (+1.241); sor_match_confidence_mean (-0.179),11,0.1250545691745811,0.2038879996861539,0.1818181818181818,0.5063272727272727,2.8718,0.7892727272727273,0.0,0.0,0.0,1.0,0.1818181818181818,0.0,Uttarakhand,Sitting Rajya Sabha,21,0.0476190476190476,-2.756455069676203,1.9121126469178524,23254909.0,44,0.3909876275685099,0.6412438052143934,0.0,0.0,3002607.0,0.5984306543130072,0.0,1,cost_deviation_pct_mean,4.123766,num_works,1.241402,sor_match_confidence_mean,-0.17863882,0.9917987783749899,0.9926928,0.5,1,0.9575113808801214,agree
TOKHAN SAHU,19,1.0,Critical,1,"BILASPUR, Chhattisgarh",RAJKUMAR TIWARI,1.0,1,cost_deviation_pct_mean (+4.433); cost_deviation_pct_max (+0.376); anomaly_score_max (+0.138),41,0.1812059643710667,0.2221262112186573,0.073170731707317,0.1895487804878048,2.2871,0.8356097560975609,0.4075538730451498,0.7785905711650848,0.5609756097560976,63.0,0.073170731707317,0.5609756097560976,Chhattisgarh,BILASPUR,25,0.04,0.5395245715807804,1.8064652361390303,55824852.0,94,0.4539168122240713,0.6426730948789772,0.0,0.0,3170432.0,0.6251337714573009,0.0,1,cost_deviation_pct_mean,4.433118,cost_deviation_pct_max,0.37642312,anomaly_score_max,0.13822001,0.9917903741200765,0.9932092,0.5,1,0.9575113808801214,agree
Dr. V. Sivadasan (2021-27),20,1.0,Critical,1,"Sitting Rajya Sabha, Kerala",KELTRON,0.0,1,cost_deviation_pct_mean (+3.873); num_works (+1.206); collusion_score_max (+0.235),14,0.128882037271457,0.2213003233516365,0.2142857142857142,0.3362857142857143,2.681,0.8206428571428572,0.0,0.0,0.0,1.0,0.1428571428571428,0.0,Kerala,Sitting Rajya Sabha,18,0.0,1.049992457615977,3.179574326876181,24863346.0,7,0.4395332491971147,0.6859566903684551,0.1428571428571428,1.0,12157439.0,0.6859566903684551,1.0,1,cost_deviation_pct_mean,3.8733432,num_works,1.2061319,collusion_score_max,0.23455676,0.9917685786883036,0.99191487,0.5,1,0.9575113808801214,agree
Rao Inderjit Singh,21,1.0,Critical,1,"GURGAON, Haryana",The Shirdi Sai Cooperative multipurpose society,1.0,1,cost_deviation_pct_mean (+3.358); num_works (+1.189); anomaly_score_max (+0.447),15,0.158024478340902,0.2217870674206247,0.0666666666666666,0.2265533333333333,2.9932,0.9128,0.0902420030766561,0.6826640332274967,0.1333333333333333,2.0,0.0666666666666666,0.1333333333333333,Haryana,GURGAON,24,0.0,0.6736178345779312,1.6827561269162212,22604866.0,23,0.5732247469779439,0.6578566041801336,0.0434782608695652,1.0,4160229.0,0.5856289951878187,0.0,1,cost_deviation_pct_mean,3.3581128,num_works,1.189276,anomaly_score_max,0.44662517,0.9916724761327108,0.99433196,0.5,1,0.9575113808801214,agree
Shri PP Chaudhary,22,1.0,Critical,1,"PALI, Rajasthan",NARPAT RAM,1.0,1,cost_deviation_pct_mean (+3.143); num_works (+1.229); cost_deviation_pct_max (+0.679),8,0.1577589622667492,0.2060989190549476,0.0,0.269275,1.2309,0.89475,0.3788410051445819,0.7667091128429269,0.5,13.0,0.25,0.5,Rajasthan,PALI,18,0.0,0.8180336896875423,1.8087500524881104,12964180.0,102,0.273863426718098,0.6410382101558573,0.0,0.0,2410389.0,0.6410382101558573,0.0,1,cost_deviation_pct_mean,3.1434033,num_works,1.2292484,cost_deviation_pct_max,0.6794215,0.9902835090955099,0.9920563,0.5,1,0.9575113808801214,agree
Smt. Mamata Thakur (2024-30),23,1.0,Critical,1,"Sitting Rajya Sabha, West Bengal",Maa Laxmi Enterprise,0.0,1,cost_deviation_pct_mean (+4.389); collusion_score_max (+0.281); sor_match_confidence_mean (-0.182),51,0.1538380418039678,0.2064383608982834,0.0784313725490196,0.2607823529411764,2.8348,0.828529411764706,0.0,0.0,0.0,1.0,0.0980392156862745,0.0,West Bengal,Sitting Rajya Sabha,22,0.0454545454545454,-0.1391193163177629,8.796902577822383,44446422.0,2,0.6557557638439993,0.6726370035193565,0.5,1.0,21679982.0,0.6388745241686419,0.0,1,cost_deviation_pct_mean,4.3893824,collusion_score_max,0.2809046,sor_match_confidence_mean,-0.18209183,0.9897740880648295,0.9918509,0.5,1,0.9575113808801214,agree
K Subbarayan,24,1.0,Critical,1,"TIRUPPUR, Tamil Nadu",EAGGLE EYE INFRASTRUCTURES,1.0,1,cost_deviation_pct_mean (+4.192); sor_match_confidence_mean (+0.381); cost_deviation_pct_max (+0.235),65,0.1410665987816795,0.2175614443588929,0.1076923076923077,0.2107646153846153,2.4532,0.8720615384615384,0.3834157634061376,0.8533394366473986,0.4923076923076923,21.0,0.1076923076923077,0.4923076923076923,Tamil Nadu,TIRUPPUR,22,0.0,0.7975153747302168,1.8362702999314209,81901423.0,40,0.4986872441284206,0.6399132730015082,0.0,0.0,6785183.0,0.6399132730015082,0.0,1,cost_deviation_pct_mean,4.192221,sor_match_confidence_mean,0.3813365,cost_deviation_pct_max,0.23483372,0.9890386660893759,0.99191344,0.5,1,0.9575113808801214,agree
MURLIDHAR MOHOL,25,1.0,Critical,1,"PUNE, Maharashtra",MUDHAIDEVI MAJUR SAHKARI SANSTHA MARYADIT,1.0,1,cost_deviation_pct_mean (+3.622); num_works (+1.235); sor_match_confidence_mean (+0.407),12,0.1525475584527258,0.1951626584630595,0.0833333333333333,0.3015083333333333,2.7358,0.8785833333333333,0.4970576971690367,0.8667199917428589,0.6666666666666666,2.0,0.1666666666666666,0.6666666666666666,Maharashtra,PUNE,15,0.1333333333333333,1.339642216844279,5.095718688085666,18945481.0,8,0.6223761940673705,0.6543282697694462,0.25,1.0,2999976.0,0.6327901673489909,0.0,1,cost_deviation_pct_mean,3.6216154,num_works,1.2352132,sor_match_confidence_mean,0.40714544,0.9888626337051392,0.9899019,0.5,1,0.9575113808801214,agree
Rao Rajendra Singh,26,1.0,Critical,1,"JAIPUR RURAL, Rajasthan",MS Smart Tech,0.0,1,cost_deviation_pct_mean (+3.766); num_works (+1.232); sor_match_confidence_mean (+0.319),10,0.1615522537640317,0.2190972408181388,0.1,0.29366,2.552,0.8940999999999999,0.0,0.0,0.0,1.0,0.1,0.0,Rajasthan,JAIPUR RURAL,15,0.0,0.7351187733516106,1.3599902399077215,15159151.0,26,0.3879683036922855,0.6395900667959491,0.0,0.0,2500000.0,0.6362377002082884,0.0,1,cost_deviation_pct_mean,3.7663243,num_works,1.2320604,sor_match_confidence_mean,0.31862265,0.9885085622469584,0.99282736,0.5,1,0.9575113808801214,agree
BHAJAN LAL JATAV,27,1.0,Critical,1,"KARAULI-DHOLPUR, Rajasthan",R S CONSTRUCTION,0.0,1,cost_deviation_pct_mean (+3.626); num_works (+1.212); sor_match_confidence_mean (+0.389),11,0.1712816255751263,0.2165689510159525,0.0909090909090909,0.3896363636363636,2.7652,0.8743636363636363,0.0,0.0,0.0,1.0,0.1818181818181818,0.0,Rajasthan,KARAULI-DHOLPUR,15,0.0,0.8709820536324591,2.299621100477084,7253086.0,99,0.2475692426672818,0.6501328736622853,0.0101010101010101,1.0,3383836.0,0.6276143790849673,0.0,1,cost_deviation_pct_mean,3.6264553,num_works,1.2121195,sor_match_confidence_mean,0.3892112,0.9878991842269897,0.9909101,0.5,1,0.9575113808801214,agree
Shri Yerram Venkata Subba Reddy (2024-30),28,1.0,Critical,1,"Sitting Rajya Sabha, Andhra Pradesh",K Rafiqkhan,0.0,1,cost_deviation_pct_mean (+4.333); num_works (-0.355); anomaly_score_max (+0.315),38,0.1840932665511042,0.2227202823462889,0.0789473684210526,0.1951842105263158,2.5371,0.8376842105263158,0.0,0.0,0.0,1.0,0.0789473684210526,0.0,Andhra Pradesh,Sitting Rajya Sabha,18,0.0,0.7258334160673287,1.9277297657580417,33232213.0,21,0.5798371912867711,0.6542097608274078,0.0476190476190476,1.0,3937636.0,0.5655453206923795,0.0,1,cost_deviation_pct_mean,4.332941,num_works,-0.35543898,anomaly_score_max,0.3152757,0.9877971808115641,0.9894873,0.5,1,0.9575113808801214,agree
KUNDURU RAGHUVEER,29,1.0,Critical,1,"NALGONDA, Telangana",ALLIED SURGICALS,1.0,1,cost_deviation_pct_mean (+3.554); num_works (+1.151); sor_match_confidence_mean (+0.358),6,0.0811974584370157,0.2155763700961163,0.3333333333333333,0.5247333333333334,2.7167,0.867,0.5055031074420787,0.7820643711090087,0.6666666666666666,2.0,0.1666666666666666,0.6666666666666666,Telangana,NALGONDA,15,0.0666666666666666,2.048257736007732,8.973885652146645,7766945.0,5,0.5852231918408389,0.6444309775192129,0.0,0.0,3870000.0,0.6444309775192129,0.0,1,cost_deviation_pct_mean,3.5538883,num_works,1.1507514,sor_match_confidence_mean,0.35821593,0.9877471725145975,0.99008125,0.5,1,0.9575113808801214,agree
SURESH GOPI,30,1.0,Critical,1,"THRISSUR, Kerala",VIBINDAS,1.0,1,cost_deviation_pct_mean (+3.711); num_works (+1.239); sor_match_confidence_mean (+0.292),15,0.1531008204701782,0.2155765238516559,0.0666666666666666,0.2498133333333333,2.9464,0.8706666666666667,0.1369648781385942,0.688876552823952,0.2,3.0,0.1333333333333333,0.2,Kerala,THRISSUR,12,0.0833333333333333,0.7012562538365141,1.0471404027969833,16001891.0,10,0.5560874093227034,0.6571922358687065,0.1,1.0,3299183.0,0.6571922358687065,1.0,1,cost_deviation_pct_mean,3.7114463,num_works,1.2387687,sor_match_confidence_mean,0.29224643,0.9869607289632162,0.9903044,0.5,1,0.9575113808801214,agree
KOTA SRINIVAS POOJARY,31,1.0,Critical,1,"UDUPI CHIKMAGALUR, Karnataka",VEERBHADRA,0.0,1,cost_deviation_pct_mean (+3.951); cost_deviation_pct_max (+0.441); sor_match_confidence_mean (+0.375),51,0.1864783572023038,0.2205399508903051,0.0392156862745098,0.1886823529411764,2.2068,0.878,0.0,0.0,0.0,1.0,0.1176470588235294,0.0,Karnataka,UDUPI CHIKMAGALUR,23,0.0434782608695652,0.6221857673335067,1.8626339286967253,44313852.0,75,0.4140750556632909,0.59215057817999,0.0,0.0,1498030.0,0.558501221001221,0.0,1,cost_deviation_pct_mean,3.9511366,cost_deviation_pct_max,0.44080633,sor_match_confidence_mean,0.37454894,0.9860998590787252,0.9915929,0.5,1,0.9575113808801214,agree
ARUP CHAKRABORTY,32,1.0,Critical,1,"BANKURA, West Bengal",GOPAL CHANDRA CHOWDHURY,1.0,1,cost_deviation_pct_mean (+4.445); anomaly_score_max (-0.163); num_primary_vendors (+0.149),40,0.0721097621241087,0.2062613045128863,0.275,0.205345,2.7963,0.8444750000000001,0.4645177230111706,0.8635082654953002,0.575,8.0,0.1,0.575,West Bengal,BANKURA,14,0.0,0.7090807277360726,2.2680035256582074,55795450.0,4,0.6188523486317604,0.6443169575522517,0.0,0.0,42305152.0,0.6443169575522517,0.0,1,cost_deviation_pct_mean,4.4448843,anomaly_score_max,-0.16296093,num_primary_vendors,0.1493236,0.985961397488912,0.9874763,0.5,1,0.9575113808801214,agree
RICHARD VANLALHMANGAIHA,33,1.0,Critical,1,"MIZORAM, Mizoram",VC PHULDUNGSEI ZAMPUI,1.0,1,cost_deviation_pct_mean (+4.749); collusion_score_max (+0.276); duplicate_score_max (-0.232),134,0.164417032088212,0.2204315374513806,0.0820895522388059,0.2029723880597015,2.9243,0.8397686567164179,0.2963601192463294,0.8680000119209289,0.3880597014925373,19.0,0.0820895522388059,0.3880597014925373,Mizoram,MIZORAM,23,0.0434782608695652,0.5226851212092678,1.7178277815812266,96361729.0,148,0.522152060755002,0.6865321769733534,0.0067567567567567,1.0,2740000.0,0.6489827982475042,0.0,1,cost_deviation_pct_mean,4.748689,collusion_score_max,0.27620044,duplicate_score_max,-0.23248981,0.9855467279752096,0.98938155,0.5,1,0.9575113808801214,agree
DEVESH SHAKYA,34,1.0,Critical,1,"ETAH, Uttar Pradesh",SOMYA CONSTRUCTION,1.0,1,cost_deviation_pct_mean (+4.271); anomaly_score_max (+0.394); num_works (-0.204),220,0.1837616205794001,0.222091898982724,0.0636363636363636,0.1959727272727272,2.8574,0.8491909090909091,0.7238391160452305,0.8470592908859252,0.9318181818181818,274.0,0.0909090909090909,0.9318181818181818,Uttar Pradesh,ETAH,21,0.0,0.7987491494394726,1.4914089099802428,81351075.0,2,0.6456034978093801,0.6508259714142067,0.5,1.0,49082754.0,0.6508259714142067,1.0,1,cost_deviation_pct_mean,4.2706037,anomaly_score_max,0.3940671,num_works,-0.20422386,0.9853124221165975,0.9922915,0.5,1,0.9575113808801214,agree
Ravi Shankar Prasad,35,1.0,Critical,1,"PATNA SAHIB, Bihar",ASSISTANT ENGINEER DIGHA,1.0,1,cost_deviation_pct_mean (+4.387); collusion_score_max (+0.277); cost_deviation_pct_max (-0.232),60,0.1141942152404161,0.2172800430833032,0.1333333333333333,0.28356,2.9645,0.8354166666666667,0.5033644826808845,0.8583945455509584,0.6666666666666666,15.0,0.15,0.6666666666666666,Bihar,PATNA SAHIB,25,0.08,0.8022293052686625,2.904329651175794,56647683.0,1,0.6901170724700136,0.6901170724700136,1.0,1.0,59398853.0,0.6901170724700136,1.0,1,cost_deviation_pct_mean,4.38685,collusion_score_max,0.27740702,cost_deviation_pct_max,-0.2316761,0.9850918451944987,0.99157155,0.5,1,0.9575113808801214,agree
Shri Ryaga Krishnaiah (2024-28),36,1.0,Critical,1,"Sitting Rajya Sabha, Andhra Pradesh",SRI NELCO ENTERPRISES,0.0,1,cost_deviation_pct_mean (+4.321); num_works (-0.580); cost_deviation_pct_max (-0.253),30,0.1268653652376487,0.2168526905097283,0.1,0.25834,2.9658,0.8440333333333334,0.0,0.0,0.0,1.0,0.1,0.0,Andhra Pradesh,Sitting Rajya Sabha,20,0.0,0.7454618834211991,3.2779209956201547,61002205.0,10,0.6244700316023846,0.6861398405516053,0.3,1.0,31846758.0,0.6861398405516053,1.0,1,cost_deviation_pct_mean,4.320743,num_works,-0.5802016,cost_deviation_pct_max,-0.25323477,0.9846842885017395,0.98130333,0.5,1,0.9575113808801214,agree
KALI CHARAN SINGH,37,1.0,Critical,1,"CHATRA, Jharkhand",District Engineer,1.0,1,cost_deviation_pct_mean (+4.242); num_months (-0.179); sor_match_confidence_mean (-0.163),75,0.1843334829810962,0.220883984981614,0.0266666666666666,0.1896866666666666,2.6337,0.8610133333333333,0.6289959427452089,0.8242180757522583,0.8133333333333334,71.0,0.1066666666666666,0.8133333333333334,Jharkhand,CHATRA,15,0.0,0.6504843043775087,2.100959131698133,51084747.0,7,0.5998177476118653,0.6671218487394959,0.2857142857142857,1.0,28661363.0,0.6283873805932629,0.0,1,cost_deviation_pct_mean,4.2419496,num_months,-0.17928013,sor_match_confidence_mean,-0.16303799,0.984439472357432,0.98586106,0.5,1,0.9575113808801214,agree
AVIMANYU SETHI,38,1.0,Critical,1,"BHADRAK, Odisha",Amiya Ku Das,1.0,1,cost_deviation_pct_mean (+4.277); num_works (-0.487); sor_match_confidence_mean (+0.353),27,0.1667098252242987,0.2171755376750749,0.074074074074074,0.3337555555555556,2.8749,0.867925925925926,0.2064668165842691,0.7185945837497711,0.2962962962962963,16.0,0.1481481481481481,0.2962962962962963,Odisha,BHADRAK,17,0.0,0.7073291531956978,3.687083932842816,23316575.0,51,0.5022793607136168,0.6186750341162106,0.0,0.0,2000000.0,0.6186750341162106,0.0,1,cost_deviation_pct_mean,4.2771096,num_works,-0.4874506,sor_match_confidence_mean,0.35282153,0.9839983582496643,0.97889256,0.5,1,0.9575113808801214,agree
Anto Antony,39,1.0,Critical,1,"PATHANAMTHITTA, Kerala",M S Communication,1.0,1,cost_deviation_pct_mean (+4.393); collusion_score_max (+0.204); sor_match_confidence_mean (-0.165),60,0.1731962432449984,0.2192639598536235,0.0666666666666666,0.2104866666666666,2.8358,0.8611333333333333,0.6707462743342604,0.8370748572349548,0.85,188.0,0.1,0.85,Kerala,PATHANAMTHITTA,20,0.0,0.7153574110459047,3.069610539745219,26984855.0,11,0.4302273706685471,0.6886913739854916,0.0909090909090909,1.0,29660676.0,0.6886913739854916,1.0,1,cost_deviation_pct_mean,4.392722,collusion_score_max,0.20445019,sor_match_confidence_mean,-0.16537139,0.9836523731549581,0.98977727,0.5,1,0.9575113808801214,agree
Shri Sandosh Kumar P (2022-28),40,1.0,Critical,1,"Sitting Rajya Sabha, Kerala",JAMES K M,0.0,1,cost_deviation_pct_mean (+4.208); num_works (-0.496); sor_match_confidence_mean (+0.419),29,0.1380692815169819,0.2076742744311142,0.1034482758620689,0.2513172413793103,2.6092,0.8755862068965518,0.0,0.0,0.0,1.0,0.1034482758620689,0.0,Kerala,Sitting Rajya Sabha,25,0.0,0.7819624179583514,2.3136599658600976,55957933.0,30,0.443908610452728,0.6175168785462903,0.0,0.0,4352980.0,0.6149850966027437,0.0,1,cost_deviation_pct_mean,4.208475,num_works,-0.49564677,sor_match_confidence_mean,0.41869718,0.9825604557991028,0.9854307,0.5,1,0.9575113808801214,agree
Shri Devendra Pratap Singh (2024-30),41,1.0,Critical,1,"Sitting Rajya Sabha, Chhattisgarh",Maruti Suzuki India Limited,0.0,1,cost_deviation_pct_mean (+3.830); num_works (+1.210); total_actual_amount (-0.200),3,-0.0420081290177554,0.201525924348004,0.6666666666666666,0.9715333333333334,2.7507,0.835,0.0,0.0,0.0,1.0,0.3333333333333333,0.0,Chhattisgarh,Sitting Rajya Sabha,15,0.0666666666666666,1.5120937954999116,9.495669082899168,8275468.0,10,0.5967082345758816,0.6638978668390433,0.1,1.0,6018784.0,0.6638978668390433,1.0,1,cost_deviation_pct_mean,3.829931,num_works,1.2100393,total_actual_amount,-0.20015755,0.9824382265408834,0.9868195,0.5,1,0.9575113808801214,agree
ADITYA YADAV,42,1.0,Critical,1,"BADAUN, Uttar Pradesh",Jagdish Narayan,1.0,1,cost_deviation_pct_mean (+4.485); cost_deviation_pct_max (-0.134); anomaly_score_max (-0.123),41,0.1586867168175397,0.2184053820755341,0.0975609756097561,0.194790243902439,2.8967,0.8529024390243902,0.2539660617346695,0.8024079613685607,0.3414634146341463,15.0,0.0975609756097561,0.3414634146341463,Uttar Pradesh,BADAUN,22,0.0909090909090909,0.5715394117468797,2.295306251030241,90991162.0,8,0.5906344268476621,0.6662868993751346,0.375,1.0,28535541.0,0.6662868993751346,1.0,1,cost_deviation_pct_mean,4.4852033,cost_deviation_pct_max,-0.1339081,anomaly_score_max,-0.123306155,0.9820938309033712,0.99013174,0.5,1,0.9575113808801214,agree
K. C VENUGOPAL,43,1.0,Critical,1,"ALAPPUZHA, Kerala",Multiline Ventures,1.0,1,cost_deviation_pct_mean (+4.532); num_works (-0.400); cost_deviation_pct_max (+0.166),37,0.1499498279707016,0.2189178702868598,0.081081081081081,0.2713891891891892,2.4446,0.8595945945945946,0.3966951696028483,0.7897674128894513,0.5405405405405406,25.0,0.1891891891891892,0.5405405405405406,Kerala,ALAPPUZHA,18,0.0,0.7374821580374906,2.4938916092588976,44331588.0,16,0.4043702416864181,0.6907796451914099,0.0625,1.0,13914897.0,0.6907796451914099,1.0,1,cost_deviation_pct_mean,4.531915,num_works,-0.4001547,cost_deviation_pct_max,0.1664499,0.9820818503697714,0.98426473,0.5,1,0.9575113808801214,agree
Prof Sougata Ray,44,1.0,Critical,1,"DUM DUM, West Bengal",APRJ Constructions Private Limited,0.0,1,cost_deviation_pct_mean (+3.163); num_works (+1.154); cost_deviation_pct_max (+0.678),13,0.146030613280971,0.2213759447106881,0.1538461538461538,0.1865538461538461,1.7907,0.8926153846153846,0.0,0.0,0.0,1.0,0.0769230769230769,0.0,West Bengal,DUM DUM,18,0.0555555555555555,0.9792803742180644,4.418323392303091,14046615.0,13,0.5703109547566562,0.6500834949364361,0.0769230769230769,1.0,5000000.0,0.6500834949364361,1.0,1,cost_deviation_pct_mean,3.1628277,num_works,1.1537683,cost_deviation_pct_max,0.67837316,0.981257418791453,0.99389607,0.5,1,0.9575113808801214,agree
Shri Amar Pal Maurya (2024-30),45,1.0,Critical,1,"Sitting Rajya Sabha, Uttar Pradesh",NARAYAN MARBLES,0.0,1,cost_deviation_pct_mean (+3.933); num_works (-0.829); cost_deviation_pct_max (+0.440),18,0.0529214251450858,0.174290769163946,0.2777777777777778,0.2159666666666666,2.3221,0.916111111111111,0.0,0.0,0.0,1.0,0.1111111111111111,0.0,Uttar Pradesh,Sitting Rajya Sabha,19,0.0526315789473684,0.635910722045284,2.667697283137739,26365566.0,12,0.5671989094783213,0.641962041226747,0.0,0.0,14989958.0,0.6146044315161963,0.0,1,cost_deviation_pct_mean,3.9333425,num_works,-0.82862693,cost_deviation_pct_max,0.44004866,0.9810173312822977,0.98188525,0.5,1,0.9575113808801214,agree
Shri Mukul Wasnik (2022-28),46,1.0,Critical,1,"Sitting Rajya Sabha, Rajasthan",mahesh construction company,0.0,1,cost_deviation_pct_mean (+4.569); collusion_score_max (+0.255); collusion_score_mean (-0.217),94,0.1054562806711812,0.2185974874871475,0.1063829787234042,0.2190553191489361,2.8493,0.8515744680851064,0.0,0.0,0.0,1.0,0.1276595744680851,0.0,Rajasthan,Sitting Rajya Sabha,39,0.0256410256410256,0.3718523878380241,1.615271925756013,114656779.01,170,0.3112555610479486,0.6787994685053509,0.0235294117647058,1.0,6994448.0,0.6787994685053509,1.0,1,cost_deviation_pct_mean,4.5688214,collusion_score_max,0.25467294,collusion_score_mean,-0.21701252,0.9800184766451517,0.9879367,0.5,1,0.9575113808801214,agree
Sanjay Uttamrao Deshmukh,47,1.0,Critical,1,"YAVATMAL-WASHIM, Maharashtra",Shriyog Electricals,0.0,1,cost_deviation_pct_mean (+4.012); num_works (-0.493); sor_match_confidence_mean (+0.386),23,0.1481301613270711,0.2159023944012951,0.1304347826086956,0.329895652173913,2.3789,0.8714782608695653,0.0,0.0,0.0,1.0,0.1739130434782608,0.0,Maharashtra,YAVATMAL-WASHIM,17,0.0,0.9437365318008728,3.318967284284544,24518118.0,24,0.5369447137829491,0.6481693959635135,0.0,0.0,3936386.0,0.6481693959635135,0.0,1,cost_deviation_pct_mean,4.0121565,num_works,-0.49305025,sor_match_confidence_mean,0.38640308,0.9791887799898783,0.9837578,0.5,1,0.9575113808801214,agree
Amol Ramsing Kolhe,48,1.0,Critical,1,"SHIRUR, Maharashtra",SHRI YASHWANTRAYA MAJUR SAHAKARI SANSTHA MARYADIT,1.0,1,cost_deviation_pct_mean (+2.321); num_works (+1.111); cost_deviation_pct_max (+0.531),15,0.1672336126337199,0.2005969642208565,0.0666666666666666,0.16752,2.3237,0.8643333333333333,0.4044599325341683,0.7900882773399353,0.5333333333333333,26.0,0.0666666666666666,0.5333333333333333,Maharashtra,SHIRUR,20,0.05,0.8601740780665558,3.212385821676186,21557613.0,15,0.589396741602624,0.6428795877325288,0.0,0.0,3498057.0,0.6065889176183294,0.0,1,cost_deviation_pct_mean,2.321293,num_works,1.1105238,cost_deviation_pct_max,0.5311077,0.9790425499280294,0.9843174,0.5,1,0.9575113808801214,agree
G. KUMAR NAIK,49,1.0,Critical,1,"RAICHUR, Karnataka",CASHUTEC Nirmithi Kendra,1.0,1,cost_deviation_pct_mean (+1.629); num_works (+1.191); cost_deviation_pct_max (+0.748),9,0.1178887210630888,0.2234763763784681,0.2222222222222222,0.1524333333333333,1.0845,0.780888888888889,0.6298944635244053,0.8439674191474914,0.7777777777777778,3.0,0.1111111111111111,0.7777777777777778,Karnataka,RAICHUR,20,0.05,0.8006529011765167,3.4035973089727003,24271564.0,15,0.5249995810289928,0.6562262084320908,0.1333333333333333,1.0,7875000.0,0.6562262084320908,1.0,1,cost_deviation_pct_mean,1.6285601,num_works,1.1910521,cost_deviation_pct_max,0.747898,0.9782519737879435,0.98257345,0.5,1,0.9575113808801214,agree
K RADHAKRISHNAN,50,1.0,Critical,1,"ALATHUR, Kerala",MUHAMMED MA,1.0,1,cost_deviation_pct_mean (+2.385); num_works (+1.145); cost_deviation_pct_max (+0.641),15,0.124942048314659,0.222471091451143,0.0666666666666666,0.1679066666666666,1.9177,0.8433333333333334,0.1346054641441463,0.7008279546365439,0.2,2.0,0.0666666666666666,0.2,Kerala,ALATHUR,18,0.0,0.8304156221749035,1.734100842776541,28066021.0,20,0.451028199741435,0.6565736551030669,0.05,1.0,4537516.0,0.6437199238669826,0.0,1,cost_deviation_pct_mean,2.385427,num_works,1.1451648,cost_deviation_pct_max,0.6412061,0.9782088994979858,0.98431814,0.5,1,0.9575113808801214,agree
DR. LATA WANKHEDE,51,1.0,Critical,1,"SAGAR, Madhya Pradesh",MANISH FEBRICATION,1.0,1,cost_deviation_pct_mean (+4.776); anomaly_score_max (+0.303); residual_pct_max (-0.226),103,0.1364949215299697,0.2234763763784681,0.0679611650485436,0.1965378640776699,2.9493,0.844621359223301,0.723000889829193,0.8680000119209289,0.912621359223301,99.0,0.087378640776699,0.912621359223301,Madhya Pradesh,SAGAR,26,0.0,0.4895440361453095,1.2350612720925895,100520853.0,95,0.3942704612209256,0.6602034403504992,0.0210526315789473,1.0,16518942.0,0.6574238669826905,1.0,1,cost_deviation_pct_mean,4.775944,anomaly_score_max,0.30349338,residual_pct_max,-0.22555843,0.9771316250165304,0.9832623,0.5,1,0.9575113808801214,agree
GM Harish Balayogi,52,1.0,Critical,1,"AMALAPURAM, Andhra Pradesh",SRI SAI SAMHITA CONSTRUCTIONS,1.0,1,cost_deviation_pct_mean (+4.622); residual_pct_max (-0.214); cost_deviation_pct_max (-0.204),41,0.166049456996904,0.220189049046339,0.0975609756097561,0.2371975609756097,2.9509,0.8430975609756097,0.3609390519366159,0.8368043538722528,0.4878048780487805,25.0,0.0975609756097561,0.4878048780487805,Andhra Pradesh,AMALAPURAM,20,0.0,0.8143289727693813,1.419129321396312,54891857.0,27,0.513287000460203,0.6641950369891547,0.037037037037037,1.0,11586983.0,0.6641950369891547,1.0,1,cost_deviation_pct_mean,4.6222587,residual_pct_max,-0.2138441,cost_deviation_pct_max,-0.20373926,0.9766950805981954,0.98681134,0.5,1,0.9575113808801214,agree
CHHATRAPATI SHAHU SHAHAJI,53,1.0,Critical,1,"KOLHAPUR, Maharashtra",Kshatriya Constructions,1.0,1,cost_deviation_pct_mean (+4.165); num_works (-0.538); cost_deviation_pct_max (+0.523),22,0.1491939967713662,0.2026955002331184,0.0454545454545454,0.2012318181818182,2.0651,0.854,0.2280470650547141,0.7680000119209289,0.3181818181818182,25.0,0.0909090909090909,0.3181818181818182,Maharashtra,KOLHAPUR,16,0.0625,0.6343471066081308,1.855955370870807,33696592.0,26,0.5506533185266217,0.6210380305968541,0.0,0.0,2986089.0,0.6210380305968541,0.0,1,cost_deviation_pct_mean,4.1651187,num_works,-0.53813905,cost_deviation_pct_max,0.52332026,0.9750591715176901,0.97703016,0.5,1,0.9575113808801214,agree
AMAR SHARADRAO KALE,54,1.0,Critical,1,"WARDHA, Maharashtra",President Pragati Majoor Sahakari Sanstha Ltd,1.0,1,cost_deviation_pct_mean (+4.482); num_works (-0.477); residual_pct_max (-0.164),29,0.1575463286216895,0.2169975818217202,0.0689655172413793,0.2987896551724138,2.6033,0.8375172413793104,0.3626346354103124,0.7690834688788498,0.5172413793103449,7.0,0.1379310344827586,0.5172413793103449,Maharashtra,WARDHA,16,0.0,0.6119967858423313,1.050567316922683,31855968.0,14,0.5839438339438339,0.6463738059326294,0.0,0.0,5610761.0,0.6463738059326294,0.0,1,cost_deviation_pct_mean,4.48229,num_works,-0.47721222,residual_pct_max,-0.1643363,0.9750563502311707,0.9807283,0.5,1,0.9575113808801214,agree
Smt Aparajita Sarangi,55,1.0,Critical,1,"BHUBANESWAR, Odisha",Subhasmita Sahoo,1.0,1,cost_deviation_pct_mean (+4.421); collusion_score_max (+0.244); residual_pct_mean (-0.147),47,0.0717951284746846,0.2148196797467757,0.1276595744680851,0.2141085106382979,2.5613,0.8448510638297873,0.7246130535351357,0.8609472682211134,0.9148936170212766,124.0,0.1063829787234042,0.9148936170212766,Odisha,BHUBANESWAR,18,0.0555555555555555,1.0372038731503144,8.557242093280923,32303960.0,36,0.4543647052838229,0.6753052503052503,0.0277777777777777,1.0,4906516.0,0.6753052503052503,1.0,1,cost_deviation_pct_mean,4.4209895,collusion_score_max,0.24385646,residual_pct_mean,-0.14660892,0.9749853412310282,0.9863382,0.5,1,0.9575113808801214,agree
Smt. Maya Naroliya (2024-30),56,1.0,Critical,1,"Sitting Rajya Sabha, Madhya Pradesh",GRAM PANCHAYAT KADAIYASHAH,0.0,1,cost_deviation_pct_mean (+4.683); num_works (-0.763); collusion_score_max (+0.216),16,0.1406220733031144,0.2101413873994264,0.125,0.3430499999999999,2.6691,0.8501875,0.0,0.0,0.0,1.0,0.1875,0.0,Madhya Pradesh,Sitting Rajya Sabha,24,0.0,0.4673994608667434,0.9982074692096732,70791767.0,61,0.4363538689961062,0.6779160382101559,0.0327868852459016,1.0,12940000.0,0.6779160382101559,1.0,1,cost_deviation_pct_mean,4.6832647,num_works,-0.76306176,collusion_score_max,0.21576495,0.974025547504425,0.97633433,0.5,1,0.9575113808801214,agree
Mahendra Singh Solanky,57,1.0,Critical,1,"DEWAS, Madhya Pradesh",CEO Bagli,1.0,1,cost_deviation_pct_mean (+1.697); num_works (+1.182); cost_deviation_pct_max (+0.737),10,0.1739766374971782,0.2121387955054029,0.0,0.15418,1.2031,0.8399000000000001,0.5857210111724878,0.7642686649958292,0.8,42.0,0.1,0.8,Madhya Pradesh,DEWAS,25,0.04,0.418959211290991,1.2043192148149002,42062417.0,27,0.5106384719129817,0.66944534223946,0.074074074074074,1.0,7619342.0,0.6214177978883861,0.0,1,cost_deviation_pct_mean,1.6969317,num_works,1.1816344,cost_deviation_pct_max,0.73665565,0.9732447266578674,0.97283584,0.5,1,0.9575113808801214,agree
Shri Sanjay Singh (2024-30),58,0.9375,Critical,1,"Sitting Rajya Sabha, Delhi",Delight Trading Company,0.0,0,cost_deviation_pct_mean (+3.623); num_works (-0.901); cost_deviation_pct_max (-0.536),17,0.1592111217055216,0.2181366106386485,0.0588235294117647,0.2139647058823529,2.9755,0.8474117647058824,0.0,0.0,0.0,1.0,0.0588235294117647,0.0,Delhi,Sitting Rajya Sabha,18,0.0555555555555555,1.037229344615798,3.2596259865263506,17660934.0,11,0.5899563671622495,0.6607861093155212,0.1818181818181818,1.0,5317094.0,0.6607861093155212,1.0,0,cost_deviation_pct_mean,3.623448,num_works,-0.90096277,cost_deviation_pct_max,-0.53597814,0.9728463292121887,0.69642663,0.5,1,0.9021244309559939,false_positive
Khagen Murmu,59,0.9375,Critical,1,"MALDAHA UTTAR, West Bengal",VENTURE SPECTACULAR,0.0,1,cost_deviation_pct_mean (+1.539); num_works (+1.123); cost_deviation_pct_max (+0.810),7,0.1553705588008647,0.2049763642650418,0.0,0.1665571428571428,0.9131,0.8697142857142858,0.0,0.0,0.0,1.0,0.1428571428571428,0.0,West Bengal,MALDAHA UTTAR,12,0.0,1.1075022990964412,2.5402157691095097,6003169.0,4,0.6315884687208216,0.6575333979745744,0.25,1.0,2837615.0,0.5839932126696833,0.0,1,cost_deviation_pct_mean,1.5389622,num_works,1.1227918,cost_deviation_pct_max,0.8104698,0.9720688462257385,0.9754852,0.5,1,0.9021244309559939,agree
Shri Rwngwra Narzary (2022-28),60,0.9375,Critical,1,"Sitting Rajya Sabha, Assam",MS Dwithun Basumatary Enterprise,0.0,1,cost_deviation_pct_mean (+4.367); num_works (-0.865); anomaly_flag_rate (-0.372),17,0.1356697670558876,0.2177148085143118,0.0588235294117647,0.2345294117647058,2.7849,0.8481764705882353,0.0,0.0,0.0,1.0,0.1176470588235294,0.0,Assam,Sitting Rajya Sabha,30,0.0333333333333333,0.644908718423692,2.665266747486091,119812440.0,68,0.4937107346709423,0.6784601019895138,0.0588235294117647,1.0,18599296.0,0.6784601019895138,1.0,1,cost_deviation_pct_mean,4.36748,num_works,-0.8653687,anomaly_flag_rate,-0.37213066,0.9720179438591003,0.967628,0.5,1,0.9021244309559939,agree
IMRAN MASOOD,61,0.9375,Critical,1,"SAHARANPUR, Uttar Pradesh",AHTESHAM CONTRACTOR,1.0,1,cost_deviation_pct_mean (+4.268); collusion_score_max (+0.279); num_months (-0.212),51,0.1711173596965115,0.2207007745287763,0.0392156862745098,0.2295686274509804,2.8288,0.8197254901960784,0.4818838718062325,0.7895696098254203,0.6666666666666666,52.0,0.0784313725490196,0.6666666666666666,Uttar Pradesh,SAHARANPUR,17,0.1176470588235294,0.9921349049630098,3.256162123318555,69261651.0,12,0.5635631389307859,0.6738409466350643,0.25,1.0,14321325.0,0.6634175465057819,1.0,1,cost_deviation_pct_mean,4.268474,collusion_score_max,0.27903426,num_months,-0.21225107,0.9707943201065063,0.9776135,0.5,1,0.9021244309559939,agree
DR RAJKUMAR SANGWAN,62,0.9375,Critical,1,"BAGHPAT, Uttar Pradesh",TECHKRITI INFRATECH PVT LTD,1.0,1,cost_deviation_pct_mean (+4.084); num_works (-0.760); cost_deviation_pct_max (+0.534),16,0.1741786810086589,0.2155054614438116,0.0625,0.2595625,2.0443,0.8599375,0.3531350757234931,0.7532133451436517,0.5,3.0,0.125,0.5,Uttar Pradesh,BAGHPAT,12,0.0,0.6653067785728757,1.3138138826614034,36662976.0,7,0.566317296149229,0.6477950154420743,0.0,0.0,25014254.0,0.6477950154420743,0.0,1,cost_deviation_pct_mean,4.0843067,num_works,-0.7604859,cost_deviation_pct_max,0.5342699,0.9705782334009806,0.9675088,0.5,1,0.9021244309559939,agree
Kirti Vardhan Singh,63,0.9375,Critical,1,"GONDA, Uttar Pradesh",AMARNATH PANDEY AMARNATH PANDEY CONTRACTOR,1.0,1,cost_deviation_pct_mean (+4.619); num_works (-0.532); residual_pct_max (-0.198),35,0.1602215701960215,0.2142999266337793,0.0857142857142857,0.2621857142857143,2.6319,0.8521142857142857,0.5399458123720259,0.7680000119209289,0.7428571428571429,37.0,0.1142857142857142,0.7428571428571429,Uttar Pradesh,GONDA,21,0.0,0.6321501162225995,1.3894801286394651,71075338.0,23,0.5084051569345687,0.6608318968613086,0.1304347826086956,1.0,19104727.0,0.6608318968613086,1.0,1,cost_deviation_pct_mean,4.619128,num_works,-0.5323778,residual_pct_max,-0.19792639,0.968594471613566,0.9777696,0.5,1,0.9021244309559939,agree
Shri S.R. Sivalingam (2025-31),64,0.9375,Critical,1,"Sitting Rajya Sabha, Tamil Nadu",APU Constructions,0.0,1,cost_deviation_pct_mean (+4.561); num_works (-0.442); anomaly_score_max (-0.168),24,0.1522653776886433,0.2014223723976158,0.0833333333333333,0.2847333333333333,2.7691,0.8375,0.0,0.0,0.0,1.0,0.125,0.0,Tamil Nadu,Sitting Rajya Sabha,1,0.0,0.0,0.0,27371677.0,5,0.5979478201537025,0.6292340012928248,0.0,0.0,28998978.0,0.6135827407886232,0.0,1,cost_deviation_pct_mean,4.56094,num_works,-0.4420831,anomaly_score_max,-0.16771074,0.9666299223899841,0.9777949,0.5,1,0.9021244309559939,agree
Shri Damodar Rao Divakonda (2022-28),65,0.9375,Critical,1,"Sitting Rajya Sabha, Telangana",M Harish,0.0,1,cost_deviation_pct_mean (+4.412); anomaly_score_max (+0.332); num_works (-0.157),110,0.1225528436878858,0.2217555162880214,0.0727272727272727,0.1821609090909091,2.9184,0.8473818181818182,0.0,0.0,0.0,1.0,0.0818181818181818,0.0,Telangana,Sitting Rajya Sabha,28,0.0357142857142857,0.681769076033629,2.652567586317799,77052481.0,43,0.4832431362527121,0.663446275946276,0.0697674418604651,1.0,9695778.0,0.6450522516698987,0.0,1,cost_deviation_pct_mean,4.4117374,anomaly_score_max,0.33248985,num_works,-0.15664226,0.9661736090977987,0.99042565,0.5,1,0.9021244309559939,agree
Shri Benny Behanan,66,0.9375,Critical,1,"CHALAKUDY, Kerala",PREETILA SUGATHAN,1.0,1,cost_deviation_pct_mean (+2.197); num_works (+1.186); cost_deviation_pct_max (+0.657),13,0.1152614945596662,0.2098122565469175,0.1538461538461538,0.1635153846153846,2.1327,0.8346923076923076,0.4332361903400502,0.7325006022465974,0.6153846153846154,3.0,0.0769230769230769,0.6153846153846154,Kerala,CHALAKUDY,18,0.0,0.62832811763394,1.3300293389809552,29054612.0,12,0.4709228135698723,0.6543713639301875,0.0833333333333333,1.0,4000000.0,0.6543713639301875,1.0,1,cost_deviation_pct_mean,2.1966882,num_works,1.1862072,cost_deviation_pct_max,0.65740055,0.9653309384981791,0.9702996,0.5,1,0.9021244309559939,agree
RAHUL SINGH LODHI,67,0.9375,Critical,1,"DAMOH, Madhya Pradesh",MAHALAXMI INDUSTRIES,1.0,1,cost_deviation_pct_mean (+3.215); anomaly_score_max (+0.506); duplicate_score_max (-0.186),176,0.1672235081869399,0.2227202823462889,0.0454545454545454,0.1810028409090909,2.9721,0.8616022727272727,0.8273228682057711,0.8680000119209289,0.9886363636363636,134.0,0.0852272727272727,0.9886363636363636,Madhya Pradesh,DAMOH,26,0.0384615384615384,0.62183962111214,2.0852017778210885,72714957.0,39,0.4577769766683793,0.6670877325289091,0.0256410256410256,1.0,33171828.0,0.6373195432018961,0.0,1,cost_deviation_pct_mean,3.2145004,anomaly_score_max,0.5062695,duplicate_score_max,-0.1860244,0.9641876419385275,0.97101843,0.5,1,0.9021244309559939,agree
ABHIJIT GANGOPADHYAY,68,0.9375,Critical,1,"TAMLUK, West Bengal",MANDAL ENTERPRISE,1.0,1,cost_deviation_pct_mean (+2.975); sor_match_confidence_mean (+0.427); collusion_score_max (-0.181),74,0.1695742964000898,0.2204754244834162,0.0405405405405405,0.1681864864864865,2.9029,0.8770540540540541,0.5196336387157044,0.7984043847295347,0.7162162162162162,121.0,0.081081081081081,0.7162162162162162,West Bengal,TAMLUK,24,0.0416666666666666,0.5641329811832376,2.203689430297476,41397394.78,79,0.4066575137033066,0.6101747109100051,0.0,0.0,2646066.0,0.6101747109100051,0.0,1,cost_deviation_pct_mean,2.9754672,sor_match_confidence_mean,0.42672676,collusion_score_max,-0.18089974,0.9641024867693583,0.96701604,0.5,1,0.9021244309559939,agree
Shri Rajib Bhattacharjee (2024-28),69,0.9375,Critical,1,"Sitting Rajya Sabha, Tripura",Jain Udyog,0.0,1,cost_deviation_pct_mean (+4.379); num_works (-0.830); sor_match_confidence_mean (-0.159),18,-0.042386000532672,0.2157832556951465,0.5,0.2810888888888889,2.7707,0.8127222222222222,0.0,0.0,0.0,1.0,0.1111111111111111,0.0,Tripura,Sitting Rajya Sabha,18,0.0555555555555555,0.6105220558809845,1.6409516325512186,34210580.0,20,0.5584350535085829,0.6680160525748762,0.1,1.0,4548080.0,0.6340327156503627,0.0,1,cost_deviation_pct_mean,4.3786826,num_works,-0.8304204,sor_match_confidence_mean,-0.15905704,0.9639647006988525,0.9669182,0.5,1,0.9021244309559939,agree
BHASKAR MURLIDHAR BHAGARE,70,0.9375,Critical,1,"DINDORI, Maharashtra",NIKITA RATAN TAMBE,1.0,1,cost_deviation_pct_mean (+4.317); num_works (-0.845); cost_deviation_pct_max (+0.429),19,0.1454206628877278,0.205384054494854,0.1052631578947368,0.2054631578947368,2.3316,0.8212105263157895,0.3320130938955565,0.726138527988883,0.4736842105263157,43.0,0.1052631578947368,0.4736842105263157,Maharashtra,DINDORI,16,0.0625,0.6832240679909352,1.3755133459164364,34081627.0,22,0.5482555842849961,0.6453557063851181,0.0,0.0,5774952.0,0.6453557063851181,0.0,1,cost_deviation_pct_mean,4.3171883,num_works,-0.8452106,cost_deviation_pct_max,0.42887083,0.9627924561500549,0.9696806,0.5,1,0.9021244309559939,agree
Smt. S. Phangnon Konyak (2022-28),71,0.9375,Critical,1,"Sitting Rajya Sabha, Nagaland",Y C Chingkap Konyak,0.0,1,cost_deviation_pct_mean (+2.848); cost_deviation_pct_max (+0.433); collusion_score_max (+0.236),58,0.1076357537893287,0.2074388490640996,0.1896551724137931,0.1640586206896551,2.3101,0.8497586206896552,0.0,0.0,0.0,1.0,0.0862068965517241,0.0,Nagaland,Sitting Rajya Sabha,37,0.054054054054054,0.830638035344297,2.521546493910514,200229200.0,68,0.5167939423129734,0.6752504848093084,0.1029411764705882,1.0,25000000.0,0.6595049558284853,1.0,1,cost_deviation_pct_mean,2.8475947,cost_deviation_pct_max,0.4327714,collusion_score_max,0.23611213,0.9627082546552023,0.97539866,0.5,1,0.9021244309559939,agree
DAGGUMALLA PRASADA RAO,72,0.9375,Critical,1,"CHITTOOR, Andhra Pradesh",Mr NARESH GANDHAMANENI,1.0,1,cost_deviation_pct_mean (+4.453); cost_deviation_pct_max (-0.583); anomaly_score_max (+0.289),111,0.1728263550697663,0.2228835800694705,0.072072072072072,0.2153918918918919,2.9996,0.8421981981981982,0.4274691426127152,0.8673930578231811,0.5495495495495496,46.0,0.081081081081081,0.5495495495495496,Andhra Pradesh,CHITTOOR,25,0.04,0.5192280979182381,1.6220657281149122,76341346.0,56,0.4333178143052092,0.6374407455289808,0.0,0.0,6932534.0,0.6290104503339797,0.0,1,cost_deviation_pct_mean,4.453481,cost_deviation_pct_max,-0.58251935,anomaly_score_max,0.28910074,0.961061974366506,0.9736539,0.5,1,0.9021244309559939,agree
JOYANTA BASUMATARY,73,0.9375,Critical,1,"KOKRAJHAR, Assam",Derhasad Basumatary,1.0,1,cost_deviation_pct_mean (+4.678); num_works (-0.760); anomaly_score_max (+0.478),20,0.1465150970324494,0.2218580082461208,0.05,0.309945,2.4426,0.8541000000000001,0.5598528192902854,0.8078003152242056,0.75,10.0,0.15,0.75,Assam,KOKRAJHAR,15,0.0666666666666666,0.526522065055398,1.3395024902974564,63280971.0,36,0.5392113219931848,0.63900290885585,0.0,0.0,4574819.0,0.63900290885585,0.0,1,cost_deviation_pct_mean,4.6775675,num_works,-0.76020163,anomaly_score_max,0.47783998,0.960843563079834,0.97825956,0.5,1,0.9021244309559939,agree
Shri Ratanjit Pratap Narain Singh (2024-30),74,0.9333333333333333,Critical,1,"Sitting Rajya Sabha, Uttar Pradesh",BINDU DEVI,0.0,0,cost_deviation_pct_mean (+2.702); anomaly_flag_rate (-0.502); residual_pct_max (-0.354),83,0.1741792582910449,0.2062745237945227,0.0481927710843373,0.1721373493975903,2.7101,0.8496024096385542,0.0,0.0,0.0,1.0,0.0602409638554216,0.0,Uttar Pradesh,Sitting Rajya Sabha,20,0.0,0.6225664984181885,1.440325161458594,89937432.0,32,0.3632734784618975,0.6685565251741723,0.09375,1.0,32465867.0,0.6685565251741723,1.0,0,cost_deviation_pct_mean,2.7022963,anomaly_flag_rate,-0.5021325,residual_pct_max,-0.35384068,0.9589098890622457,0.75272304,0.5,1,0.8786039453717754,false_positive
Hasmukh Bhai Soma Bhai Patel,75,0.9333333333333333,Critical,1,"AHMEDABAD EAST, Gujarat",ALPHA EQUIPMENTS,1.0,1,cost_deviation_pct_mean (+4.440); num_works (-0.820); residual_pct_mean (-0.142),20,0.1324957056664525,0.2165921047985191,0.15,0.240875,2.8035,0.8558999999999999,0.1794534036663373,0.7614407353401184,0.25,11.0,0.1,0.25,Gujarat,AHMEDABAD EAST,17,0.0,1.0595360655522097,3.113614803275737,32021270.0,27,0.4962373078386149,0.6544737125619479,0.037037037037037,1.0,7737422.0,0.6544737125619479,1.0,1,cost_deviation_pct_mean,4.4401836,num_works,-0.8201968,residual_pct_mean,-0.14205529,0.9581495324770609,0.96061206,0.5,1,0.8786039453717754,agree
DULU MAHATO,76,0.9333333333333333,Critical,1,"DHANBAD, Jharkhand",BIRENDRA KUMAR MAHATO,1.0,1,cost_deviation_pct_mean (+1.864); cost_deviation_pct_max (+0.575); anomaly_score_max (+0.434),57,0.1924800754577726,0.2227737492569533,0.0,0.1573912280701754,1.8172,0.8674210526315789,0.6470490572196931,0.7978193510373434,0.8596491228070176,76.0,0.1052631578947368,0.8596491228070176,Jharkhand,DHANBAD,18,0.0555555555555555,0.4393652709352771,1.0,58175255.0,4,0.5994882568411981,0.6724727070315306,0.5,1.0,44197500.0,0.6724727070315306,1.0,1,cost_deviation_pct_mean,1.8640077,cost_deviation_pct_max,0.5749491,anomaly_score_max,0.4344505,0.9573236703872681,0.97186095,0.5,1,0.8786039453717754,agree
Shri Jugal Kishore Sharma,77,0.9333333333333333,Critical,1,"JAMMU, Jammu And Kashmir",Ashwani Kumar,1.0,1,cost_deviation_pct_mean (+4.277); residual_pct_mean (-0.236); collusion_score_max (-0.216),45,0.1765400261279353,0.2155201241641217,0.0444444444444444,0.1948377777777777,2.9007,0.8463555555555555,0.1595287443208451,0.7976663319999933,0.2222222222222222,10.0,0.0666666666666666,0.2222222222222222,Jammu And Kashmir,JAMMU,22,0.0,2.183607397974532,33.81108123580087,30668749.0,63,0.4584225000541527,0.6235859728506787,0.0,0.0,3453152.0,0.5789278531925591,0.0,1,cost_deviation_pct_mean,4.2770925,residual_pct_mean,-0.23577634,collusion_score_max,-0.21632887,0.9565364917119344,0.97250384,0.5,1,0.8786039453717754,agree
S Venkatesan,78,0.9333333333333333,Critical,1,"MADURAI, Tamil Nadu",N S CHELLAPANDIAN,1.0,1,cost_deviation_pct_mean (+4.654); cost_deviation_pct_max (-0.647); residual_pct_max (-0.220),46,0.1270073213921263,0.2144767471472911,0.1304347826086956,0.2365978260869565,2.9993,0.8421304347826087,0.4901373232575181,0.8162127547264099,0.6521739130434783,30.0,0.108695652173913,0.6521739130434783,Tamil Nadu,MADURAI,26,0.0769230769230769,0.2256858894110258,1.1289180084110806,50415867.0,34,0.5076610961126532,0.6254390217625512,0.0,0.0,7034385.0,0.5841727716727717,0.0,1,cost_deviation_pct_mean,4.6535373,cost_deviation_pct_max,-0.64665467,residual_pct_max,-0.21961191,0.9565263589223226,0.97273976,0.5,1,0.8786039453717754,agree
SURESH KUMAR SHETKAR,79,0.9333333333333333,Critical,1,"ZAHIRABAD, Telangana",MACHNOOR YELLAREDDY,1.0,1,cost_deviation_pct_mean (+4.352); cost_deviation_pct_max (-0.453); sor_match_confidence_mean (+0.352),64,0.1262821076839981,0.2115979734009705,0.078125,0.2195515625,2.9832,0.879671875,0.6892878553077028,0.8475992493629455,0.875,70.0,0.09375,0.875,Telangana,ZAHIRABAD,14,0.0,0.5431251640711668,1.0,30460371.0,25,0.5290009696186166,0.6526188680600444,0.04,1.0,8165466.0,0.6526188680600444,1.0,1,cost_deviation_pct_mean,4.3523693,cost_deviation_pct_max,-0.45302606,sor_match_confidence_mean,0.35173458,0.9559872349103292,0.9712474,0.5,1,0.8786039453717754,agree
Saptagiri Sankar Ulaka,80,0.9333333333333333,Critical,1,"KORAPUT, Odisha",RAMESWAR NAIK,1.0,1,cost_deviation_pct_mean (+3.207); cost_deviation_pct_max (-0.186); anomaly_score_max (-0.147),159,0.1900636988676671,0.2200419362561317,0.0377358490566037,0.1673559748427673,2.8786,0.857308176100629,0.6901500503948272,0.836716812133789,0.8930817610062893,149.0,0.0691823899371069,0.8930817610062893,Odisha,KORAPUT,21,0.0476190476190476,0.655606395249579,3.030834929652132,68050166.0,65,0.4722228713970795,0.6601693241399125,0.0307692307692307,1.0,10816312.0,0.6601693241399125,1.0,1,cost_deviation_pct_mean,3.2070527,cost_deviation_pct_max,-0.18551032,anomaly_score_max,-0.14664118,0.9552178581555685,0.95990777,0.5,1,0.8786039453717754,agree
Smt. Sonia Gandhi (2024-30),81,0.9333333333333333,Critical,1,"Sitting Rajya Sabha, Rajasthan",HA INFRA GLOBAL PRIVATE LIMITED,0.0,1,cost_deviation_pct_mean (+2.984); sor_match_confidence_mean (+0.265); residual_pct_max (-0.213),46,0.1489653161749127,0.2205505801215083,0.108695652173913,0.1811717391304347,2.9567,0.8685652173913043,0.0,0.0,0.0,1.0,0.0869565217391304,0.0,Rajasthan,Sitting Rajya Sabha,23,0.0434782608695652,0.4135770603703628,1.5391107058468732,74225676.0,45,0.5141349844781218,0.6772821949292538,0.0444444444444444,1.0,7338709.0,0.6272103713280184,0.0,1,cost_deviation_pct_mean,2.984345,sor_match_confidence_mean,0.26511535,residual_pct_max,-0.21256435,0.9546897411346436,0.9597081,0.5,1,0.8786039453717754,agree
Harsh Malhotra,82,0.9333333333333333,Critical,1,"EAST DELHI, Delhi",Greenz,1.0,1,cost_deviation_pct_mean (+4.194); anomaly_flag_rate (-0.419); collusion_score_max (+0.288),53,0.1791790149290588,0.2177580950569406,0.0566037735849056,0.211488679245283,2.9425,0.8538490566037735,0.7908207462927032,0.8680000119209289,0.9245283018867924,28.0,0.0943396226415094,0.9245283018867924,Delhi,EAST DELHI,19,0.0526315789473684,0.914537279120393,3.3816761936162183,24390277.0,6,0.6258273181067299,0.6872818358112476,0.3333333333333333,1.0,27652325.0,0.6872818358112476,1.0,1,cost_deviation_pct_mean,4.193674,anomaly_flag_rate,-0.41933283,collusion_score_max,0.28801426,0.9540601968765259,0.968344,0.5,1,0.8786039453717754,agree
Giriraj Singh,83,0.9333333333333333,Critical,1,"BEGUSARAI, Bihar",ASST ENGINEER LAEO WD 1 BEGUSARAI VSK BEGUSARAI,1.0,1,cost_deviation_pct_mean (+4.418); num_works (-0.790); anomaly_flag_rate (-0.404),17,0.126015945708148,0.1891153415452588,0.0588235294117647,0.2384470588235294,2.6006,0.8421176470588235,0.0775265770243529,0.6639890891488394,0.1176470588235294,3.0,0.1176470588235294,0.1176470588235294,Bihar,BEGUSARAI,16,0.0625,0.6308166894292453,1.0539963868879991,32994877.0,7,0.6220463826556263,0.6551219205630969,0.2857142857142857,1.0,9894239.0,0.6551219205630969,1.0,1,cost_deviation_pct_mean,4.4184675,num_works,-0.7900211,anomaly_flag_rate,-0.4044037,0.9539677699406942,0.95347863,0.5,1,0.8786039453717754,agree
JAI PARKASH,84,0.9333333333333333,Critical,1,"HISAR, Haryana",XEN City DHBVN Bhiwani,1.0,1,cost_deviation_pct_mean (+3.027); cost_deviation_pct_max (-0.404); num_months (+0.151),68,0.1809448646586077,0.220088966959946,0.0294117647058823,0.1636970588235294,2.9837,0.8510441176470589,0.4346698785907328,0.8257777896987067,0.6176470588235294,66.0,0.0735294117647058,0.6176470588235294,Haryana,HISAR,22,0.0,0.6251197454449166,2.0303443300967814,73212356.0,61,0.4010223088815181,0.6419324139912375,0.0,0.0,16071535.0,0.6419324139912375,0.0,1,cost_deviation_pct_mean,3.0271192,cost_deviation_pct_max,-0.40433544,num_months,0.1512801,0.9528746406237284,0.937245,0.5,1,0.8786039453717754,agree
GODAM NAGESH,85,0.9333333333333333,Critical,1,"ADILABAD, Telangana",SK SHUTTERS AND FABRICATORS,1.0,1,cost_deviation_pct_mean (+4.687); cost_deviation_pct_max (-0.278); residual_pct_max (-0.194),80,0.1059110047108469,0.2178830974456629,0.0875,0.2229462499999999,2.9581,0.8483375000000001,0.5221698895629886,0.8415156545147342,0.6875,41.0,0.0875,0.6875,Telangana,ADILABAD,17,0.0,0.6878277637504688,1.4089948692679088,35717086.0,48,0.5001628001628001,0.6614567621920564,0.0416666666666666,1.0,4396606.0,0.6338836816777993,0.0,1,cost_deviation_pct_mean,4.687002,cost_deviation_pct_max,-0.27812612,residual_pct_max,-0.19434144,0.9490149219830831,0.9758389,0.5,1,0.8786039453717754,agree
Shri Madan Rathore (2024-30),86,0.9333333333333333,Critical,1,"Sitting Rajya Sabha, Rajasthan",SARAN CONSTRUCTION COMPANY BANDHANAU,0.0,1,cost_deviation_pct_mean (+3.963); num_works (-0.839); cost_deviation_pct_max (+0.368),21,0.1640947628896136,0.2234763763784681,0.0476190476190476,0.1930761904761904,2.1898,0.877047619047619,0.0,0.0,0.0,1.0,0.0952380952380952,0.0,Rajasthan,Sitting Rajya Sabha,22,0.0454545454545454,-0.1535675279267028,1.4057820122878546,32632145.0,142,0.2529266220753379,0.6370780363427422,0.0,0.0,1846205.0,0.6150551246139482,0.0,1,cost_deviation_pct_mean,3.963055,num_works,-0.8393741,cost_deviation_pct_max,0.3684409,0.9478597640991211,0.9597309,0.5,1,0.8786039453717754,agree
JASHUBHAI BHILUBHAI RATHVA,87,0.9333333333333333,Critical,1,"CHHOTA UDAIPUR, Gujarat",Krupal Construction,1.0,1,cost_deviation_pct_mean (+4.733); anomaly_flag_rate (-0.345); duplicate_score_max (-0.221),96,0.1847260847052432,0.2198002387509763,0.0520833333333333,0.189440625,2.6867,0.8598854166666667,0.7471196462322567,0.8680000119209289,0.9166666666666666,73.0,0.0833333333333333,0.9166666666666666,Gujarat,CHHOTA UDAIPUR,16,0.0625,0.6375679040932312,2.1151726469894467,38424412.0,90,0.4046618504951838,0.6617763772175537,0.0111111111111111,1.0,10000000.0,0.6617763772175537,1.0,1,cost_deviation_pct_mean,4.7334557,anomaly_flag_rate,-0.34503865,duplicate_score_max,-0.22065587,0.9461077451705933,0.97398305,0.5,1,0.8786039453717754,agree
Dr. L. Murugan (2024-30),88,0.9333333333333333,Critical,1,"Sitting Rajya Sabha, Madhya Pradesh",E E M P H AND I D B DIV DAMOH,0.0,1,num_works (+1.445); cost_deviation_pct_max (+1.042); cost_deviation_pct_mean (+0.461),6,0.1251251079888783,0.1968657291569735,0.0,0.1324,0.6122,0.8511666666666667,0.0,0.0,0.0,1.0,0.1666666666666666,0.0,Madhya Pradesh,Sitting Rajya Sabha,21,0.0476190476190476,0.4169558234240038,3.416711280945379,38699774.0,17,0.5631342129612026,0.6709850606909431,0.1764705882352941,1.0,12000000.0,0.6662402140343318,1.0,1,num_works,1.4453086,cost_deviation_pct_max,1.0419123,cost_deviation_pct_mean,0.46137905,0.9435209631919861,0.9731598,0.5,1,0.8786039453717754,agree
MANISH TEWARI,89,0.8333333333333334,Critical,1,"CHANDIGARH, Chandigarh",Prabh Kirpa Enterprises,1.0,0,cost_deviation_pct_mean (+2.640); num_works (-0.642); collusion_score_mean (-0.297),31,0.1729946250535796,0.2178857193481412,0.032258064516129,0.1812741935483871,2.6788,0.8296129032258065,0.450651099595806,0.8532806982617994,0.5806451612903226,26.0,0.064516129032258,0.5806451612903226,Chandigarh,CHANDIGARH,19,0.0,0.6182077684258609,1.5471594497681092,31608858.0,57,0.3506368201801638,0.6478551677081089,0.0,0.0,4330559.0,0.6478551677081089,0.0,0,cost_deviation_pct_mean,2.6404579,num_works,-0.64198875,collusion_score_mean,-0.29685834,0.942515512307485,0.60837775,0.5,1,0.862670713201821,false_positive
Shri Babubhai Jesangbhai Desai (2023-29),90,0.8333333333333334,Critical,1,"Sitting Rajya Sabha, Gujarat",MAHARANI MEDI CARE PVT LTD,0.0,1,cost_deviation_pct_mean (+3.297); anomaly_score_max (+0.266); collusion_score_max (-0.176),137,0.1674844534367066,0.2221650951800589,0.0656934306569343,0.1705627737226277,2.7202,0.8487518248175182,0.0,0.0,0.0,1.0,0.0948905109489051,0.0,Gujarat,Sitting Rajya Sabha,26,0.0769230769230769,0.605083855893674,2.800899534812707,85880425.0,94,0.4163900120877593,0.6276978740214034,0.0,0.0,4979109.0,0.6276978740214034,0.0,1,cost_deviation_pct_mean,3.29685,anomaly_score_max,0.26647857,collusion_score_max,-0.17635418,0.9369544982910156,0.9629919,0.5,1,0.862670713201821,agree
Anurag Sharma ,91,0.8333333333333334,Critical,1,"JHANSI, Uttar Pradesh",AADITYA VAIDHYA,1.0,1,cost_deviation_pct_mean (+3.158); anomaly_score_max (+0.497); collusion_score_mean (+0.144),85,0.1032531796454935,0.2233910198919724,0.0941176470588235,0.1777964705882353,2.9445,0.8514,0.7187517423420098,0.8487185649871826,0.9058823529411764,62.0,0.0823529411764705,0.9058823529411764,Uttar Pradesh,JHANSI,21,0.0,0.8964096943929876,2.894921357910073,67201462.0,24,0.5130183643970408,0.6668991955756662,0.125,1.0,13873007.0,0.6668991955756662,1.0,1,cost_deviation_pct_mean,3.1584096,anomaly_score_max,0.49724686,collusion_score_mean,0.14409752,0.9353007276852926,0.97906333,0.5,1,0.862670713201821,agree
Shri Kumbakudi Sudhakaran,92,0.8333333333333334,Critical,1,"KANNUR, Kerala",Talent Power Systems,1.0,1,cost_deviation_pct_mean (+4.737); anomaly_flag_rate (-0.324); duplicate_score_max (-0.246),63,0.1793052479726946,0.2201751082535835,0.0476190476190476,0.1859777777777777,2.8192,0.8495873015873016,0.6445232465968475,0.8680000119209289,0.7619047619047619,98.0,0.0793650793650793,0.7619047619047619,Kerala,KANNUR,18,0.0,0.5240446968405761,1.5407286517309864,26785182.0,15,0.4903049510402451,0.6455532212885153,0.0,0.0,2699046.0,0.6455532212885153,0.0,1,cost_deviation_pct_mean,4.7367315,anomaly_flag_rate,-0.32353893,duplicate_score_max,-0.24613272,0.9278052449226379,0.9721192,0.5,1,0.862670713201821,agree
IQRA CHOUDHARY,93,0.8333333333333334,Critical,1,"KAIRANA, Uttar Pradesh",M S TRADERS,1.0,1,cost_deviation_pct_mean (+1.368); cost_deviation_pct_max (+0.717); anomaly_score_max (+0.438),45,0.1680959233215971,0.2217318681482172,0.0,0.14006,1.7022,0.8421555555555555,0.467695780568308,0.8410418726835102,0.6444444444444445,10.0,0.0888888888888888,0.6444444444444445,Uttar Pradesh,KAIRANA,15,0.0,0.7038385813395389,1.9916883760405704,50723960.0,6,0.6160295314707079,0.6611335559864971,0.3333333333333333,1.0,19550818.0,0.6223236730589672,0.0,1,cost_deviation_pct_mean,1.3678643,cost_deviation_pct_max,0.716884,anomaly_score_max,0.43792725,0.9230513374010721,0.95751274,0.5,1,0.862670713201821,agree
Shri Sudheer Gupta ,94,0.8333333333333334,Critical,1,"MANDSOUR, Madhya Pradesh",CEO JANPAD PANCHAYAT MANDSAUR,0.0,1,cost_deviation_pct_mean (+2.916); collusion_score_max (+0.288); anomaly_score_max (-0.163),60,0.1827731751937576,0.2159514501329077,0.0333333333333333,0.1667816666666666,2.6519,0.8536166666666667,0.0,0.0,0.0,1.0,0.0833333333333333,0.0,Madhya Pradesh,MANDSOUR,25,0.04,0.803123422753276,4.314013455492045,21420844.0,20,0.5053096943905768,0.69149069884364,0.1,1.0,13675000.0,0.69149069884364,1.0,1,cost_deviation_pct_mean,2.9161606,collusion_score_max,0.28817698,anomaly_score_max,-0.16281122,0.9200179775555929,0.96779454,0.5,1,0.862670713201821,agree
Kani K Navas,95,0.8,Critical,1,"RAMANATHAPURAM, Tamil Nadu",FPLUS ENTERPRISES,1.0,0,cost_deviation_pct_mean (+2.036); anomaly_flag_rate (-0.524); cost_deviation_pct_max (-0.361),68,0.1629878368871739,0.2169355505803107,0.0588235294117647,0.1580661764705882,2.9472,0.8591617647058823,0.5188961853742025,0.8625161461830139,0.6470588235294118,34.0,0.0588235294117647,0.6470588235294118,Tamil Nadu,RAMANATHAPURAM,21,0.0,0.7455932652910209,2.6898897756520066,54855096.0,30,0.50270697167756,0.6256419234360411,0.0,0.0,14040491.0,0.6108193277310925,0.0,0,cost_deviation_pct_mean,2.0362728,anomaly_flag_rate,-0.5239177,cost_deviation_pct_max,-0.36099738,0.9192354480425516,0.63127315,0.5,1,0.8353566009104704,false_positive
SUKHDEO BHAGAT,96,0.8,Critical,1,"LOHARDAGA, Jharkhand",RAJEEV RANJAN JUNIOR ENGINEER,1.0,1,cost_deviation_pct_mean (+1.866); anomaly_score_max (+0.571); collusion_score_max (+0.246),90,0.173923902162928,0.2215781155866292,0.0333333333333333,0.1505822222222222,2.7497,0.855011111111111,0.5316423017266241,0.8680000119209289,0.6666666666666666,109.0,0.0777777777777777,0.6666666666666666,Jharkhand,LOHARDAGA,21,0.0476190476190476,0.8497383955927117,2.872355748624709,138586757.0,7,0.5783178656077815,0.671614414996768,0.1428571428571428,1.0,63670250.0,0.625038605185664,0.0,1,cost_deviation_pct_mean,1.8661573,anomaly_score_max,0.57108945,collusion_score_max,0.2459223,0.9072681665420532,0.9551084,0.5,1,0.8353566009104704,agree
Shri Janardan Singh Sigriwal ,97,0.8,Critical,1,"MAHARAJGANJ, Bihar",Lokbharti Prakashan,1.0,1,cost_deviation_pct_mean (+4.241); num_works (-0.538); residual_pct_mean (-0.202),27,0.145928446212658,0.2168824542189356,0.037037037037037,0.1964592592592592,2.8813,0.8428148148148148,0.6241108905887307,0.8477542214393615,0.8148148148148148,25.0,0.074074074074074,0.8148148148148148,Bihar,MAHARAJGANJ,17,0.0588235294117647,1.1428581305020225,7.179465321439081,47230253.0,26,0.5375337709048116,0.6585694534223946,0.0384615384615384,1.0,12000000.0,0.6585694534223946,1.0,1,cost_deviation_pct_mean,4.240956,num_works,-0.5375461,residual_pct_mean,-0.2022925,0.9068520466486613,0.94722235,0.5,1,0.8353566009104704,agree
Maddila Gurumoorthy,98,0.8,Critical,1,"TIRUPATI, Andhra Pradesh",Thallapaka Nagarjuna Reddy,1.0,1,cost_deviation_pct_mean (+4.316); cost_deviation_pct_max (-0.360); anomaly_score_max (+0.344),110,0.1775560643840897,0.2217882564906631,0.0545454545454545,0.1843163636363636,2.98,0.8526818181818182,0.5020798946232009,0.8638653569221496,0.6545454545454545,89.0,0.0727272727272727,0.6545454545454545,Andhra Pradesh,TIRUPATI,25,0.04,0.7011826570519419,4.046939935971926,64637243.0,58,0.4231697984233481,0.6462768440709618,0.0,0.0,8887752.0,0.6462768440709618,0.0,1,cost_deviation_pct_mean,4.315715,cost_deviation_pct_max,-0.36000586,anomaly_score_max,0.34397325,0.9036815563837687,0.97958195,0.5,1,0.8353566009104704,agree
DHANORKAR PRATIBHA SURESH ALIAS BALUBHAU,99,0.8,Critical,1,"CHANDRAPUR, Maharashtra",NUTAN KAMGAR SAHAKARI SANSTHA,1.0,1,num_works (+1.698); cost_deviation_pct_max (+1.304); anomaly_flag_rate (+0.195),7,0.1557156128884996,0.2008366123885902,0.0,0.1176857142857142,0.5638,0.8630000000000001,0.1956313674418091,0.6847097860463321,0.2857142857142857,2.0,0.1428571428571428,0.2857142857142857,Maharashtra,CHANDRAPUR,19,0.0526315789473684,-0.0027541264999207,3.506399290235251,17964734.0,13,0.571238860435693,0.6418614881850175,0.0,0.0,3444899.0,0.6418614881850175,0.0,1,num_works,1.698238,cost_deviation_pct_max,1.303693,anomaly_flag_rate,0.19472207,0.9009270469347636,0.9571732,0.5,1,0.8353566009104704,agree
MURARI LAL MEENA,100,0.8,Critical,1,"DAUSA, Rajasthan",MENKA YADAV,1.0,0,cost_deviation_pct_mean (+2.170); num_works (-0.899); cost_deviation_pct_max (+0.401),16,0.1789546317765387,0.217379445151606,0.0625,0.1775125,2.337,0.8638125,0.5601470022298333,0.8064535569574891,0.75,28.0,0.0625,0.75,Rajasthan,DAUSA,16,0.0,1.739098851757863,13.75505372217308,19094674.0,46,0.3513008269082437,0.626874595992243,0.0,0.0,3339125.0,0.626874595992243,0.0,0,cost_deviation_pct_mean,2.170205,num_works,-0.89896107,cost_deviation_pct_max,0.40064636,0.8981732726097107,0.4001654,0.5,1,0.8353566009104704,false_positive
Shri Abdul Wahab (2021-27),101,0.8,Critical,1,"Sitting Rajya Sabha, Kerala",TROWEL CONSTRUCTIONS PRIVATE LIMITED,0.0,1,cost_deviation_pct_mean (+3.235); anomaly_score_max (+0.304); collusion_score_mean (-0.279),120,0.1722024179554467,0.2221498966260095,0.0333333333333333,0.1676575,2.8624,0.8381666666666666,0.0,0.0,0.0,1.0,0.0916666666666666,0.0,Kerala,Sitting Rajya Sabha,30,0.0333333333333333,0.5355120370962694,1.8232078490220456,93760670.0,87,0.3430672475297222,0.5906710119945414,0.0,0.0,3887480.0,0.5906710119945414,0.0,1,cost_deviation_pct_mean,3.2352617,anomaly_score_max,0.30419788,collusion_score_mean,-0.2785242,0.8975251317024231,0.9468253,0.5,1,0.8353566009104704,agree
ANAND KUMAR,102,0.8,Critical,1,"BAHRAICH, Uttar Pradesh",Shri Krishna Construction,1.0,0,cost_deviation_pct_mean (+2.380); num_works (-0.628); anomaly_flag_rate (-0.372),32,0.1410231098282408,0.2179483174912231,0.0625,0.1819843749999999,2.9475,0.834,0.2802140364323936,0.7650432876980414,0.40625,3.0,0.0625,0.40625,Uttar Pradesh,BAHRAICH,17,0.0588235294117647,0.9065522175332912,1.5949378108881462,66987751.0,8,0.6229144221791281,0.6601729153199742,0.375,1.0,14909064.0,0.6562675070028011,1.0,0,cost_deviation_pct_mean,2.3801413,num_works,-0.62831634,anomaly_flag_rate,-0.37197074,0.895402709643046,0.48027158,0.5,1,0.8353566009104704,false_positive
Shri Sanjay Seth (2024-30),103,0.8,Critical,1,"Sitting Rajya Sabha, Uttar Pradesh",BALAJI CONSTRUCTIONS,0.0,0,cost_deviation_pct_mean (+2.426); num_works (-0.939); anomaly_flag_rate (-0.537),19,0.1311242147635887,0.218937573857095,0.0526315789473684,0.1650947368421052,2.6541,0.8332105263157894,0.0,0.0,0.0,1.0,0.0526315789473684,0.0,Uttar Pradesh,Sitting Rajya Sabha,25,0.04,0.9557730766817524,2.8015849394373262,56357801.0,6,0.5456796607531902,0.6504399195575666,0.1666666666666666,1.0,43157479.0,0.6504399195575666,1.0,0,cost_deviation_pct_mean,2.4261367,num_works,-0.93878263,anomaly_flag_rate,-0.5366487,0.8930797974268595,0.58530515,0.5,1,0.8353566009104704,false_positive
Ashok Kumar Yadav ,104,0.8,Critical,1,"MADHUBANI, Bihar",MADHUBANI VIDHAN SABHA,1.0,0,cost_deviation_pct_mean (+1.629); anomaly_flag_rate (-0.549); collusion_score_max (-0.355),81,0.1765236904928208,0.2132537092392672,0.0493827160493827,0.1517567901234567,2.7396,0.8510987654320987,0.7295180093606898,0.8614704422950744,0.9012345679012346,99.0,0.0617283950617283,0.9012345679012346,Bihar,MADHUBANI,20,0.1,1.1988686999349425,5.288301522983621,70438959.0,4,0.5362249066293183,0.5615555196437549,0.0,0.0,5100515.0,0.5409376571141277,0.0,0,cost_deviation_pct_mean,1.6293709,anomaly_flag_rate,-0.5490612,collusion_score_max,-0.35528135,0.8918070793151855,0.45808688,0.5,1,0.8353566009104704,false_positive
ROBERT BRUCE C,105,0.8,Critical,1,"TIRUNELVELI, Tamil Nadu",SAI IT SYSTEMS,1.0,1,cost_deviation_pct_mean (+2.994); residual_pct_max (-0.296); cost_deviation_pct_max (+0.217),60,0.1560807881512603,0.2151124684447418,0.0666666666666666,0.164355,2.4557,0.8408,0.4850293003952791,0.8217095546722412,0.6333333333333333,29.0,0.0666666666666666,0.6333333333333333,Tamil Nadu,TIRUNELVELI,18,0.0,0.5433499142163095,1.1654062900807465,55819028.0,28,0.5128076230492197,0.6471674567262802,0.0,0.0,8825500.0,0.6471674567262802,0.0,1,cost_deviation_pct_mean,2.9936419,residual_pct_max,-0.29575187,cost_deviation_pct_max,0.21678804,0.8917279044787089,0.9188167,0.5,1,0.8353566009104704,agree
Kalanidhi Veeraswamy,106,0.8,Critical,1,"CHENNAI NORTH, Tamil Nadu",DSF Enterprises,1.0,1,cost_deviation_pct_mean (+3.047); num_months (-0.235); cost_deviation_pct_max (-0.194),40,0.1466678196483651,0.2185807185127646,0.125,0.17539,2.8912,0.8574249999999999,0.5970334333172307,0.8652819789166833,0.725,15.0,0.075,0.725,Tamil Nadu,CHENNAI NORTH,18,0.0555555555555555,0.7245155637502513,2.6593829142490977,86228598.0,13,0.5961696611583489,0.661455864397041,0.1538461538461538,1.0,11842500.0,0.6183060403648639,0.0,1,cost_deviation_pct_mean,3.0467403,num_months,-0.23462366,cost_deviation_pct_max,-0.19383594,0.8909814159075419,0.9186905,0.5,1,0.8353566009104704,agree
ANAND BHADAURIYA,107,0.8,Critical,1,"DHAURAHRA, Uttar Pradesh",MANNAT CONSTRUCTION,1.0,1,cost_deviation_pct_mean (+3.026); residual_pct_max (-0.342); duplicate_score_max (-0.246),132,0.1717200164613195,0.2178552585628685,0.0454545454545454,0.1668575757575757,2.6832,0.8519621212121212,0.8088408726946564,0.8680000119209289,0.946969696969697,117.0,0.0909090909090909,0.946969696969697,Uttar Pradesh,DHAURAHRA,23,0.0434782608695652,0.5609000155680388,1.4441589515015274,78958947.0,15,0.4659742871507577,0.6980320333261509,0.1333333333333333,1.0,54125921.0,0.6980320333261509,1.0,1,cost_deviation_pct_mean,3.0261803,residual_pct_max,-0.34230554,duplicate_score_max,-0.24611305,0.8895095586776733,0.9120981,0.5,1,0.8353566009104704,agree
Shri Aditya Prasad (2022-28),108,0.8,Critical,1,"Sitting Rajya Sabha, Jharkhand",PARMANAND PASWAN,1.0,1,cost_deviation_pct_mean (+3.009); anomaly_score_max (+0.336); collusion_score_max (+0.266),141,0.1677452047333821,0.2225119207142332,0.0354609929078014,0.170945390070922,2.8865,0.8445035460992908,0.483415348015916,0.8402226381301879,0.6470588235294118,222.0,0.0851063829787234,0.6470588235294118,Jharkhand,Sitting Rajya Sabha,37,0.081081081081081,1.1432071432465716,5.41664490146759,159474868.0,7,0.5740294835883072,0.671908891761833,0.1428571428571428,1.0,74178500.0,0.671908891761833,1.0,1,cost_deviation_pct_mean,3.0085378,anomaly_score_max,0.3364811,collusion_score_max,0.26567215,0.8883903423945109,0.96960956,0.5,1,0.8353566009104704,agree
Smt. Sangeeta Yadav (2022-28),109,0.8,Critical,1,"Sitting Rajya Sabha, Uttar Pradesh",HARI TARA ASSOCIATES,0.0,1,cost_deviation_pct_mean (+1.824); cost_deviation_pct_max (+0.735); residual_pct_max (+0.171),43,0.1124692821536225,0.2109606601076306,0.1395348837209302,0.1520860465116279,1.9372,0.8282790697674418,0.0,0.0,0.0,1.0,0.0697674418604651,0.0,Uttar Pradesh,Sitting Rajya Sabha,34,0.0588235294117647,1.0229741447496912,3.456066710872481,169940841.0,8,0.5102079293255763,0.6411396609926021,0.0,0.0,57902999.0,0.6197452057746176,0.0,1,cost_deviation_pct_mean,1.8239353,cost_deviation_pct_max,0.7350698,residual_pct_max,0.17129232,0.8832725882530212,0.94144076,0.5,1,0.8353566009104704,agree
Shri Abhishek Banerjee,110,0.8,Critical,1,"DIAMOND HARBOUR, West Bengal",S S CONSTRUCTION,1.0,1,cost_deviation_pct_mean (+3.276); anomaly_score_max (+0.307); collusion_score_max (-0.216),200,0.1881226640613631,0.2227202823462889,0.045,0.1607865,2.8254,0.848395,0.5114234760995835,0.8108899276054903,0.7,71.0,0.08,0.7,West Bengal,DIAMOND HARBOUR,24,0.0416666666666666,0.5404825536211818,1.5751181532013951,71510891.0,117,0.3663728958600753,0.5735554478201538,0.0,0.0,5546915.0,0.5735554478201538,0.0,1,cost_deviation_pct_mean,3.275896,anomaly_score_max,0.30735192,collusion_score_max,-0.21552962,0.8822280367215475,0.9516445,0.5,1,0.8353566009104704,agree
Shri Govindbhai Laljibhai Dholakia (2024-30),111,0.8,Critical,1,"Sitting Rajya Sabha, Gujarat",SHREE GANESH INFOTECH,0.0,1,cost_deviation_pct_mean (+1.162); anomaly_score_max (+0.589); sor_match_confidence_mean (+0.373),44,0.1862764043775589,0.2215331381650861,0.0227272727272727,0.1456363636363636,2.7013,0.8677954545454546,0.0,0.0,0.0,1.0,0.0909090909090909,0.0,Gujarat,Sitting Rajya Sabha,23,0.0434782608695652,0.7425080395901293,2.7829908310855904,27272966.0,38,0.4675821576943868,0.638801802772391,0.0,0.0,2499804.0,0.638801802772391,0.0,1,cost_deviation_pct_mean,1.1624922,anomaly_score_max,0.58912706,sor_match_confidence_mean,0.3734077,0.8804319103558859,0.94557923,0.5,1,0.8353566009104704,agree
Sanjay Haribhau Jadhav,112,0.8,Critical,1,"PARBHANI, Maharashtra",PRUTHIVRAJ PRAMOD BHAMBLE PRO PRUTHIVIRAJ BHAMBLE,1.0,1,cost_deviation_pct_mean (+2.981); num_works (-0.575); residual_pct_max (-0.259),28,0.1769018670087276,0.2188778072760941,0.0357142857142857,0.1651928571428571,2.3982,0.8605357142857143,0.6045418885774302,0.8209301445462638,0.7857142857142857,13.0,0.0714285714285714,0.7857142857142857,Maharashtra,PARBHANI,22,0.0454545454545454,0.5196532578287056,1.456487215307162,40999822.0,31,0.5199145704601114,0.6464456295338649,0.0,0.0,5997675.0,0.6464456295338649,0.0,1,cost_deviation_pct_mean,2.9807515,num_works,-0.57496697,residual_pct_max,-0.25917757,0.877769927183787,0.9183726,0.5,1,0.8353566009104704,agree
Balashowry Vallabbhaneni,113,0.8,Critical,1,"MACHILIPATNAM, Andhra Pradesh",Sai Brothers and Co,1.0,1,num_works (+1.619); cost_deviation_pct_max (+1.271); sor_match_confidence_mean (+0.320),9,0.1118877566662054,0.2178326416522031,0.1111111111111111,0.1207111111111111,1.1376,0.8653333333333334,0.5130290602959665,0.8636967949867248,0.6666666666666666,3.0,0.1111111111111111,0.6666666666666666,Andhra Pradesh,MACHILIPATNAM,22,0.0,0.5925702254503978,1.895154595057092,14363941.0,12,0.5641030130000718,0.6331654456654456,0.0,0.0,2480390.0,0.6331654456654456,0.0,1,num_works,1.6191463,cost_deviation_pct_max,1.2706671,sor_match_confidence_mean,0.3200286,0.8751870393753052,0.9564679,0.5,1,0.8353566009104704,agree
Bansuri Swaraj,114,0.8,Critical,1,"NEW DELHI, Delhi",Swing Craft,1.0,1,cost_deviation_pct_mean (+2.868); anomaly_flag_rate (-0.488); duplicate_score_max (-0.240),41,0.1785460332474566,0.2181973531110977,0.048780487804878,0.1655195121951219,2.5589,0.8324878048780487,0.5568650533721523,0.8680000119209289,0.7317073170731707,43.0,0.073170731707317,0.7317073170731707,Delhi,NEW DELHI,18,0.0,0.7688606081955354,2.293079568503601,21775293.0,10,0.490770757020757,0.6727357609710551,0.1,1.0,8515287.0,0.6727357609710551,1.0,1,cost_deviation_pct_mean,2.8678868,anomaly_flag_rate,-0.4882451,duplicate_score_max,-0.23954318,0.8736491401990255,0.9094682,0.5,1,0.8353566009104704,agree
HARIBHAI PATEL,115,0.8,Critical,1,"MAHESANA, Gujarat",AMICHANDBHAI PATEL GROUP SERVICES,1.0,1,cost_deviation_pct_mean (+3.203); anomaly_score_max (+0.355); collusion_score_mean (-0.332),150,0.1798877593412125,0.2224929561759976,0.0733333333333333,0.1681906666666666,2.9659,0.86402,0.3030262718008282,0.8236027173995971,0.4266666666666667,115.0,0.08,0.4266666666666667,Gujarat,MAHESANA,21,0.0,0.529486707385918,1.145991641651578,51381778.0,187,0.317743780633054,0.5507101558572147,0.0,0.0,3889251.0,0.5507101558572147,0.0,1,cost_deviation_pct_mean,3.2033331,anomaly_score_max,0.35496962,collusion_score_mean,-0.33238056,0.8735865155855814,0.93768,0.5,1,0.8353566009104704,agree
JITIN PRASADA,116,0.8,Critical,1,"PILIBHIT, Uttar Pradesh",INDRA JEET VERMA,0.0,1,cost_deviation_pct_mean (+2.604); num_works (-0.599); cost_deviation_pct_max (+0.445),22,0.1884992583118188,0.2209613754053245,0.0454545454545454,0.1737318181818181,2.2532,0.8438181818181818,0.0,0.0,0.0,1.0,0.0909090909090909,0.0,Uttar Pradesh,PILIBHIT,14,0.0,0.8422578191772199,2.344874067214651,41842816.0,12,0.6029127462950993,0.6588944552179846,0.1666666666666666,1.0,7177188.0,0.6588944552179846,1.0,1,cost_deviation_pct_mean,2.6039822,num_works,-0.5986955,cost_deviation_pct_max,0.44485846,0.8716028531392416,0.9098164,0.5,1,0.8353566009104704,agree
Shri Balyogi Umeshnath (2024-30),117,0.8,Critical,1,"Sitting Rajya Sabha, Madhya Pradesh",DHATRAWADA,0.0,1,num_works (+1.643); cost_deviation_pct_max (+1.304); sor_match_confidence_mean (+0.402),11,0.0977835179498029,0.2062167738322819,0.1818181818181818,0.1148454545454545,0.7913,0.8771818181818183,0.0,0.0,0.0,1.0,0.0909090909090909,0.0,Madhya Pradesh,Sitting Rajya Sabha,20,0.0,0.6613911329475496,1.6572350163582823,42047000.0,47,0.496281524066255,0.6168677727501257,0.0,0.0,2240000.0,0.6168677727501257,0.0,1,num_works,1.64275,cost_deviation_pct_max,1.3040006,sor_match_confidence_mean,0.40168867,0.8703712821006775,0.95062256,0.5,1,0.8353566009104704,agree
Shri Neeraj Shekhar (2020-26),118,0.8,Critical,1,"Sitting Rajya Sabha, Uttar Pradesh",SHAIL CONSTRUCTION,0.0,1,cost_deviation_pct_mean (+3.042); residual_pct_max (-0.323); anomaly_score_max (-0.187),41,0.1676947133331712,0.2041008856359567,0.073170731707317,0.1746243902439024,2.6522,0.826170731707317,0.0,0.0,0.0,1.0,0.073170731707317,0.0,Uttar Pradesh,Sitting Rajya Sabha,26,0.0769230769230769,0.4554955568737628,1.4069855642819002,90266672.0,4,0.5606563779357897,0.6594582704876822,0.25,1.0,57493940.0,0.623348954966602,0.0,1,cost_deviation_pct_mean,3.0420306,residual_pct_max,-0.3231269,anomaly_score_max,-0.18656638,0.8681682149569193,0.9411809,0.5,1,0.8353566009104704,agree
D M Kathir Anand,119,0.8,Critical,1,"VELLORE, Tamil Nadu",VINAYAGAM ENTERPRISES,1.0,1,num_works (+1.242); cost_deviation_pct_max (+0.950); sor_match_confidence_mean (+0.386),15,0.1107235564952309,0.1853623082452916,0.1333333333333333,0.1389399999999999,1.0217,0.9034,0.6940541411414071,0.8277925066947937,0.9333333333333332,68.0,0.0666666666666666,0.9333333333333332,Tamil Nadu,VELLORE,16,0.0,0.5454239903804377,1.7177729438388398,37215042.0,20,0.582597320979674,0.65019302592832,0.05,1.0,4397876.0,0.65019302592832,1.0,1,num_works,1.2416602,cost_deviation_pct_max,0.94987243,sor_match_confidence_mean,0.3856883,0.8659007350603739,0.9256103,0.5,1,0.8353566009104704,agree
SURENDRA PRASAD YADAV,120,0.8,Critical,1,"JAHANABAD, Bihar",AE  KURTHA,1.0,0,cost_deviation_pct_mean (+2.648); cost_deviation_pct_max (-0.763); residual_pct_max (-0.327),142,0.1039233532031953,0.2200625554132297,0.0915492957746478,0.1683521126760563,2.9951,0.8562323943661971,0.6602660161400148,0.8680000119209289,0.8169014084507042,54.0,0.0633802816901408,0.8169014084507042,Bihar,JAHANABAD,15,0.0666666666666666,0.6235898976755451,1.3748708156602398,71115717.0,8,0.6133468451483157,0.6641806722689076,0.125,1.0,21404411.0,0.6268539467068879,0.0,0,cost_deviation_pct_mean,2.6476605,cost_deviation_pct_max,-0.7630033,residual_pct_max,-0.32662383,0.8656842907269796,0.5420505,0.5,1,0.8353566009104704,false_positive
Shri Ghanshyam Tiwari (2022-28),121,0.8,Critical,1,"Sitting Rajya Sabha, Rajasthan",Chandralok construction company,0.0,1,cost_deviation_pct_mean (+3.213); num_works (-0.592); collusion_score_mean (-0.325),30,0.1466021181739926,0.2221498966260095,0.1,0.1706566666666666,2.7854,0.8605333333333333,0.0,0.0,0.0,1.0,0.0666666666666666,0.0,Rajasthan,Sitting Rajya Sabha,29,0.0,0.5076380429254506,1.7810030187840935,45570943.0,91,0.3279463560572158,0.6065916110033758,0.0,0.0,2507978.0,0.6065916110033758,0.0,1,cost_deviation_pct_mean,3.2125564,num_works,-0.59167874,collusion_score_mean,-0.32538527,0.8602224985758463,0.91858983,0.5,1,0.8353566009104704,agree
MOHIBBULLAH,122,0.8,Critical,1,"RAMPUR, Uttar Pradesh",AL ARQAM ENTERPRISES,1.0,1,cost_deviation_pct_mean (+2.339); collusion_score_max (+0.286); duplicate_score_max (-0.259),219,0.1797544031731656,0.220350035204697,0.045662100456621,0.1551917808219178,2.7393,0.843634703196347,0.8250001800770566,0.8680000119209289,0.9680365296803652,278.0,0.0730593607305936,0.9680365296803652,Uttar Pradesh,RAMPUR,23,0.0,0.7485680144939769,2.052971836978632,74744421.0,4,0.6479189111542053,0.670483193277311,0.75,1.0,32148095.0,0.670483193277311,1.0,1,cost_deviation_pct_mean,2.3385324,collusion_score_max,0.28609934,duplicate_score_max,-0.2589773,0.858046293258667,0.9471901,0.5,1,0.8353566009104704,agree
MALAIYARASAN D,123,0.8,Critical,1,"KALLAKURICHI, Tamil Nadu",DHANASEKARAN K,1.0,1,cost_deviation_pct_mean (+3.088); anomaly_flag_rate (-0.454); collusion_score_max (+0.280),198,0.1621725635538157,0.2203179837415246,0.0505050505050505,0.1690994949494949,2.9752,0.8533030303030303,0.7544870706537414,0.8680000119209289,0.9343434343434344,92.0,0.0707070707070707,0.9343434343434344,Tamil Nadu,KALLAKURICHI,22,0.0,0.746818198440877,3.47759904058133,121901141.0,9,0.5448860598370403,0.6701510091215974,0.2222222222222222,1.0,49833996.0,0.6701510091215974,1.0,1,cost_deviation_pct_mean,3.0882385,anomaly_flag_rate,-0.4539643,collusion_score_max,0.2795231,0.8575414021809896,0.92930657,0.5,1,0.8353566009104704,agree
Gyaneshwar Patil,124,0.8,Critical,1,"KHANDWA, Madhya Pradesh",KPL EQUIPMENTS PRIVATE LIMITED,1.0,1,cost_deviation_pct_mean (+2.489); anomaly_score_max (+0.387); duplicate_score_max (-0.185),164,0.1641541709955144,0.2216252719578949,0.0670731707317073,0.1547585365853658,2.9429,0.8475731707317073,0.7984749663802756,0.8680000119209289,0.9329268292682928,74.0,0.0670731707317073,0.9329268292682928,Madhya Pradesh,KHANDWA,28,0.0357142857142857,0.8960506589072935,3.975660038351192,86443874.0,80,0.3290896582992171,0.6952093657976012,0.025,1.0,34721452.0,0.649333836098542,0.0,1,cost_deviation_pct_mean,2.4885256,anomaly_score_max,0.38727316,duplicate_score_max,-0.1853528,0.8452627062797546,0.9284224,0.5,1,0.8353566009104704,agree
Shri Mayankkumar Nayak (2024-30),125,0.75,Critical,1,"Sitting Rajya Sabha, Gujarat",TATA MOTORS LIMITED,0.0,0,cost_deviation_pct_mean (+1.726); num_works (-0.945); anomaly_flag_rate (-0.540),20,0.1901331642431981,0.2221282075653285,0.05,0.155175,2.324,0.85145,0.0,0.0,0.0,1.0,0.05,0.0,Gujarat,Sitting Rajya Sabha,18,0.0555555555555555,0.7147682173807427,2.519072384020152,19560868.0,41,0.4539197511399807,0.6284062342885872,0.0,0.0,2859999.0,0.6284062342885872,0.0,0,cost_deviation_pct_mean,1.7261568,num_works,-0.94459134,anomaly_flag_rate,-0.53960055,0.8439634641011556,0.46666953,0.5,0,0.8034901365705615,false_positive
RAJ BHUSHAN CHOUDHARY,126,0.75,Critical,1,"MUZAFFARPUR, Bihar",SAHAYAK ABHIYANTA KUDHANI VIDHANSABHA KSHETRA,1.0,0,cost_deviation_pct_mean (+0.599); cost_deviation_pct_max (+0.575); residual_pct_max (-0.482),77,0.1622838617263076,0.2208481546783599,0.0779220779220779,0.1464727272727272,2.1666,0.8652337662337662,0.6261247668727999,0.8680000119209289,0.8571428571428571,23.0,0.0649350649350649,0.8571428571428571,Bihar,MUZAFFARPUR,22,0.0,0.6985296164538217,1.4566637154980684,96375137.0,7,0.6266223155929038,0.6614854916325504,0.1428571428571428,1.0,19628721.0,0.6614854916325504,1.0,0,cost_deviation_pct_mean,0.59933436,cost_deviation_pct_max,0.57546985,residual_pct_max,-0.48240593,0.8239091634750366,0.5284886,0.5,0,0.8034901365705615,false_positive
Radha Mohan Singh,127,0.75,Critical,1,"PURVI CHAMPARAN, Bihar",MANOJ KUMAR,0.0,1,cost_deviation_pct_mean (+1.940); collusion_score_max (+0.238); anomaly_flag_rate (-0.136),60,0.1191398782152737,0.2203606847352298,0.1333333333333333,0.1516216666666666,2.6451,0.8646666666666667,0.0,0.0,0.0,1.0,0.0666666666666666,0.0,Bihar,PURVI CHAMPARAN,22,0.0454545454545454,0.6766581978034427,1.7741742222669692,69803891.0,15,0.5774664823194234,0.6791271636859872,0.1333333333333333,1.0,24585081.0,0.6722186310421605,1.0,1,cost_deviation_pct_mean,1.9400535,collusion_score_max,0.23817372,anomaly_flag_rate,-0.13579865,0.8194008668263754,0.9004404,0.5,0,0.8034901365705615,agree
BIBHU PRASAD TARAI,128,0.75,Critical,1,"JAGATSINGHPUR, Odisha",SATENDRA KUMAR SINGH,1.0,1,num_works (+1.393); cost_deviation_pct_max (+0.926); cost_deviation_pct_mean (+0.343),15,0.1834870878210587,0.2205693067571215,0.0666666666666666,0.1347066666666666,1.8892,0.7974666666666667,0.1429392596509721,0.7679999523162842,0.2,29.0,0.0666666666666666,0.2,Odisha,JAGATSINGHPUR,18,0.0555555555555555,0.5682880212013608,3.5110223949397588,16733683.0,32,0.4210889243517919,0.6488696760755583,0.0,0.0,5280000.0,0.6488696760755583,0.0,1,num_works,1.393105,cost_deviation_pct_max,0.9261888,cost_deviation_pct_mean,0.342552,0.8191958665847778,0.9126234,0.5,0,0.8034901365705615,agree
SHASHANK MANI,129,0.75,Critical,1,"DEORIA, Uttar Pradesh",P S ASSOCIATE,1.0,1,cost_deviation_pct_mean (+1.451); cost_deviation_pct_max (+0.575); anomaly_flag_rate (+0.243),45,0.1627430800755038,0.2082952925669349,0.0222222222222222,0.1472688888888888,2.3321,0.8258888888888889,0.571445241346891,0.828655126254959,0.7777777777777778,70.0,0.0666666666666666,0.7777777777777778,Uttar Pradesh,DEORIA,24,0.0833333333333333,0.6969282861446194,2.8328153622987204,80936917.0,19,0.4883550788736547,0.6689246211305035,0.0526315789473684,1.0,36172166.0,0.6159978093801624,0.0,1,cost_deviation_pct_mean,1.4514812,cost_deviation_pct_max,0.57518935,anomaly_flag_rate,0.2433293,0.8170232971509298,0.92344964,0.5,0,0.8034901365705615,agree
Kakoli Ghosh Dastidar ,130,0.75,Critical,1,"BARASAT, West Bengal",BAIDYA NATH GHOSH,1.0,1,cost_deviation_pct_mean (+3.078); duplicate_score_max (-0.236); cost_deviation_pct_max (-0.199),77,0.1625005887275696,0.2208851760799502,0.0909090909090909,0.1638376623376623,2.8934,0.8507922077922078,0.555070797005471,0.8680000119209289,0.6493506493506493,28.0,0.0779220779220779,0.6493506493506493,West Bengal,BARASAT,21,0.0476190476190476,1.1060768874693636,3.655872301729998,61929956.0,29,0.474032889017676,0.6551326941032823,0.0344827586206896,1.0,9522744.0,0.6551326941032823,1.0,1,cost_deviation_pct_mean,3.0782926,duplicate_score_max,-0.23646891,cost_deviation_pct_max,-0.19850722,0.8125652074813843,0.90975213,0.5,0,0.8034901365705615,agree
Dr. Anil Sukhdeorao Bonde (2022-28),131,0.75,Critical,1,"Sitting Rajya Sabha, Maharashtra",DURGA MOTORS,0.0,1,cost_deviation_pct_mean (+1.372); cost_deviation_pct_max (+0.821); anomaly_flag_rate (+0.240),50,0.1495744711922851,0.2196859124134009,0.02,0.139706,1.6469,0.8493600000000001,0.0,0.0,0.0,1.0,0.08,0.0,Maharashtra,Sitting Rajya Sabha,28,0.0357142857142857,0.8145471475356152,2.2122540491764995,86399726.0,50,0.5011025281907635,0.6347653163829634,0.0,0.0,5318750.0,0.6223326510091216,0.0,1,cost_deviation_pct_mean,1.371783,cost_deviation_pct_max,0.82126856,anomaly_flag_rate,0.23959374,0.8108417391777039,0.92956764,0.5,0,0.8034901365705615,agree
DR. KIRSAN NAMDEO,132,0.75,Critical,1,"GADCHIROLI-CHIMUR, Maharashtra",SAMIR RAMKRUSHNA TAJNE,0.0,0,cost_deviation_pct_mean (+1.317); num_works (-0.935); anomaly_flag_rate (-0.582),18,0.1577725447312074,0.2103188205455778,0.0555555555555555,0.1604222222222222,2.181,0.8756666666666667,0.0,0.0,0.0,1.0,0.0555555555555555,0.0,Maharashtra,GADCHIROLI-CHIMUR,11,0.0,0.5492490965462995,1.2477626709463496,22599453.0,18,0.5692506204761106,0.6556175034116211,0.0555555555555555,1.0,5816356.0,0.6556175034116211,1.0,0,cost_deviation_pct_mean,1.3167065,num_works,-0.9350588,anomaly_flag_rate,-0.58174103,0.8081371386845907,0.4535896,0.5,0,0.8034901365705615,false_positive
AKSHAYA YADAV,133,0.75,Critical,1,"FIROZABAD, Uttar Pradesh",MS RAJ KAMAL CONSTRUCTIONS,1.0,1,cost_deviation_pct_mean (+2.117); num_works (-0.360); cost_deviation_pct_max (+0.205),37,0.1018613593147513,0.2062600930217197,0.1081081081081081,0.1570243243243243,2.4405,0.8502432432432432,0.0718014465216309,0.674789300522028,0.1081081081081081,2.0,0.081081081081081,0.1081081081081081,Uttar Pradesh,FIROZABAD,20,0.1,1.388002635683753,3.719469506707536,95931875.0,2,0.6897507721037133,0.7022768081591612,1.0,1.0,94916874.0,0.7022768081591612,1.0,1,cost_deviation_pct_mean,2.1168954,num_works,-0.36021936,cost_deviation_pct_max,0.20549016,0.808072825272878,0.902169,0.5,0,0.8034901365705615,agree
Shri Haris Beeran (2024-30),134,0.75,Critical,1,"Sitting Rajya Sabha, Kerala",Mahindra and Mahindra Ltd,0.0,1,num_works (+1.659); cost_deviation_pct_max (+1.091); residual_pct_max (-0.276),11,0.1678678422747704,0.2193747076090834,0.0,0.1211727272727272,1.3246,0.8650909090909091,0.0,0.0,0.0,1.0,0.0909090909090909,0.0,Kerala,Sitting Rajya Sabha,14,0.0,0.4912164946176748,1.2509544445283254,17910402.0,20,0.5135108274078862,0.6755512461394815,0.05,1.0,18423866.0,0.6755512461394815,1.0,1,num_works,1.6593078,cost_deviation_pct_max,1.091193,residual_pct_max,-0.2761478,0.7954116463661194,0.9321594,0.5,0,0.8034901365705615,agree
MADHAVANENI RAGHUNANDAN RAO,135,0.75,Critical,1,"MEDAK, Telangana",PONNABOYANA SRINIVAS,1.0,1,cost_deviation_pct_mean (+1.474); sor_match_confidence_mean (+0.424); collusion_score_max (-0.174),41,0.1699290275846844,0.2185631584170921,0.073170731707317,0.1513536585365854,2.826,0.8708780487804879,0.2887983640983278,0.8599240609263871,0.3658536585365853,32.0,0.073170731707317,0.3658536585365853,Telangana,MEDAK,20,0.05,0.5588974240942358,2.588489121350108,30484168.0,30,0.5146168809404104,0.6256975867269985,0.0,0.0,2901934.0,0.6243311427134957,0.0,1,cost_deviation_pct_mean,1.4736142,sor_match_confidence_mean,0.42412388,collusion_score_max,-0.1744123,0.7801327506701151,0.8891279,0.5,0,0.8034901365705615,agree
Mala Rajya Laxmi Shah ,136,0.75,Critical,1,"TEHRI GARHWAL, Uttarakhand",Masti ram,1.0,1,cost_deviation_pct_mean (+2.424); cost_deviation_pct_max (-0.191); collusion_score_max (-0.130),84,0.1554286237241283,0.2189090847427561,0.0714285714285714,0.1604488095238095,2.8483,0.842297619047619,0.6862716538853149,0.858063738822937,0.8452380952380952,57.0,0.0714285714285714,0.8452380952380952,Uttarakhand,TEHRI GARHWAL,24,0.0416666666666666,0.6674364538219377,2.012128818908798,57285791.0,135,0.2441405840588846,0.64200872656755,0.0,0.0,18451193.0,0.6375152625152626,0.0,1,cost_deviation_pct_mean,2.423602,cost_deviation_pct_max,-0.19142498,collusion_score_max,-0.13006353,0.7768447200457255,0.89507633,0.5,0,0.8034901365705615,agree
DARSHAN SINGH CHOUDHARY,137,0.5,High,1,"HOSHANGABAD, Madhya Pradesh",Punyashila Automobiles,1.0,0,cost_deviation_pct_max (+0.611); cost_deviation_pct_mean (+0.581); collusion_score_mean (-0.221),49,0.1868432826069959,0.2172877838494298,0.0408163265306122,0.1330428571428571,2.2129,0.8588163265306122,0.6460481900757943,0.85810009765625,0.8571428571428571,37.0,0.0612244897959183,0.8571428571428571,Madhya Pradesh,HOSHANGABAD,22,0.0454545454545454,0.6082763958347251,2.868555586875616,30102552.0,146,0.3220693265012362,0.6361066221360339,0.0,0.0,4944000.0,0.6361066221360339,0.0,0,cost_deviation_pct_max,0.6108268,cost_deviation_pct_mean,0.5810356,collusion_score_mean,-0.2205582,0.7762882312138876,0.6725016,0.5,0,0.7776934749620638,false_positive
Andimuthu Raja,138,0.5,High,1,"NILGIRIS, Tamil Nadu",C Chithambaram,1.0,0,cost_deviation_pct_mean (+1.965); cost_deviation_pct_max (-0.725); residual_pct_max (-0.348),73,0.1450225326459776,0.2198307797606686,0.0958904109589041,0.1596575342465753,2.9908,0.8585479452054794,0.2789039226305729,0.8633488125255896,0.3698630136986301,11.0,0.0547945205479452,0.3698630136986301,Tamil Nadu,NILGIRIS,19,0.0,0.5393625979136291,1.1118759836844858,71485310.0,60,0.4960587397352103,0.640211340946635,0.0,0.0,5499942.0,0.6281952524599583,0.0,0,cost_deviation_pct_mean,1.965496,cost_deviation_pct_max,-0.7248469,residual_pct_max,-0.3483421,0.7695591449737549,0.37487108,0.5,0,0.7776934749620638,false_positive
Shri S. Jaishankar (2023-29),139,0.5,High,1,"Sitting Rajya Sabha, Gujarat",CONNECTWAVE INTEGRATIONS PVT LTD,0.0,1,cost_deviation_pct_mean (+0.778); cost_deviation_pct_max (+0.563); collusion_score_max (+0.285),51,0.1774109047728645,0.2044635956319456,0.0196078431372549,0.1298901960784313,2.3579,0.8502352941176471,0.0,0.0,0.0,1.0,0.0784313725490196,0.0,Gujarat,Sitting Rajya Sabha,21,0.0476190476190476,1.6606422281626136,7.801879779189678,31616893.0,6,0.5428077641312935,0.6731352797529269,0.1666666666666666,1.0,22769541.0,0.6731352797529269,1.0,1,cost_deviation_pct_mean,0.7781919,cost_deviation_pct_max,0.5632261,collusion_score_max,0.28511456,0.7529290119806925,0.8919936,0.5,0,0.7776934749620638,agree
RAM PRASAD CHAUDHARY,140,0.5,High,1,"BASTI, Uttar Pradesh",JAI CONSTRUCTION,1.0,1,cost_deviation_pct_mean (+2.318); num_works (-0.401); anomaly_score_max (-0.181),37,0.1207307908182098,0.2098673671967593,0.027027027027027,0.1558675675675675,2.6132,0.8548648648648648,0.3087128461480208,0.7613834318142502,0.4324324324324324,6.0,0.081081081081081,0.4324324324324324,Uttar Pradesh,BASTI,23,0.0,0.6471574847518132,1.8722904622992085,148429426.0,15,0.4650277119394766,0.6286549235078647,0.0,0.0,132120536.0,0.6286549235078647,0.0,1,cost_deviation_pct_mean,2.3183427,num_works,-0.40095595,anomaly_score_max,-0.18080266,0.7525437076886495,0.88267726,0.5,0,0.7776934749620638,agree
BASAVARAJ BOMMAI,141,0.5,High,1,"HAVERI, Karnataka",Bommai Zilla Nirmithi Kendra,1.0,0,num_works (-1.005); cost_deviation_pct_mean (+0.943); cost_deviation_pct_max (+0.627),19,0.1853497763880059,0.2163703373712335,0.0526315789473684,0.1475368421052631,2.0415,0.8152105263157895,0.3899508472353394,0.8012008404201931,0.5263157894736842,96.0,0.0526315789473684,0.5263157894736842,Karnataka,HAVERI,22,0.0454545454545454,0.6038938370539356,1.798232127118128,61561447.0,15,0.4382297277885513,0.671257092580622,0.0666666666666666,1.0,33225000.0,0.671257092580622,1.0,0,num_works,-1.004886,cost_deviation_pct_mean,0.94273317,cost_deviation_pct_max,0.6266648,0.7235166430473328,0.5150501,0.5,0,0.7776934749620638,false_positive
ANUP SANJAY DHOTRE,142,0.5,High,1,"AKOLA, Maharashtra",Nishant Gulab Rathod,1.0,1,cost_deviation_pct_mean (+1.223); cost_deviation_pct_max (+0.614); anomaly_flag_rate (-0.451),41,0.1743468717166518,0.2175653853114013,0.048780487804878,0.1431317073170731,2.3378,0.8444390243902439,0.6062634995202693,0.7683245240307492,0.8292682926829268,64.0,0.073170731707317,0.8292682926829268,Maharashtra,AKOLA,20,0.05,0.8034162487656433,3.5541874117759336,51045667.0,42,0.5086044246758532,0.6359773396538103,0.0,0.0,4698396.0,0.6331385118149824,0.0,1,cost_deviation_pct_mean,1.2228577,cost_deviation_pct_max,0.6135132,anomaly_flag_rate,-0.45070124,0.6910539666811625,0.8610034,0.5,0,0.7776934749620638,agree
ANOOP PRADHAN BALMIKI,143,0.5,High,1,"HATHRAS, Uttar Pradesh",JITENDRA KUMAR SINGH,1.0,0,cost_deviation_pct_mean (+0.424); anomaly_flag_rate (-0.408); cost_deviation_pct_max (-0.290),69,0.1354406954648778,0.2182012401045738,0.0579710144927536,0.1335739130434782,2.6906,0.857463768115942,0.5903739725173095,0.7895800429365071,0.8115942028985508,74.0,0.0579710144927536,0.8115942028985508,Uttar Pradesh,HATHRAS,23,0.0434782608695652,0.8805016678942132,3.776515066688126,97915147.0,6,0.6244369328928152,0.6773055375996553,0.3333333333333333,1.0,35725987.0,0.6213325073619191,0.0,0,cost_deviation_pct_mean,0.42371476,anomaly_flag_rate,-0.40790582,cost_deviation_pct_max,-0.2904538,0.6763294339179993,0.5601361,0.5,0,0.7776934749620638,false_positive
MOHITE PATIL DHAIRYASHEEL RAJSINH,144,0.5,High,1,"MADHA, Maharashtra",ABHIJEET AGENCIES SOLAPUR,1.0,1,cost_deviation_pct_mean (+1.137); cost_deviation_pct_max (+0.597); anomaly_flag_rate (+0.317),41,0.1822888761447456,0.218292201015018,0.024390243902439,0.1406609756097561,2.2417,0.8547073170731707,0.8118940477500439,0.852493088722229,1.0,203.0,0.073170731707317,1.0,Maharashtra,MADHA,3,0.0,0.0,0.0,8828612.0,2,0.608494936436113,0.6611568986568986,0.5,1.0,8182616.0,0.6611568986568986,1.0,1,cost_deviation_pct_mean,1.1365335,cost_deviation_pct_max,0.5974785,anomaly_flag_rate,0.3174675,0.6714097261428833,0.8808848,0.5,0,0.7776934749620638,agree
Shri Dorjee Tshering Lepcha (2024-30),145,0.5,High,1,"Sitting Rajya Sabha, Sikkim",ASSISTANT ENGINEER ZILLA PANCHAYAT OFFICE,0.0,0,cost_deviation_pct_mean (+0.912); cost_deviation_pct_max (-0.402); deviation_flag_rate (-0.213),85,0.1499648938103005,0.2180917527525385,0.1058823529411764,0.1474541176470588,2.8522,0.8318823529411764,0.0,0.0,0.0,1.0,0.0588235294117647,0.0,Sikkim,Sitting Rajya Sabha,24,0.0833333333333333,1.1325448812480663,4.628962263801458,91921040.0,26,0.507834331957635,0.6946868490986138,0.1923076923076923,1.0,23975115.0,0.6946868490986138,1.0,0,cost_deviation_pct_mean,0.9118,cost_deviation_pct_max,-0.40165585,deviation_flag_rate,-0.21338019,0.6637847820917765,0.4930938,0.5,0,0.7776934749620638,false_positive
DR. M.P ABDUSSAMAD SAMADANI,146,0.5,High,1,"PONNANI, Kerala",Kerala Electrical And Allied Engineering Company,1.0,1,cost_deviation_pct_mean (+1.220); cost_deviation_pct_max (+0.617); anomaly_flag_rate (+0.331),48,0.1903322187707125,0.2192676658955623,0.0208333333333333,0.1412354166666666,2.35,0.8596458333333333,0.4108380334467218,0.7746927254199981,0.5625,28.0,0.0833333333333333,0.5625,Kerala,PONNANI,13,0.0,0.1757816704909212,1.0,16359185.0,19,0.5121419687983155,0.6458737341090283,0.0,0.0,5498786.0,0.6458737341090283,0.0,1,cost_deviation_pct_mean,1.2204379,cost_deviation_pct_max,0.6168474,anomaly_flag_rate,0.33097726,0.6506746808687845,0.83223206,0.5,0,0.7776934749620638,agree
S SUPONGMEREN JAMIR,147,0.5,High,1,"NAGALAND, Nagaland",Imlichuba,1.0,0,cost_deviation_pct_max (+0.643); num_works (-0.487); duplicate_score_max (-0.401),38,0.1196595018932105,0.220426596013617,0.2105263157894736,0.1255394736842105,2.2243,0.8495263157894736,0.278333242930864,0.8679999523162841,0.3684210526315789,5.0,0.0526315789473684,0.3684210526315789,Nagaland,NAGALAND,26,0.0384615384615384,1.0798266541684285,3.723072238405429,138150000.0,50,0.4898891402714932,0.6689012784601021,0.16,1.0,18900000.0,0.6602555124613948,1.0,0,cost_deviation_pct_max,0.64259154,num_works,-0.4866527,duplicate_score_max,-0.40095752,0.6469199260075887,0.34596556,0.5,0,0.7776934749620638,false_positive
Shri Randeep Singh Surjewala (2022-28),148,0.5,High,1,"Sitting Rajya Sabha, Rajasthan",JAI BABA MOHAN RAM,0.0,0,cost_deviation_pct_max (-0.456); residual_pct_max (-0.394); cost_deviation_pct_mean (+0.365),55,0.1378584446597656,0.2173465010066961,0.0181818181818181,0.1385090909090909,2.882,0.8572,0.0,0.0,0.0,1.0,0.0545454545454545,0.0,Rajasthan,Sitting Rajya Sabha,26,0.0384615384615384,0.6967280654734399,1.5161949712260718,61282096.0,151,0.2758396107636466,0.6738041370394312,0.0198675496688741,1.0,4259773.0,0.6738041370394312,1.0,0,cost_deviation_pct_max,-0.456033,residual_pct_max,-0.39448372,cost_deviation_pct_mean,0.364869,0.6445335348447164,0.38346955,0.5,0,0.7776934749620638,false_positive
VIRENDRA SINGH,149,0.5,High,1,"CHANDAULI, Uttar Pradesh",BIHARI JI MAHADEV ASSOCIATES,1.0,1,cost_deviation_pct_mean (-2.116); num_works (+2.035); cost_deviation_pct_max (+1.288),13,0.0703587611520395,0.2028816451716349,0.3846153846153846,0.0535538461538461,0.8114,0.8722307692307693,0.2573472347882282,0.6851094540878231,0.3846153846153846,3.0,0.0769230769230769,0.3846153846153846,Uttar Pradesh,CHANDAULI,24,0.0416666666666666,0.8879488679001911,3.492398365532104,86345853.0,9,0.5274482870071106,0.6936777275012569,0.1111111111111111,1.0,125430670.0,0.6936777275012569,1.0,1,cost_deviation_pct_mean,-2.1164317,num_works,2.0347457,cost_deviation_pct_max,1.2881202,0.636854479710261,0.93214947,0.5,0,0.7776934749620638,agree
Shri B Y Raghavendra ,150,0.5,High,1,"SHIMOGA, Karnataka",Nirmithi Kendra Shivamogga,1.0,0,cost_deviation_pct_mean (+0.318); collusion_score_mean (-0.257); anomaly_flag_rate (+0.165),49,0.1863175570247772,0.2195195013076483,0.0204081632653061,0.130204081632653,2.548,0.8471020408163266,0.3351046815031395,0.8250523619651794,0.4489795918367347,78.0,0.0408163265306122,0.4489795918367347,Karnataka,SHIMOGA,21,0.0,0.7414142918993547,1.7019862562107992,70428761.0,10,0.4533825325001795,0.6398432449903038,0.0,0.0,33051482.0,0.6269652732888027,0.0,0,cost_deviation_pct_mean,0.3183485,collusion_score_mean,-0.25668567,anomaly_flag_rate,0.16513278,0.6358397006988525,0.4647079,0.5,0,0.7776934749620638,false_positive
CHIRAG PASWAN,151,0.5,High,1,"HAJIPUR, Bihar",DHARMVIR KUMAR,1.0,0,cost_deviation_pct_max (+0.894); deviation_flag_rate (-0.242); num_months (-0.234),47,0.1732004300407218,0.2017581173908588,0.0425531914893617,0.1213234042553191,2.0807,0.8442340425531916,0.753103442134278,0.8301155328837452,0.9787234042553192,106.0,0.0638297872340425,0.9787234042553192,Bihar,HAJIPUR,15,0.0666666666666666,0.668317304554022,1.7300589515426386,53484547.0,25,0.5308489908784026,0.6505305968541262,0.04,1.0,9831939.0,0.6505305968541262,1.0,0,cost_deviation_pct_max,0.89365155,deviation_flag_rate,-0.24247043,num_months,-0.23374653,0.6241994500160217,0.47308746,0.5,0,0.7776934749620638,false_positive
CHANDRA SHEKHAR,152,0.5,High,1,"NAGINA, Uttar Pradesh",MAKSUD AHMAD CONTRACTOR,1.0,1,cost_deviation_pct_mean (+1.310); anomaly_score_max (+0.471); cost_deviation_pct_max (-0.247),286,0.1783595585852499,0.2213953439951986,0.0349650349650349,0.1433353146853146,2.9531,0.8481223776223776,0.8232646439452175,0.8680000119209289,0.9615384615384616,324.0,0.0699300699300699,0.9615384615384616,Uttar Pradesh,NAGINA,25,0.0,0.883525102598491,4.564437237500093,87033825.0,7,0.6256501318476108,0.6675869065574949,0.4285714285714285,1.0,24866426.0,0.6675869065574949,1.0,1,cost_deviation_pct_mean,1.309776,anomaly_score_max,0.47093105,cost_deviation_pct_max,-0.24725841,0.6179258823394775,0.90638393,0.5,0,0.7776934749620638,agree
AASHTIKAR PATIL NAGESH BAPURAO,153,0.5,High,1,"HINGOLI, Maharashtra",SAIBABA STONE CRUSHER AND CONSTRUCTION,1.0,0,cost_deviation_pct_max (+0.914); num_works (-0.521); cost_deviation_pct_mean (-0.456),38,0.1415400015327794,0.2210589968943268,0.0526315789473684,0.1168473684210526,1.8985,0.8679473684210526,0.7281034582309133,0.8672493399484374,0.9210526315789472,27.0,0.0526315789473684,0.9210526315789472,Maharashtra,HINGOLI,17,0.0,0.687609715820981,3.1384697100556544,67522042.0,25,0.5538898585075056,0.668251274868922,0.12,1.0,20662113.0,0.6678346979817569,1.0,0,cost_deviation_pct_max,0.91351825,num_works,-0.5208971,cost_deviation_pct_mean,-0.45600966,0.6162908871968588,0.2679082,0.5,0,0.7776934749620638,false_positive
MIAN ALTAF AHMAD,154,0.5,High,1,"ANANTNAG, Jammu And Kashmir",MASRAT SIDIQ GILKAR,1.0,1,num_works (+2.118); cost_deviation_pct_mean (-1.714); cost_deviation_pct_max (+1.258),14,0.1861844977112476,0.215569761014295,0.0,0.09535,0.9994,0.8035,0.1051439505633222,0.7360076539432557,0.1428571428571428,2.0,0.0714285714285714,0.1428571428571428,Jammu And Kashmir,ANANTNAG,11,0.0,0.8973336580191004,1.379676759293319,24523857.0,27,0.5508897148603031,0.6550949867126338,0.074074074074074,1.0,6894000.0,0.6550949867126338,1.0,1,num_works,2.117576,cost_deviation_pct_mean,-1.7141604,cost_deviation_pct_max,1.2576858,0.6117324630419413,0.8540028,0.5,0,0.7776934749620638,agree
C R Patil,155,0.5,High,1,"NAVSARI, Gujarat",SAMBHAV ENTERPRISE,1.0,0,cost_deviation_pct_mean (+0.946); cost_deviation_pct_max (-0.335); num_months (-0.313),268,0.1008212881282293,0.2234763763784681,0.1007462686567164,0.1462160447761194,2.9643,0.856410447761194,0.6839406657849149,0.8410612754821777,0.8880597014925373,46.0,0.0634328358208955,0.8880597014925373,Gujarat,NAVSARI,18,0.0555555555555555,0.7958822549844291,2.031600164471139,72577870.0,131,0.3446343794906884,0.6642318465847877,0.0076335877862595,1.0,11217480.0,0.6642318465847877,1.0,0,cost_deviation_pct_mean,0.94646007,cost_deviation_pct_max,-0.33531478,num_months,-0.31275842,0.6030991276105245,0.39860296,0.5,0,0.7776934749620638,false_positive
Jagannath Sarkar,156,0.5,High,1,"RANAGHAT, West Bengal",ROKHI GHOSH,1.0,1,cost_deviation_pct_max (+0.770); cost_deviation_pct_mean (+0.190); anomaly_flag_rate (+0.162),70,0.1768001825038036,0.2179348588729685,0.0142857142857142,0.1196257142857142,2.3146,0.8603142857142857,0.6184907425134887,0.8597708932028876,0.8,90.0,0.0714285714285714,0.8,West Bengal,RANAGHAT,23,0.0434782608695652,0.8659744183265758,3.3653871037528957,41712525.0,9,0.5721481042559474,0.6608013718307836,0.2222222222222222,1.0,10614683.0,0.6608013718307836,1.0,1,cost_deviation_pct_max,0.77015686,cost_deviation_pct_mean,0.189827,anomaly_flag_rate,0.1617885,0.5953338742256165,0.8131827,0.5,0,0.7776934749620638,agree
Dr. Ajeet Madhavrao Gopchade (2024-30),157,0.5,High,1,"Sitting Rajya Sabha, Maharashtra",MAULI CONSTRUCTION,0.0,1,cost_deviation_pct_max (+0.946); cost_deviation_pct_mean (+0.187); duplicate_score_max (+0.186),44,0.1636758547922913,0.2170974300756457,0.0227272727272727,0.1196340909090909,2.0951,0.8276818181818182,0.0,0.0,0.0,1.0,0.0681818181818181,0.0,Maharashtra,Sitting Rajya Sabha,21,0.0476190476190476,0.573761115895804,2.1886479697815955,53532752.0,37,0.5135238745532863,0.6303912590677296,0.0,0.0,3485907.0,0.6303912590677296,0.0,1,cost_deviation_pct_max,0.9457298,cost_deviation_pct_mean,0.1869289,duplicate_score_max,0.1861542,0.5916489362716675,0.8254827,0.5,0,0.7776934749620638,agree
PRAVEEN PATEL,158,0.5,High,1,"PHULPUR, Uttar Pradesh",Sunny Enterprises,1.0,1,num_works (+2.076); cost_deviation_pct_mean (-1.802); cost_deviation_pct_max (+1.373),14,0.0769918178646801,0.2022463873307631,0.3571428571428571,0.0791714285714285,0.8486,0.8657142857142857,0.5292202933345521,0.889556758403778,0.6428571428571429,6.0,0.0714285714285714,0.6428571428571429,Uttar Pradesh,PHULPUR,20,0.0,1.0704488008383617,2.7992051108254845,95102075.0,6,0.5877771193947665,0.6597886590533649,0.1666666666666666,1.0,62271218.0,0.6266025641025641,0.0,1,num_works,2.0755842,cost_deviation_pct_mean,-1.8024131,cost_deviation_pct_max,1.3732531,0.5911575754483541,0.9359717,0.5,0,0.7776934749620638,agree
ABHAY KUMAR SINHA,159,0.3333333333333333,Medium,0,"AURANGABAD, Bihar",LITTLE GENIUS AGENCIES,1.0,0,cost_deviation_pct_mean (+0.877); anomaly_flag_rate (-0.514); cost_deviation_pct_max (-0.365),124,0.1806613388562702,0.2198913191049348,0.0483870967741935,0.140691129032258,2.9059,0.8582016129032258,0.7995486781446173,0.8680000119209289,0.9516129032258064,79.0,0.0564516129032258,0.9516129032258064,Bihar,AURANGABAD,23,0.0434782608695652,1.1308211111104336,4.441388423876308,73566109.0,7,0.5627577954258627,0.666748366013072,0.1428571428571428,1.0,19965208.0,0.666748366013072,1.0,0,cost_deviation_pct_mean,0.87728816,anomaly_flag_rate,-0.51436204,cost_deviation_pct_max,-0.3647129,0.5902316669623057,0.36443403,0.5,0,0.7496206373292867,agree
Pradan Baruah,160,0.3333333333333333,Medium,0,"LAKHIMPUR, Assam",UJJAL SAIKIA,1.0,0,cost_deviation_pct_max (+0.928); num_works (-0.692); sor_match_confidence_mean (-0.126),33,0.1710043928177667,0.211288514905503,0.0303030303030303,0.1208818181818181,1.3983,0.8439090909090909,0.4293417862784669,0.8056975936359829,0.5757575757575758,38.0,0.0606060606060606,0.5757575757575758,Assam,LAKHIMPUR,24,0.0416666666666666,0.6241061652590484,1.6532023512902505,57613604.0,43,0.5016444890418899,0.6409690799396682,0.0,0.0,9893747.0,0.6081331250448898,0.0,0,cost_deviation_pct_max,0.92782027,num_works,-0.6916343,sor_match_confidence_mean,-0.12646328,0.5781833628813425,0.5325476,0.5,0,0.7496206373292867,agree
Shri Gurjeet Singh Aujla,161,0.3333333333333333,Medium,0,"AMRITSAR, Punjab",THE CHAWINDA COOPRATIVE LABOUR AND CONSTRUCTION SOCIETY,1.0,1,cost_deviation_pct_mean (+1.382); anomaly_score_max (+0.300); collusion_score_max (+0.259),91,0.1834594014227186,0.2225787422046572,0.0329670329670329,0.1445087912087912,2.9374,0.848131868131868,0.385219405620898,0.8680000119209289,0.5054945054945055,25.0,0.0769230769230769,0.5054945054945055,Punjab,AMRITSAR,25,0.0,0.6623821875626033,2.3548986248173667,67674872.0,116,0.3015672559916981,0.6899734252675429,0.0172413793103448,1.0,18139662.0,0.6899734252675429,1.0,1,cost_deviation_pct_mean,1.3821117,anomaly_score_max,0.30021346,collusion_score_max,0.25933573,0.5767556130886078,0.84812033,0.5,0,0.7496206373292867,false_negative
Smt Sandhya Ray,162,0.3333333333333333,Medium,0,"BHIND, Madhya Pradesh",MP STATE AGRO INDUSTRIES DEV CORP LTD,1.0,0,cost_deviation_pct_max (+0.696); duplicate_score_max (-0.421); num_months (-0.251),61,0.0406162537978782,0.0748807089752829,0.1147540983606557,0.1203639344262295,2.2695,0.8605081967213115,0.8663606569102552,0.8680000119209289,1.0,64.0,0.0491803278688524,1.0,Madhya Pradesh,BHIND,10,0.0,0.9596331604217536,2.497102804331898,25218035.0,2,0.6666864181570065,0.6728767147884795,1.0,1.0,16644467.0,0.6728767147884795,1.0,0,cost_deviation_pct_max,0.6961584,duplicate_score_max,-0.42101118,num_months,-0.25093067,0.5766002535820007,0.39534146,0.5,0,0.7496206373292867,agree
Bhola Singh,163,0.3333333333333333,Medium,0,"BULANDSHAHR, Uttar Pradesh",Electromech Enterpries,1.0,0,duplicate_score_max (-0.396); cost_deviation_pct_max (-0.331); num_months (-0.299),142,0.1727012068405479,0.2123853964722606,0.0422535211267605,0.1370161971830985,2.8423,0.8621408450704224,0.7335770033282222,0.8680000119209289,0.8943661971830986,193.0,0.0633802816901408,0.8943661971830986,Uttar Pradesh,BULANDSHAHR,19,0.0,0.8705545255454123,3.402696937310297,101017522.0,4,0.551589994972348,0.6684416074121957,0.25,1.0,51774667.0,0.6192945126768656,0.0,0,duplicate_score_max,-0.39627054,cost_deviation_pct_max,-0.3305492,num_months,-0.29938924,0.56299689412117,0.28136554,0.5,0,0.7496206373292867,agree
Krishna Prasad Tenneti,164,0.3333333333333333,Medium,0,"BAPATLA, Andhra Pradesh",Seetha Remi Reddy,0.0,1,num_works (+2.095); cost_deviation_pct_mean (-1.736); cost_deviation_pct_max (+1.251),6,0.1778500205864052,0.2108718931841574,0.0,0.0921666666666666,0.5784,0.836,0.0,0.0,0.0,1.0,0.1666666666666666,0.0,Andhra Pradesh,BAPATLA,12,0.0,0.75257760616817,1.5179226960913743,18515817.0,17,0.5589163191671842,0.6424145299145299,0.0,0.0,2924176.0,0.6424145299145299,0.0,1,num_works,2.0951502,cost_deviation_pct_mean,-1.7360203,cost_deviation_pct_max,1.251426,0.5560103555520376,0.86088544,0.5,0,0.7496206373292867,false_negative
ARUN GOVIL,165,0.3333333333333333,Medium,0,"MEERUT, Uttar Pradesh",ANUJ INTERLOCKING,1.0,0,num_works (-0.634); cost_deviation_pct_mean (+0.422); duplicate_score_max (-0.308),36,0.1748647282274351,0.2163693413924494,0.0277777777777777,0.1385194444444444,2.5125,0.8245555555555556,0.3610575818430995,0.8666179420369585,0.4722222222222222,9.0,0.0555555555555555,0.4722222222222222,Uttar Pradesh,MEERUT,23,0.0,0.7109355683028562,2.339486586892165,66737649.0,18,0.5759923627570687,0.6361640810170222,0.0,0.0,12821806.0,0.6148288802700568,0.0,0,num_works,-0.63428736,cost_deviation_pct_mean,0.42245004,duplicate_score_max,-0.30750546,0.555607537428538,0.36201385,0.5,0,0.7496206373292867,agree
SHREYAS. M. PATEL,166,0.3333333333333333,Medium,0,"HASSAN, Karnataka",Nirmithi Kendra Hassan,1.0,0,cost_deviation_pct_max (+0.753); num_works (-0.678); cost_deviation_pct_mean (+0.317),35,0.1921029885113949,0.2212605943075621,0.0285714285714285,0.1292371428571428,1.975,0.8497714285714286,0.5347241025481082,0.8421992014494347,0.7142857142857143,24.0,0.0571428571428571,0.7142857142857143,Karnataka,HASSAN,16,0.0625,0.76653622714505,2.917980906776557,58673951.0,49,0.3841841681727636,0.630525928320046,0.0,0.0,6000000.0,0.630525928320046,0.0,0,cost_deviation_pct_max,0.75266325,num_works,-0.6783476,cost_deviation_pct_mean,0.31738657,0.5527702371279398,0.34756708,0.5,0,0.7496206373292867,agree
E.T. MOHAMMED BASHEER,167,0.3333333333333333,Medium,0,"MALAPPURAM, Kerala",SML ISUZU LTD,1.0,0,cost_deviation_pct_max (+0.515); collusion_score_mean (-0.416); residual_pct_max (-0.352),43,0.1836282385052055,0.2228265948769477,0.0697674418604651,0.1340348837209302,2.3099,0.8634418604651163,0.1872964897536578,0.8466410450935363,0.2558139534883721,11.0,0.0465116279069767,0.2558139534883721,Kerala,MALAPPURAM,12,0.0,0.7582863312032618,1.4277552252679675,36606844.0,44,0.3890147230220759,0.6899626517273576,0.0454545454545454,1.0,100105742.0,0.6899626517273576,1.0,0,cost_deviation_pct_max,0.51498383,collusion_score_mean,-0.41637215,residual_pct_max,-0.35229823,0.5513827800750732,0.40901634,0.5,0,0.7496206373292867,agree
NARAYAN TATU RANE,168,0.3333333333333333,Medium,0,"RATNAGIRI-SINDHUDURG, Maharashtra",Manoj Madhukar Waingankar,0.0,0,cost_deviation_pct_mean (+1.239); num_works (-0.609); num_months (-0.242),25,0.1645477596619042,0.2153961228785252,0.08,0.1500959999999999,2.6361,0.85324,0.0,0.0,0.0,1.0,0.04,0.0,Maharashtra,RATNAGIRI-SINDHUDURG,17,0.0,0.0548476185516706,3.3171362887425797,22993974.0,26,0.5721834789142481,0.6422241973712561,0.0,0.0,3029879.0,0.6334922430510666,0.0,0,cost_deviation_pct_mean,1.238767,num_works,-0.60881066,num_months,-0.24151628,0.5375960369904836,0.40422904,0.5,0,0.7496206373292867,agree
MANNA LAL RAWAT,169,0.3333333333333333,Medium,0,"UDAIPUR, Rajasthan",SHREE RAM ENTERPRISES,1.0,0,cost_deviation_pct_max (+0.837); num_works (-0.650); cost_deviation_pct_mean (-0.396),24,0.1528648156176942,0.2182312633854176,0.0416666666666666,0.1158874999999999,2.114,0.8804166666666666,0.1851618898437682,0.7827947339697363,0.25,3.0,0.0416666666666666,0.25,Rajasthan,UDAIPUR,24,0.0416666666666666,0.5045113227396151,1.0,36354199.0,69,0.3377670484767671,0.6813905049199167,0.0144927536231884,1.0,6698825.0,0.6813905049199167,1.0,0,cost_deviation_pct_max,0.837396,num_works,-0.6497099,cost_deviation_pct_mean,-0.3963322,0.5343291362126669,0.31408674,0.5,0,0.7496206373292867,agree
Shri Vivek K. Tankha (2022-28),170,0.3333333333333333,Medium,0,"Sitting Rajya Sabha, Madhya Pradesh",MAHAKAL TRADERS,1.0,0,cost_deviation_pct_max (+0.522); duplicate_score_max (-0.348); collusion_score_mean (-0.332),118,0.1503576468209472,0.2225119207142332,0.0677966101694915,0.1302635593220339,2.2577,0.8483389830508474,0.433938720414848,0.867877440829696,0.5,8.0,0.059322033898305,0.5,Madhya Pradesh,Sitting Rajya Sabha,39,0.0256410256410256,0.5039908538574139,11.7302208044294,116845421.0,192,0.3310858812007708,0.6204804998922646,0.0,0.0,5350000.0,0.6204804998922646,0.0,0,cost_deviation_pct_max,0.52166545,duplicate_score_max,-0.3477148,collusion_score_mean,-0.33200637,0.5305120944976807,0.29849607,0.5,0,0.7496206373292867,agree
Shri Jual Oram,171,0.3333333333333333,Medium,0,"SUNDARGARH, Odisha",Geetanjali Traders,1.0,1,cost_deviation_pct_max (+0.757); cost_deviation_pct_mean (+0.180); collusion_score_mean (-0.139),89,0.177576399308618,0.2175767122983225,0.0337078651685393,0.1219966292134831,2.3406,0.8542247191011235,0.554563994154055,0.8510473184585571,0.6853932584269663,65.0,0.0786516853932584,0.6853932584269663,Odisha,SUNDARGARH,24,0.0,0.6585259893237465,2.357084937288943,66763914.0,56,0.3628984446342639,0.6645002872944049,0.0178571428571428,1.0,21264000.0,0.6645002872944049,1.0,1,cost_deviation_pct_max,0.7568601,cost_deviation_pct_mean,0.18042937,collusion_score_mean,-0.13871016,0.5279704133669535,0.76447034,0.5,0,0.7496206373292867,false_negative
DURAI VAIKO,172,0.3333333333333333,Medium,0,"TIRUCHIRAPPALLI, Tamil Nadu",C S R CONSTRUCTION,1.0,1,cost_deviation_pct_mean (+2.149); cost_deviation_pct_max (-0.410); num_months (-0.223),45,0.1412673146118478,0.2113717964518893,0.0666666666666666,0.1523555555555555,2.9809,0.8446888888888889,0.2602266483617924,0.8455765061378478,0.3555555555555555,7.0,0.0666666666666666,0.3555555555555555,Tamil Nadu,TIRUCHIRAPPALLI,19,0.0,0.5985255716523086,1.554778442682075,66737879.0,40,0.5033957300869065,0.649760288730877,0.0,0.0,7028076.0,0.649760288730877,0.0,1,cost_deviation_pct_mean,2.1488283,cost_deviation_pct_max,-0.41025335,num_months,-0.22337206,0.5120610892772675,0.8053322,0.5,0,0.7496206373292867,false_negative
Shri Tapir Gao,173,0.3333333333333333,Medium,0,"ARUNACHAL EAST, Arunachal Pradesh",BKM Enterprises,1.0,1,cost_deviation_pct_mean (+1.124); collusion_score_max (+0.315); cost_deviation_pct_max (-0.221),106,0.1532731935584143,0.2191124326885575,0.0754716981132075,0.1441009433962264,2.8393,0.8493113207547169,0.2483519997626606,0.8523867540359497,0.3396226415094339,6.0,0.0660377358490566,0.3396226415094339,Arunachal Pradesh,ARUNACHAL EAST,25,0.04,0.8988318029719309,3.866910267250041,98534470.0,112,0.5218641142354378,0.6859791352438411,0.0714285714285714,1.0,10695137.0,0.6606541334482511,1.0,1,cost_deviation_pct_mean,1.1238723,collusion_score_max,0.31502277,cost_deviation_pct_max,-0.22120515,0.5024734536806742,0.7911695,0.5,0,0.7496206373292867,false_negative
RAKESH RATHOR,174,0.23943661971830985,Low,0,"SITAPUR, Uttar Pradesh",Ravi Electronics,1.0,0,cost_deviation_pct_mean (+1.256); num_works (-0.927); anomaly_flag_rate (-0.495),21,0.1279732869968309,0.1993705176274948,0.0476190476190476,0.1511952380952381,2.9376,0.8551428571428571,0.3211933402609375,0.7915645829439102,0.4285714285714285,3.0,0.0476190476190476,0.4285714285714285,Uttar Pradesh,SITAPUR,21,0.0476190476190476,0.6019457667333961,1.0659086941957645,91524162.0,21,0.5042654241183653,0.7076806363571069,0.1428571428571428,1.0,18442895.0,0.6582642031171443,1.0,0,cost_deviation_pct_mean,1.2563468,num_works,-0.92674357,anomaly_flag_rate,-0.4949343,0.4983677764733632,0.24536788,0.5,0,0.6843702579666161,agree
Shri Hibi Eden,175,0.23943661971830985,Low,0,"ERNAKULAM, Kerala",VE Commercial Vehicles Ltd,1.0,0,num_works (-0.984); cost_deviation_pct_max (+0.682); anomaly_flag_rate (-0.410),18,0.1299595422929066,0.2137816654867123,0.0555555555555555,0.1281444444444444,2.2188,0.8691666666666666,0.3518649774618709,0.7209567539691925,0.5,3.0,0.0555555555555555,0.5,Kerala,ERNAKULAM,14,0.0714285714285714,0.7344439300864285,1.6515773029795613,24928980.0,18,0.4079922211049662,0.6907724628312863,0.1111111111111111,1.0,90149060.0,0.6907724628312863,1.0,0,num_works,-0.9843096,cost_deviation_pct_max,0.68185866,anomaly_flag_rate,-0.4103375,0.49747451146443683,0.2205439,0.5,0,0.6843702579666161,agree
SHIVMANGAL SINGH TOMAR,176,0.23943661971830985,Low,0,"MORENA, Madhya Pradesh",THE MP STATE AGRO IND DEV CORP LTD SHEOPUR,1.0,0,cost_deviation_pct_mean (+0.810); num_works (-0.583); cost_deviation_pct_max (-0.277),28,0.0570137810320455,0.1935842619926335,0.1071428571428571,0.1403214285714285,2.6359,0.8518928571428571,0.8279852757892533,0.8518459610939025,1.0,27.0,0.0357142857142857,1.0,Madhya Pradesh,MORENA,25,0.04,1.092956386802353,4.983125027906636,20290158.0,26,0.530570541826198,0.6382810816634346,0.0,0.0,4145446.0,0.6382810816634346,0.0,0,cost_deviation_pct_mean,0.81032944,num_works,-0.5832546,cost_deviation_pct_max,-0.27690893,0.49573711554209393,0.30542418,0.5,0,0.6843702579666161,agree
Shri Naresh Bansal (2020-26),177,0.23943661971830985,Low,0,"Sitting Rajya Sabha, Uttarakhand",CARTEL_CORP_B,0.0,0,cost_deviation_pct_mean (-0.367); anomaly_flag_rate (-0.335); collusion_score_mean (-0.264),106,0.1632762251372986,0.2225119207142332,0.0471698113207547,0.1279867924528302,2.415,0.8432830188679246,0.0,0.0,0.0,1.0,0.0566037735849056,0.0,Uttarakhand,Sitting Rajya Sabha,36,0.0555555555555555,0.6005292243949025,2.2492597694887126,124316327.0,12,0.4187273306758601,0.8950639230050995,0.0833333333333333,1.0,74931801.0,0.8950639230050995,1.0,0,cost_deviation_pct_mean,-0.36721876,anomaly_flag_rate,-0.33541852,collusion_score_mean,-0.2640263,0.4912341336409251,0.27134317,0.5,0,0.6843702579666161,agree
SHOBHA KARANDLAJE,178,0.23943661971830985,Low,0,"BANGALORE NORTH, Karnataka",SHRAVANA ENTERPRISES,1.0,0,num_works (-0.915); cost_deviation_pct_mean (+0.752); num_months (-0.218),21,0.1173341437843408,0.2119283138491892,0.238095238095238,0.1438904761904761,2.5469,0.8632380952380952,0.4683353061490092,0.8465173058509826,0.6190476190476191,20.0,0.0476190476190476,0.6190476190476191,Karnataka,BANGALORE NORTH,19,0.0526315789473684,1.1327041398490427,3.564003842773043,61473509.0,23,0.5285843880473037,0.6381697550815197,0.0,0.0,6510964.0,0.6381697550815197,0.0,0,num_works,-0.9147348,cost_deviation_pct_mean,0.75177634,num_months,-0.21794446,0.47229846318562824,0.29295805,0.5,0,0.6843702579666161,agree
RUCHI VIRA,179,0.23943661971830985,Low,0,"MORADABAD, Uttar Pradesh",NATIONAL INFRATECH,1.0,0,cost_deviation_pct_mean (-0.500); duplicate_score_max (-0.399); cost_deviation_pct_max (-0.383),165,0.1825655288708605,0.2180430663865564,0.0363636363636363,0.12424,2.8212,0.8515636363636364,0.8348369459210825,0.8680000119209289,1.0,248.0,0.0424242424242424,1.0,Uttar Pradesh,MORADABAD,20,0.05,0.9100048706176844,3.746553749836972,52167110.0,2,0.4942967571644042,0.6995098039215687,0.5,1.0,52447771.0,0.6995098039215687,1.0,0,cost_deviation_pct_mean,-0.49979547,duplicate_score_max,-0.39934844,cost_deviation_pct_max,-0.3834019,0.459880789120992,0.31013688,0.5,0,0.6843702579666161,agree
Smt Poonamben Hematbhai Maadam,180,0.23943661971830985,Low,0,"JAMNAGAR, Gujarat",UDYATI CONTRUCTION,1.0,0,cost_deviation_pct_mean (+0.874); cost_deviation_pct_max (-0.386); collusion_score_max (-0.350),48,0.1852115805386721,0.2199253246768099,0.0416666666666666,0.1399083333333333,2.861,0.8301041666666666,0.3139015685349294,0.8167496733665466,0.4375,20.0,0.0416666666666666,0.4375,Gujarat,JAMNAGAR,19,0.0,2.431241175197484,36.20015011579617,26767387.0,56,0.5128418675162373,0.6152185233067586,0.0,0.0,1000000.0,0.564561337355455,0.0,0,cost_deviation_pct_mean,0.8736563,cost_deviation_pct_max,-0.38630295,collusion_score_max,-0.35001272,0.44875966012477875,0.3012346,0.5,0,0.6843702579666161,agree
Anurag Singh Thakur,181,0.23943661971830985,Low,0,"HAMIRPUR, Himachal Pradesh",BDO pragpur,1.0,1,cost_deviation_pct_max (+0.942); cost_deviation_pct_mean (+0.261); anomaly_flag_rate (+0.159),46,0.1937717259133866,0.219646268055174,0.0,0.121545652173913,1.7835,0.833,0.4329608448813388,0.8033338599205017,0.6086956521739131,26.0,0.0652173913043478,0.6086956521739131,Himachal Pradesh,HAMIRPUR,23,0.0,0.6971157042091969,1.6490149090494275,18791823.0,105,0.3635905302291857,0.6364010989010989,0.0,0.0,1550000.0,0.6364010989010989,0.0,1,cost_deviation_pct_max,0.9424279,cost_deviation_pct_mean,0.2605643,anomaly_flag_rate,0.159142,0.4479573965072632,0.81063694,0.5,0,0.6843702579666161,false_negative
Smt. Ranjeet Ranjan (2022-28),182,0.23943661971830985,Low,0,"Sitting Rajya Sabha, Chhattisgarh",STARCARE ENTERPRISES LLP,0.0,0,cost_deviation_pct_max (-0.540); cost_deviation_pct_mean (-0.412); num_works (-0.196),164,0.1613807238603281,0.2210072642976426,0.0426829268292682,0.1247719512195121,2.8482,0.855109756097561,0.0,0.0,0.0,1.0,0.0609756097560975,0.0,Chhattisgarh,Sitting Rajya Sabha,35,0.0285714285714285,0.7351722499714285,3.4662966587330373,185739464.0,63,0.5391756275159637,0.6692190978955685,0.0317460317460317,1.0,31632646.0,0.6111263736263736,0.0,0,cost_deviation_pct_max,-0.54048115,cost_deviation_pct_mean,-0.4119502,num_works,-0.19625036,0.4471759299437205,0.26428148,0.5,0,0.6843702579666161,agree
SALENG A SANGMA,183,0.23943661971830985,Low,0,"TURA, Meghalaya",Aiok M Sangma,1.0,0,cost_deviation_pct_mean (-0.438); duplicate_score_max (-0.410); num_works (-0.153),132,0.1578742094329643,0.2208018340767484,0.0454545454545454,0.1242969696969697,2.387,0.8388484848484848,0.4979092315899001,0.8680000119209289,0.6136363636363636,75.0,0.053030303030303,0.6136363636363636,Meghalaya,TURA,25,0.04,0.7650726275968531,2.286046142046285,98620000.0,162,0.4549285122406037,0.7011150614091791,0.0123456790123456,1.0,26500000.0,0.7011150614091791,1.0,0,cost_deviation_pct_mean,-0.43792078,duplicate_score_max,-0.40977305,num_works,-0.15279488,0.43830305337905884,0.2315346,0.5,0,0.6843702579666161,agree
Shri LS Tejasvi Surya ,184,0.23943661971830985,Low,0,"BANGALORE SOUTH, Karnataka",Raju Bhargav R,1.0,0,cost_deviation_pct_max (+0.687); num_works (-0.660); residual_pct_max (-0.284),25,0.1205061499082886,0.2194204090013968,0.16,0.124496,2.2096,0.8468399999999999,0.4066444942278295,0.77914300141268,0.56,13.0,0.04,0.56,Karnataka,BANGALORE SOUTH,21,0.0,0.7032507340354754,1.4671605300873862,40913804.0,16,0.5347653163829634,0.6690296631473102,0.125,1.0,10898162.0,0.6546011994541405,1.0,0,cost_deviation_pct_max,0.687429,num_works,-0.66037464,residual_pct_max,-0.28364652,0.43643619616826373,0.36015093,0.5,0,0.6843702579666161,agree
KARTICK CHANDRA PAUL,185,0.23943661971830985,Low,0,"RAIGANJ, West Bengal",B PAUL AND CO,1.0,0,cost_deviation_pct_max (-0.615); cost_deviation_pct_mean (+0.608); residual_pct_max (-0.349),99,0.1805573394524262,0.2074303217209168,0.0404040404040404,0.1454383838383838,2.9916,0.8566565656565657,0.8232271806628183,0.8680000119209289,1.0,258.0,0.0505050505050505,1.0,West Bengal,RAIGANJ,4,0.0,0.0,0.0,28148611.0,2,0.6168794440853265,0.6272310206133735,0.0,0.0,32263762.0,0.6272310206133735,0.0,0,cost_deviation_pct_max,-0.6147788,cost_deviation_pct_mean,0.60761267,residual_pct_max,-0.3489966,0.43585271139939624,0.17316477,0.5,0,0.6843702579666161,agree
Smt Satabdi Roy (Banerjee),186,0.23943661971830985,Low,0,"BIRBHUM, West Bengal",GOODWILL COMMERCIAL,1.0,0,duplicate_score_max (-0.409); collusion_score_mean (-0.231); cost_deviation_pct_mean (+0.200),62,0.1427117959262807,0.2197362400460127,0.1129032258064516,0.1350516129032258,2.6295,0.8441290322580645,0.2547971039302347,0.8678663386118127,0.3225806451612903,5.0,0.064516129032258,0.3225806451612903,West Bengal,BIRBHUM,22,0.0454545454545454,0.8203166290420417,3.1587401438719223,48307379.6,49,0.4241463801637871,0.6608157365510307,0.0204081632653061,1.0,9285214.0,0.6608157365510307,1.0,0,duplicate_score_max,-0.40907666,collusion_score_mean,-0.23084494,cost_deviation_pct_mean,0.19960508,0.4280107021331787,0.24371523,0.5,0,0.6843702579666161,agree
ALOK SHARMA,187,0.23943661971830985,Low,0,"BHOPAL, Madhya Pradesh",MP STATE COOPERATIVE MARKETING FEDERATION LTD,1.0,1,cost_deviation_pct_mean (+0.996); cost_deviation_pct_max (+0.733); anomaly_score_max (+0.614),22,0.1582119393868687,0.2215368298979608,0.0909090909090909,0.1399136363636363,1.5776,0.8567272727272727,0.6524021467247394,0.8679999523162841,0.7727272727272727,15.0,0.0909090909090909,0.7727272727272727,Madhya Pradesh,BHOPAL,20,0.05,2.1359838337136,22.51299349033693,63242243.0,38,0.520712296389541,0.6523872369460605,0.0263157894736842,1.0,5977178.0,0.5756275587157941,0.0,1,cost_deviation_pct_mean,0.9958786,cost_deviation_pct_max,0.73330563,anomaly_score_max,0.61402166,0.4267076253890991,0.8353154,0.5,0,0.6843702579666161,false_negative
ARUN BHARTI,188,0.23943661971830985,Low,0,"JAMUI, Bihar",Gyan Ganga,1.0,0,cost_deviation_pct_mean (+0.813); residual_pct_max (-0.400); duplicate_score_max (-0.323),218,0.1668203305702219,0.2213205806210071,0.0458715596330275,0.1450284403669724,2.8393,0.8470229357798166,0.7974243384896537,0.8680000119209289,0.9220183486238532,102.0,0.0596330275229357,0.9220183486238532,Bihar,JAMUI,16,0.0,0.7359619220725341,1.3618929236867912,132883940.0,9,0.5352381550910963,0.6475948071536306,0.0,0.0,65502244.0,0.6153603749191985,0.0,0,cost_deviation_pct_mean,0.8129907,residual_pct_max,-0.39957318,duplicate_score_max,-0.32349652,0.4246560533841451,0.22484553,0.5,0,0.6843702579666161,agree
KISHORI LAL,189,0.23943661971830985,Low,0,"AMETHI, Uttar Pradesh",AADI AND RUDRANSH CONSTRUCTION COMPANY,1.0,0,num_works (-0.939); cost_deviation_pct_max (+0.934); cost_deviation_pct_mean (-0.434),19,0.108186364887498,0.2094118381293782,0.2631578947368421,0.1154,1.8786,0.8577894736842104,0.2763653733817638,0.8490414369901021,0.3684210526315789,5.0,0.0526315789473684,0.3684210526315789,Uttar Pradesh,AMETHI,19,0.0,0.8791142996530855,2.7590351504388444,82481354.0,16,0.5041156045751634,0.6287752280399339,0.0,0.0,63720410.0,0.6192855347267112,0.0,0,num_works,-0.9386094,cost_deviation_pct_max,0.9340551,cost_deviation_pct_mean,-0.43350756,0.41852441678444546,0.2496061,0.5,0,0.6843702579666161,agree
Dr. Sasmit Patra (2022-28),190,0.23943661971830985,Low,0,"Sitting Rajya Sabha, Odisha",SAGARIKA SWAIN,0.0,1,cost_deviation_pct_max (+0.743); duplicate_score_max (+0.175); collusion_score_mean (-0.116),44,0.184801445422761,0.2186838622282997,0.0454545454545454,0.1246681818181818,2.3575,0.8476590909090909,0.0,0.0,0.0,1.0,0.0681818181818181,0.0,Odisha,Sitting Rajya Sabha,32,0.03125,0.7340275355303698,1.797558890959058,31000333.0,61,0.4484675522163467,0.6398719744307979,0.0,0.0,2350801.0,0.6120915032679739,0.0,1,cost_deviation_pct_max,0.74337864,duplicate_score_max,0.17535293,collusion_score_mean,-0.11600037,0.4075600902239482,0.77551067,0.5,0,0.6843702579666161,false_negative
Rajeshbhai Naranbhai Chudasama,191,0.23943661971830985,Low,0,"JUNAGADH, Gujarat",PRUTHVI BUILDERS,1.0,1,cost_deviation_pct_mean (+1.147); anomaly_score_max (+0.424); collusion_score_max (-0.288),152,0.1870511365823881,0.2218902799465132,0.0460526315789473,0.1400467105263158,2.8437,0.850861842105263,0.6410522684959149,0.8302191843156566,0.8881578947368421,128.0,0.0657894736842105,0.8881578947368421,Gujarat,JUNAGADH,21,0.0476190476190476,0.6436770234430452,3.072890883515924,56040284.0,159,0.400503685589701,0.5699822236586942,0.0,0.0,1453443.0,0.5699822236586942,0.0,1,cost_deviation_pct_mean,1.1466147,anomaly_score_max,0.42400464,collusion_score_max,-0.28771153,0.40565672516822815,0.78376466,0.5,0,0.6843702579666161,false_negative
AMARSING TISSO,192,0.23943661971830985,Low,0,"Diphu, Assam",James Phangcho,1.0,0,cost_deviation_pct_mean (-0.369); collusion_score_mean (-0.178); collusion_score_max (+0.177),41,0.1583259929805927,0.2213322500731731,0.024390243902439,0.1178999999999999,2.4055,0.8335121951219512,0.3099337086199981,0.7926967527144092,0.4146341463414634,9.0,0.048780487804878,0.4146341463414634,Assam,Diphu,25,0.0,0.6845672172040062,2.186503262065133,69670509.0,52,0.442803516870259,0.6714402427637722,0.0384615384615384,1.0,17399995.0,0.6610832794656324,1.0,0,cost_deviation_pct_mean,-0.368728,collusion_score_mean,-0.17840564,collusion_score_max,0.1773638,0.4030061811208725,0.42552423,0.5,0,0.6843702579666161,agree
Dr. Sandeep Kumar Pathak (2022-28),193,0.23943661971830985,Low,0,"Sitting Rajya Sabha, Punjab",Punjab Police Housing Corporation Limited,0.0,0,cost_deviation_pct_max (-0.502); residual_pct_mean (-0.263); num_works (-0.221),157,0.1729062332770722,0.2198731430625856,0.0636942675159235,0.1359770700636942,2.8522,0.8489426751592356,0.0,0.0,0.0,1.0,0.0573248407643312,0.0,Punjab,Sitting Rajya Sabha,37,0.027027027027027,0.4298347980895964,3.868091473922626,162756944.0,315,0.269640460172673,0.6501337714573008,0.0031746031746031,1.0,19523289.0,0.6501337714573008,1.0,0,cost_deviation_pct_max,-0.50215125,residual_pct_mean,-0.26254308,num_works,-0.2213867,0.39292458196481067,0.2790966,0.5,0,0.6843702579666161,agree
Shri K.R.N. Rajeshkumar (2022-28),194,0.23943661971830985,Low,0,"Sitting Rajya Sabha, Tamil Nadu",MOOKAMBIKA CONSTRUCTION,0.0,0,residual_pct_max (-0.394); residual_pct_mean (-0.256); deviation_flag_rate (-0.213),84,0.114681368024393,0.2117620104901765,0.1904761904761904,0.13205,2.3736,0.8513690476190476,0.0,0.0,0.0,1.0,0.0595238095238095,0.0,Tamil Nadu,Sitting Rajya Sabha,30,0.0666666666666666,0.5165247026816929,1.3998771475617091,152999036.0,45,0.4623186254558803,0.6559281404869641,0.0222222222222222,1.0,21787317.0,0.6559281404869641,1.0,0,residual_pct_max,-0.39399287,residual_pct_mean,-0.25592625,deviation_flag_rate,-0.21277267,0.38565030694007874,0.20178714,0.5,0,0.6843702579666161,agree
Smt Himadri Singh,195,0.23943661971830985,Low,0,"SHAHDOL, Madhya Pradesh",MS SANJAY KUMAR TIWARI,1.0,1,cost_deviation_pct_max (+0.792); cost_deviation_pct_mean (+0.531); duplicate_score_max (-0.390),45,0.1038967285181246,0.2088217685455617,0.0666666666666666,0.1304311111111111,2.0709,0.8574444444444445,0.6828610494900927,0.8680000119209289,0.8222222222222222,33.0,0.0888888888888888,0.8222222222222222,Madhya Pradesh,SHAHDOL,25,0.0,0.5972585179189202,1.7309693866516689,60185831.0,45,0.5111359700575387,0.6489343173166702,0.0,0.0,12104840.0,0.619520757020757,0.0,1,cost_deviation_pct_max,0.7924388,cost_deviation_pct_mean,0.5305355,duplicate_score_max,-0.39012173,0.3806331952412923,0.7620717,0.5,0,0.6843702579666161,false_negative
BASTIPATI NAGARAJU PANCHALINGALA,196,0.23943661971830985,Low,0,"KURNOOL, Andhra Pradesh",UMA MAHESWARA TUBE WELLS KURNOOL,1.0,0,cost_deviation_pct_mean (-0.773); anomaly_score_max (+0.329); collusion_score_mean (+0.264),144,0.0681479443660056,0.2222085626421544,0.0902777777777777,0.1176138888888888,2.5418,0.8495763888888889,0.7736056951048289,0.8652256976034618,0.9652777777777778,120.0,0.0555555555555555,0.9652777777777778,Andhra Pradesh,KURNOOL,16,0.0625,0.7890890182225248,2.825602111188044,44033277.0,8,0.614651341305753,0.6570827048768225,0.25,1.0,14064617.0,0.6112718164188753,0.0,0,cost_deviation_pct_mean,-0.77277154,anomaly_score_max,0.32898775,collusion_score_mean,0.26423922,0.3799342115720113,0.16852155,0.5,0,0.6843702579666161,agree
SANATAN PANDEY,197,0.23943661971830985,Low,0,"BALLIA, Uttar Pradesh",ARVIND KUMAR PANDEY,1.0,0,cost_deviation_pct_max (-0.502); cost_deviation_pct_mean (-0.383); collusion_score_mean (-0.189),62,0.1783324637773634,0.2168815723584572,0.032258064516129,0.1217774193548387,2.6642,0.8595806451612903,0.6345021528303081,0.8559704236984252,0.8387096774193549,61.0,0.0483870967741935,0.8387096774193549,Uttar Pradesh,BALLIA,21,0.0476190476190476,0.6194056153479269,1.757254342862854,74595388.0,8,0.4408220660058895,0.6503932342167636,0.125,1.0,55473149.0,0.6503932342167636,1.0,0,cost_deviation_pct_max,-0.5019433,cost_deviation_pct_mean,-0.38282105,collusion_score_mean,-0.18859965,0.37086694439252216,0.22469753,0.5,0,0.6843702579666161,agree
GENIBEN NAGAJI THAKOR,198,0.23943661971830985,Low,0,"BANASKANTHA, Gujarat",GUJARAT LOKSEVA CHARITABLE TRUST,1.0,0,cost_deviation_pct_mean (+0.631); anomaly_flag_rate (-0.526); residual_pct_max (-0.396),41,0.1834444519906566,0.220001708541232,0.048780487804878,0.1427317073170731,2.7192,0.8535853658536585,0.3641985893407116,0.8680000119209289,0.4878048780487805,13.0,0.048780487804878,0.4878048780487805,Gujarat,BANASKANTHA,17,0.0,0.4818864506096861,1.1124739869008065,26332572.0,54,0.4519231933039123,0.6438097033685268,0.0,0.0,2500000.0,0.6438097033685268,0.0,0,cost_deviation_pct_mean,0.6307887,anomaly_flag_rate,-0.5262135,residual_pct_max,-0.3963704,0.3701105813185374,0.12989528,0.5,0,0.6843702579666161,agree
Shri Mohammed Nadimul Haque (2024-30),199,0.23943661971830985,Low,0,"Sitting Rajya Sabha, West Bengal",MUKHERJEE CONSTRUCTION,0.0,0,cost_deviation_pct_max (-2.273); num_works (+0.538); cost_deviation_pct_mean (+0.336),1,0.1719659565147926,0.1719659565147926,0.0,0.1363,0.1363,0.939,0.0,0.0,0.0,1.0,0.0,0.0,West Bengal,Sitting Rajya Sabha,15,0.0666666666666666,2.632762601871088,22.64206650433264,45077861.0,3,0.4652286983169336,0.5929927099044746,0.0,0.0,1794529.0,0.5929927099044746,0.0,0,cost_deviation_pct_max,-2.2726653,num_works,0.5382287,cost_deviation_pct_mean,0.33603504,0.3665077288945516,0.16288865,0.5,0,0.6843702579666161,agree
Shri Amar Singh,200,0.23943661971830985,Low,0,"FATEHGARH SAHIB, Punjab",Bristo Security System,1.0,0,cost_deviation_pct_mean (-1.650); cost_deviation_pct_max (+0.898); sor_match_confidence_mean (+0.596),61,0.1677949423394867,0.2180769930533683,0.0,0.1080573770491803,1.7521,0.8702950819672132,0.600936476681374,0.8680000119209289,0.7540983606557377,31.0,0.0491803278688524,0.7540983606557377,Punjab,FATEHGARH SAHIB,20,0.0,0.5019850997740001,1.089456887338286,43758588.0,198,0.3189493649052472,0.6771008403361345,0.005050505050505,1.0,4237898.0,0.6771008403361345,1.0,0,cost_deviation_pct_mean,-1.6496714,cost_deviation_pct_max,0.8980553,sor_match_confidence_mean,0.59560966,0.3648449381192525,0.20956497,0.5,0,0.6843702579666161,agree
Shri Meda Raghunadha Reddy (2024-30),201,0.23943661971830985,Low,0,"Sitting Rajya Sabha, Andhra Pradesh",NEXTGEN INFRA,0.0,0,residual_pct_max (-0.397); anomaly_score_max (+0.390); cost_deviation_pct_max (-0.322),111,0.1685875313697978,0.2216887426005043,0.09009009009009,0.135381081081081,2.7002,0.8636936936936938,0.0,0.0,0.0,1.0,0.054054054054054,0.0,Andhra Pradesh,Sitting Rajya Sabha,24,0.0,0.5418729337480369,1.1532850021462056,81390969.0,42,0.4651152341278391,0.6579939668174963,0.0238095238095238,1.0,5129882.0,0.6579939668174963,1.0,0,residual_pct_max,-0.39665648,anomaly_score_max,0.3901921,cost_deviation_pct_max,-0.32173282,0.3566635648409526,0.3007951,0.5,0,0.6843702579666161,agree
Sasikanth Senthil,202,0.23943661971830985,Low,0,"TIRUVALLUR, Tamil Nadu",L G Arasu,1.0,0,collusion_score_mean (-0.414); duplicate_score_max (-0.333); cost_deviation_pct_mean (+0.190),87,0.1744854159172406,0.2223184252111886,0.0344827586206896,0.1313758620689655,2.5804,0.8366206896551724,0.5183363429178347,0.8680000119209289,0.6781609195402298,45.0,0.057471264367816,0.6781609195402298,Tamil Nadu,TIRUVALLUR,23,0.0,0.6160610308262776,2.0479526783337,89733784.0,50,0.4503312145370969,0.661616569704805,0.02,1.0,18664560.0,0.661616569704805,1.0,0,collusion_score_mean,-0.41434455,duplicate_score_max,-0.33271536,cost_deviation_pct_mean,0.19037311,0.3376403997341792,0.30701333,0.5,0,0.6843702579666161,agree
SHOBHANABEN MAHENDRASINH BARAIYA,203,0.23943661971830985,Low,0,"SABARKANTHA, Gujarat",BANTHIWADA GRAM PANCHAYAT,1.0,0,cost_deviation_pct_mean (-0.411); collusion_score_mean (-0.302); residual_pct_mean (-0.276),122,0.186284234885888,0.2218394304302053,0.0245901639344262,0.124061475409836,2.3908,0.8528032786885246,0.3339799082135149,0.7961237244606018,0.4672131147540984,37.0,0.0573770491803278,0.4672131147540984,Gujarat,SABARKANTHA,27,0.0,0.541478305825024,1.511537540456581,53180570.0,124,0.4432744727336757,0.5891070530776414,0.0,0.0,1500000.0,0.5891070530776414,0.0,0,cost_deviation_pct_mean,-0.41134405,collusion_score_mean,-0.30188045,residual_pct_mean,-0.27601025,0.3287694603204727,0.18516567,0.5,0,0.6843702579666161,agree
KAMLESH JANGDE,204,0.23943661971830985,Low,0,"JANJGIR CHAMPA, Chhattisgarh",Abhishek Enterprises,1.0,0,cost_deviation_pct_max (-0.467); duplicate_score_max (-0.374); num_works (-0.271),254,0.1301801276437529,0.220485902209742,0.0787401574803149,0.1360893700787401,2.9572,0.852992125984252,0.7326662465924991,0.8680000119209289,0.889763779527559,68.0,0.0590551181102362,0.889763779527559,Chhattisgarh,JANJGIR CHAMPA,28,0.0357142857142857,0.9740694334956812,2.9807916442433084,99411941.0,73,0.4603830731449587,0.6621121525533291,0.0136986301369863,1.0,15425773.0,0.6621121525533291,1.0,0,cost_deviation_pct_max,-0.46653533,duplicate_score_max,-0.37420428,num_works,-0.27050054,0.3278185228506724,0.17018688,0.5,0,0.6843702579666161,agree
Mukesh Rajput,205,0.23943661971830985,Low,0,"FARRUKHABAD, Uttar Pradesh",Nightingale Networks LLP,1.0,1,cost_deviation_pct_mean (+0.542); cost_deviation_pct_max (-0.371); collusion_score_max (+0.292),246,0.1757248242640389,0.2191269394693687,0.0447154471544715,0.1365707317073171,2.9614,0.8557560975609756,0.8375681838139034,0.8610390834808349,1.0,116.0,0.065040650406504,1.0,Uttar Pradesh,FARRUKHABAD,23,0.0434782608695652,0.9916843813796572,3.50426839964796,108417412.0,4,0.5241075917546506,0.6744999281763988,0.5,1.0,88448056.0,0.6744999281763988,1.0,1,cost_deviation_pct_mean,0.54168105,cost_deviation_pct_max,-0.3706761,collusion_score_max,0.29231223,0.32713061571121216,0.7688109,0.5,0,0.6843702579666161,false_negative
Dr. K. Laxman (2022-28),206,0.23943661971830985,Low,0,"Sitting Rajya Sabha, Uttar Pradesh",Unnati construction,0.0,0,cost_deviation_pct_max (-0.661); cost_deviation_pct_mean (-0.382); num_works (-0.270),275,0.1746144147710253,0.2169625362811745,0.0327272727272727,0.1257316363636363,2.9298,0.8619490909090909,0.0,0.0,0.0,1.0,0.0545454545454545,0.0,Uttar Pradesh,Sitting Rajya Sabha,25,0.04,0.8891722151946561,2.8047889900323937,123809716.0,11,0.5278518050576874,0.6551847662141781,0.0909090909090909,1.0,37377388.0,0.6215856855562738,0.0,0,cost_deviation_pct_max,-0.6606505,cost_deviation_pct_mean,-0.38169467,num_works,-0.27042693,0.31327225764592487,0.20930381,0.5,0,0.6843702579666161,agree
NABA CHARAN MAJHI,207,0.23943661971830985,Low,0,"MAYURBHANJ, Odisha",SANSKRUTI ASSOCIATES PVT LTD,1.0,1,cost_deviation_pct_mean (+1.526); anomaly_score_max (+0.550); num_works (-0.542),27,0.188611579174646,0.2219844324320921,0.037037037037037,0.1504259259259259,2.2548,0.8597037037037037,0.5221562617668889,0.8047777526378631,0.7037037037037037,81.0,0.074074074074074,0.7037037037037037,Odisha,MAYURBHANJ,14,0.0,0.4028039204018807,1.0513184542558045,34922207.0,39,0.4638760204936676,0.6424288946347769,0.0,0.0,5992500.0,0.6424288946347769,0.0,1,cost_deviation_pct_mean,1.526297,anomaly_score_max,0.5495992,num_works,-0.5422337,0.3116713563601176,0.8522178,0.5,0,0.6843702579666161,false_negative
Dinesh Chandra Yadav,208,0.23943661971830985,Low,0,"MADHEPURA, Bihar",GRAND TRADING COMPANY,1.0,0,cost_deviation_pct_mean (-0.702); num_months (-0.284); cost_deviation_pct_max (-0.211),105,0.1584037982320452,0.2108492508293604,0.0380952380952381,0.1152590476190476,2.6088,0.8543047619047619,0.8127524217239763,0.8610693626403808,0.9904761904761904,82.0,0.0476190476190476,0.9904761904761904,Bihar,MADHEPURA,18,0.0555555555555555,1.0635173421826347,3.605056556973881,92486814.0,5,0.642111972994326,0.698777203188968,0.4,1.0,96883000.0,0.698777203188968,1.0,0,cost_deviation_pct_mean,-0.70166314,num_months,-0.28423914,cost_deviation_pct_max,-0.21094237,0.30823783576488495,0.21194297,0.5,0,0.6843702579666161,agree
Shri Paka Venkata Satyanarayana (2025-28),209,0.23943661971830985,Low,0,"Sitting Rajya Sabha, Andhra Pradesh",EXECUTIVE ENGINEER APCPDCL CHIRALA,0.0,0,cost_deviation_pct_max (-2.134); num_works (+0.483); cost_deviation_pct_mean (+0.480),1,-0.098148725040867,-0.098148725040867,1.0,0.1486,0.1486,0.916,0.0,0.0,0.0,1.0,0.0,0.0,Andhra Pradesh,Sitting Rajya Sabha,1,0.0,0.0,0.0,1599035.0,1,0.6719268476621418,0.6719268476621418,1.0,1.0,1599035.0,0.6719268476621418,1.0,0,cost_deviation_pct_max,-2.1335027,num_works,0.4830666,cost_deviation_pct_mean,0.47986498,0.3040226101875305,0.133901,0.5,0,0.6843702579666161,agree
TARIQ ANWAR,210,0.23943661971830985,Low,0,"KATIHAR, Bihar",R K Construction,1.0,0,cost_deviation_pct_mean (-0.658); cost_deviation_pct_max (-0.601); duplicate_score_max (-0.399),60,0.1448286468293949,0.1724625095458235,0.0333333333333333,0.11708,2.9687,0.84655,0.8662160260279973,0.8680000119209289,1.0,86.0,0.0333333333333333,1.0,Bihar,KATIHAR,16,0.0,0.9603464112584278,3.3234543886375016,79735060.0,3,0.6421817017405252,0.6659798534798536,0.3333333333333333,1.0,156739090.0,0.619815233785822,0.0,0,cost_deviation_pct_mean,-0.65837276,cost_deviation_pct_max,-0.60126495,duplicate_score_max,-0.39948726,0.29887005935112637,0.12305347,0.5,0,0.6843702579666161,agree
Prof. Manoj Kumar Jha (2024-30),211,0.23943661971830985,Low,0,"Sitting Rajya Sabha, Bihar",R K ENTERPRISES,0.0,0,cost_deviation_pct_mean (+0.676); cost_deviation_pct_max (-0.536); residual_pct_max (-0.391),110,0.1558266950267787,0.2012713656907203,0.0454545454545454,0.1486209090909091,2.9795,0.8479181818181818,0.0,0.0,0.0,1.0,0.0636363636363636,0.0,Bihar,Sitting Rajya Sabha,14,0.0714285714285714,0.493801713459645,1.0,87200986.0,3,0.603133603868898,0.6547475400416577,0.3333333333333333,1.0,41832209.0,0.622357789269554,0.0,0,cost_deviation_pct_mean,0.6756045,cost_deviation_pct_max,-0.53642744,residual_pct_max,-0.39136934,0.2983189771572749,0.19945692,0.5,0,0.6843702579666161,agree
GURMEET SINGH MEET HAYER,212,0.23943661971830985,Low,0,"SANGRUR, Punjab",Balvir Agriculture corporation,1.0,0,duplicate_score_max (-0.383); cost_deviation_pct_max (-0.336); num_works (-0.234),154,0.0983039173000657,0.2210610485523284,0.0714285714285714,0.1298714285714285,2.7045,0.8482857142857143,0.5682488654938461,0.8680000119209289,0.7077922077922078,68.0,0.0454545454545454,0.7077922077922078,Punjab,SANGRUR,22,0.0,0.7132780838652942,1.9723741863179909,57218972.0,164,0.3182701285642462,0.659252675429146,0.0060975609756097,1.0,10517100.0,0.6463630323924442,0.0,0,duplicate_score_max,-0.38340753,cost_deviation_pct_max,-0.33589303,num_works,-0.23436622,0.2920724352200826,0.23724636,0.5,0,0.6843702579666161,agree
CN Annadurai,213,0.23943661971830985,Low,0,"TIRUVANNAMALAI, Tamil Nadu",T S SOLAR POWER SYSTEM,1.0,0,cost_deviation_pct_mean (-0.469); cost_deviation_pct_max (-0.429); duplicate_score_max (-0.300),171,0.185735584155314,0.2203041574337119,0.0292397660818713,0.1259339181286549,2.6686,0.8472456140350877,0.6769391486357536,0.8672651462554931,0.8654970760233918,54.0,0.0526315789473684,0.8654970760233918,Tamil Nadu,TIRUVANNAMALAI,24,0.0,0.6599456968677748,1.3791180893750736,88000808.0,55,0.4107682513564866,0.6932952668246786,0.0181818181818181,1.0,62644313.0,0.6932952668246786,1.0,0,cost_deviation_pct_mean,-0.4685887,cost_deviation_pct_max,-0.4294,duplicate_score_max,-0.30036363,0.2909376273552577,0.15284392,0.5,0,0.6843702579666161,agree
CHANDAN CHAUHAN,214,0.23943661971830985,Low,0,"BIJNOR, Uttar Pradesh",SATYAVER SIGH CONTRACTOR AND SUPPLIER,1.0,1,num_works (+2.112); cost_deviation_pct_mean (-1.945); cost_deviation_pct_max (+1.167),14,0.1764384887499734,0.2180607108235336,0.0,0.0830571428571428,1.1719,0.8378571428571429,0.292694386268729,0.6936452294304092,0.4285714285714285,26.0,0.0714285714285714,0.4285714285714285,Uttar Pradesh,BIJNOR,19,0.0526315789473684,0.4729450533505898,1.721388512838793,81941111.0,20,0.5109425949867126,0.6912303382891618,0.15,1.0,21541061.0,0.6912303382891618,1.0,1,num_works,2.1117413,cost_deviation_pct_mean,-1.9453962,cost_deviation_pct_max,1.1669879,0.29065313438574475,0.8385211,0.5,0,0.6843702579666161,false_negative
Devusinh Jesingbhai Chauhan,215,0.23943661971830985,Low,0,"KHEDA, Gujarat",NAVAGAM GRAM PANCHAYAT,1.0,0,cost_deviation_pct_mean (+0.687); cost_deviation_pct_max (-0.618); anomaly_flag_rate (-0.501),247,0.1813861192610001,0.2208026851890391,0.048582995951417,0.1405890688259109,2.9891,0.8564817813765182,0.58821752197204,0.8356658630371093,0.7935222672064778,94.0,0.0566801619433198,0.7935222672064778,Gujarat,KHEDA,21,0.0,0.4925536659225462,1.1827168363020186,56282548.0,143,0.3535519972737167,0.5447757308051426,0.0,0.0,1945000.0,0.4641770810888458,0.0,0,cost_deviation_pct_mean,0.6873523,cost_deviation_pct_max,-0.6177728,anomaly_flag_rate,-0.5012583,0.2828738143046697,0.13941501,0.5,0,0.6843702579666161,agree
Sunil Kumar ,216,0.23943661971830985,Low,0,"VALMIKI NAGAR, Bihar",ASSISTANT ENGINEER NARKATIYAGINJ,1.0,0,cost_deviation_pct_mean (-2.882); cost_deviation_pct_max (+0.652); num_works (-0.334),79,0.1711897054430071,0.2221479183823242,0.0126582278481012,0.0876822784810126,1.5185,0.8554810126582278,0.4871328673885866,0.8275258951187133,0.6582278481012658,58.0,0.050632911392405,0.6582278481012658,Bihar,VALMIKI NAGAR,20,0.0,0.7137892903831067,3.5322746396132887,63664429.0,5,0.6800111326581915,0.690188896071249,1.0,1.0,40639268.0,0.690188896071249,1.0,0,cost_deviation_pct_mean,-2.8816972,cost_deviation_pct_max,0.6519151,num_works,-0.33393174,0.27754783630371094,0.1858411,0.5,0,0.6843702579666161,agree
Vellalath Kochukrishnan Nair Sreekandan,217,0.23943661971830985,Low,0,"PALAKKAD, Kerala",VISION ELECTRICALS AND ELECTRONICS,1.0,0,cost_deviation_pct_mean (-0.634); sor_match_confidence_mean (+0.279); residual_pct_max (-0.277),100,0.1831832060548613,0.2150153797441517,0.04,0.12311,2.5533,0.86919,0.6997821749054416,0.8470931018497329,0.87,153.0,0.04,0.87,Kerala,PALAKKAD,14,0.0,0.6008938877147949,1.2277567183557965,50584788.0,29,0.4313550884544799,0.6985958485958486,0.0344827586206896,1.0,19505708.0,0.6985958485958486,1.0,0,cost_deviation_pct_mean,-0.6344083,sor_match_confidence_mean,0.27851227,residual_pct_max,-0.27707356,0.2770426819721858,0.1989654,0.5,0,0.6843702579666161,agree
SACHITHANANTHAM R,218,0.23943661971830985,Low,0,"DINDIGUL, Tamil Nadu",Sri Ganapathi Constructions,1.0,0,cost_deviation_pct_mean (-0.504); cost_deviation_pct_max (-0.500); num_works (-0.159),50,0.1211642463654063,0.2025089401633139,0.1,0.12571,2.8232,0.8456600000000001,0.3549552809855537,0.8387212567329406,0.48,5.0,0.04,0.48,Tamil Nadu,DINDIGUL,23,0.0434782608695652,0.5549128198674552,2.65297501375034,91226196.0,48,0.4913825145442792,0.6421254399195575,0.0,0.0,8980425.0,0.6421254399195575,0.0,0,cost_deviation_pct_mean,-0.50398093,cost_deviation_pct_max,-0.49994934,num_works,-0.15896201,0.27313422163327533,0.16628705,0.5,0,0.6843702579666161,agree
ANDREW J. SYNGKON,219,0.23943661971830985,Low,0,"SHILLONG, Meghalaya",Rani Motors,1.0,1,sor_match_confidence_mean (+0.394); cost_deviation_pct_mean (+0.308); anomaly_flag_rate (-0.178),98,0.166268239699735,0.2176088472144776,0.0612244897959183,0.1353806122448979,2.5541,0.8678469387755101,0.1500858298513084,0.7344649958080716,0.2142857142857142,12.0,0.0816326530612244,0.2142857142857142,Meghalaya,SHILLONG,22,0.0,0.5588169198909961,2.215139912776285,71430000.0,215,0.4651357340789625,0.6310161243984773,0.0,0.0,2400000.0,0.5693447891977303,0.0,1,sor_match_confidence_mean,0.39439186,cost_deviation_pct_mean,0.30818343,anomaly_flag_rate,-0.17764641,0.26291026671727497,0.70009065,0.5,0,0.6843702579666161,false_negative
DEVESH CHANDRA THAKUR,220,0.23943661971830985,Low,0,"SITAMARHI, Bihar",AV ENTERTAINMENT,1.0,0,cost_deviation_pct_mean (-0.637); duplicate_score_max (-0.417); num_months (-0.242),119,0.1892168613218775,0.2204438346407403,0.0336134453781512,0.125144537815126,2.5159,0.8579411764705882,0.7713339445478723,0.8680000119209289,0.940677966101695,58.0,0.0588235294117647,0.940677966101695,Bihar,SITAMARHI,16,0.0625,0.8650559417820632,2.1054737515110458,41894417.0,12,0.4748935364744188,0.6718496372908138,0.1666666666666666,1.0,24000000.0,0.6718496372908138,1.0,0,cost_deviation_pct_mean,-0.63690335,duplicate_score_max,-0.4172682,num_months,-0.24233039,0.258455457786719,0.13357884,0.5,0,0.6843702579666161,agree
PRADEEP PUROHIT,221,0.23943661971830985,Low,0,"BARGARH, Odisha",BISHOK PATEL,1.0,0,cost_deviation_pct_mean (-0.700); cost_deviation_pct_max (-0.453); sor_match_confidence_mean (+0.261),42,0.1847392440984805,0.2186465532459751,0.0238095238095238,0.1223928571428571,2.8057,0.8658809523809523,0.2349628307087711,0.7419766597747802,0.3333333333333333,17.0,0.0476190476190476,0.3333333333333333,Odisha,BARGARH,16,0.0,0.5351183419207896,0.9065863543836536,31249878.0,49,0.4853186879147263,0.6404824750412985,0.0,0.0,2881000.0,0.6214474251238957,0.0,0,cost_deviation_pct_mean,-0.70029527,cost_deviation_pct_max,-0.4528841,sor_match_confidence_mean,0.26088881,0.2563968151807785,0.1795695,0.5,0,0.6843702579666161,agree
Shri Shambhu Sharan Patel (2022-28),222,0.23943661971830985,Low,0,"Sitting Rajya Sabha, Bihar",Anil Electricals,1.0,0,cost_deviation_pct_mean (-0.496); cost_deviation_pct_max (-0.447); collusion_score_max (+0.247),199,0.1659605404368743,0.2199515337672027,0.0251256281407035,0.1194984924623115,2.7208,0.856321608040201,0.8209047927757104,0.8591926507949829,1.0,26.0,0.0552763819095477,1.0,Bihar,Sitting Rajya Sabha,40,0.0,0.5439947360287114,1.6186740321707476,175884824.0,17,0.4976454533547959,0.6870304532069238,0.1176470588235294,1.0,67326000.0,0.6210272570566688,0.0,0,cost_deviation_pct_mean,-0.49627,cost_deviation_pct_max,-0.44709724,collusion_score_max,0.24728678,0.25465770065784454,0.19516097,0.5,0,0.6843702579666161,agree
Shri P. Chidambaram (2022-28),223,0.23943661971830985,Low,0,"Sitting Rajya Sabha, Tamil Nadu",D GANESAN ALANGADU,0.0,1,cost_deviation_pct_max (+0.904); collusion_score_max (+0.241); duplicate_score_max (+0.185),75,0.1710115778512561,0.2180871421898292,0.0666666666666666,0.1223533333333333,2.1235,0.8505733333333333,0.0,0.0,0.0,1.0,0.0666666666666666,0.0,Tamil Nadu,Sitting Rajya Sabha,35,0.0571428571428571,0.6206226494375174,1.614437624349295,134466470.0,52,0.4422450365747877,0.684563312504489,0.0384615384615384,1.0,18322354.0,0.684563312504489,1.0,1,cost_deviation_pct_max,0.9036092,collusion_score_max,0.24134067,duplicate_score_max,0.18514358,0.2521209642291069,0.80712366,0.5,0,0.6843702579666161,false_negative
Shri Hardeep Singh Puri (2020-26),224,0.23943661971830985,Low,0,"Sitting Rajya Sabha, Uttar Pradesh",Vimal Enterprises,0.0,0,cost_deviation_pct_max (-0.560); cost_deviation_pct_mean (-0.482); num_works (-0.301),292,0.1575363725805029,0.2158853731824256,0.0821917808219178,0.1275465753424657,2.8468,0.8432191780821918,0.0,0.0,0.0,1.0,0.0582191780821917,0.0,Uttar Pradesh,Sitting Rajya Sabha,34,0.088235294117647,0.6320954873093713,1.8653590641404136,180480217.2,46,0.462911717083712,0.6490869424692953,0.0,0.0,20027902.0,0.6490869424692953,0.0,0,cost_deviation_pct_max,-0.5596506,cost_deviation_pct_mean,-0.48189893,num_works,-0.30122536,0.25117045144240063,0.13980985,0.5,0,0.6843702579666161,agree
PARSHOTTAMBHAI RUPALA,225,0.23943661971830985,Low,0,"RAJKOT, Gujarat",Sanathali Gram Panchayat,1.0,0,cost_deviation_pct_mean (+0.560); anomaly_flag_rate (-0.498); residual_pct_max (-0.402),93,0.185855066736769,0.2215781155866292,0.053763440860215,0.1387397849462365,2.8583,0.855225806451613,0.3716860793555077,0.8626199032458548,0.4946236559139785,93.0,0.064516129032258,0.4946236559139785,Gujarat,RAJKOT,24,0.0416666666666666,0.5218465827813537,1.071602573123594,41530051.0,68,0.4494497968870806,0.5794162536809596,0.0,0.0,1700000.0,0.564406916612799,0.0,0,cost_deviation_pct_mean,0.55981255,anomaly_flag_rate,-0.49753353,residual_pct_max,-0.40216714,0.24261551102002463,0.18763931,0.5,0,0.6843702579666161,agree
ROOP KUMARI CHOUDHARY,226,0.23943661971830985,Low,0,"MAHASAMUND, Chhattisgarh",Exicutive Engineer PWD EM Division Nava Raipur,1.0,0,cost_deviation_pct_mean (-0.651); cost_deviation_pct_max (-0.603); duplicate_score_max (-0.330),73,0.1855357564350354,0.222520968518177,0.0410958904109589,0.1192657534246575,2.9991,0.8566164383561644,0.6464193706346969,0.8680000119209289,0.821917808219178,110.0,0.0410958904109589,0.821917808219178,Chhattisgarh,MAHASAMUND,26,0.0384615384615384,0.6355202248706356,1.9819405070035412,76671139.0,124,0.4555349641924594,0.6241174674998204,0.0,0.0,2128648.0,0.5648486317603965,0.0,0,cost_deviation_pct_mean,-0.65146,cost_deviation_pct_max,-0.60264343,duplicate_score_max,-0.3303698,0.24240619440873465,0.1271248,0.5,0,0.6843702579666161,agree
BHUPENDER YADAV,227,0.23943661971830985,Low,0,"ALWAR, Rajasthan",ADIIVE TECHNOLOGES PRIVATE LTD,1.0,0,num_works (-0.677); cost_deviation_pct_mean (-0.475); residual_pct_max (-0.279),31,0.14592983821948,0.2058942446335981,0.064516129032258,0.1272483870967742,2.4095,0.8553548387096773,0.330758351023703,0.7908748765841058,0.4516129032258064,14.0,0.032258064516129,0.4516129032258064,Rajasthan,ALWAR,20,0.0,0.5088054524361632,1.446528106808792,59638968.0,44,0.5020374233609528,0.6628779717015012,0.0227272727272727,1.0,4025218.0,0.617662321338792,0.0,0,num_works,-0.67746717,cost_deviation_pct_mean,-0.474948,residual_pct_max,-0.27934045,0.2388808454076449,0.123146564,0.5,0,0.6843702579666161,agree
SHAFI PARAMBIL,228,0.23943661971830985,Low,0,"VADAKARA, Kerala",Ace Motors Pvt Ltd Tirur,1.0,1,num_works (+2.039); cost_deviation_pct_mean (-2.021); cost_deviation_pct_max (+1.179),15,0.1942130945101999,0.2120454364054501,0.0,0.0358133333333333,0.511,0.8776666666666666,0.8613333452542623,0.8680000119209289,1.0,14.0,0.0666666666666666,1.0,Kerala,VADAKARA,14,0.0,0.8996780031075752,1.9870210303036815,15909800.0,10,0.4204760109171873,0.6550294476765065,0.1,1.0,1967000.0,0.6550294476765065,1.0,1,num_works,2.0389204,cost_deviation_pct_mean,-2.0206869,cost_deviation_pct_max,1.1787407,0.23719400633126497,0.88889575,0.5,0,0.6843702579666161,false_negative
AMRINDER SINGH RAJA WARRING,229,0.23943661971830985,Low,0,"LUDHIANA, Punjab",Sharika Enterprises Limited,1.0,1,sor_match_confidence_mean (+0.392); collusion_score_max (+0.225); collusion_score_mean (-0.209),59,0.1737567996557383,0.2190899560876781,0.0677966101694915,0.1324966101694915,2.6283,0.8816779661016949,0.4522565542007394,0.8649840764999389,0.576271186440678,20.0,0.0677966101694915,0.576271186440678,Punjab,LUDHIANA,20,0.05,0.5485330367643444,2.2807900574841145,34113487.0,110,0.3309963892316833,0.6788425626660921,0.009090909090909,1.0,6089309.0,0.6435286935286936,0.0,1,sor_match_confidence_mean,0.39247668,collusion_score_max,0.22542946,collusion_score_mean,-0.20905392,0.22814269363880157,0.67640483,0.5,0,0.6843702579666161,false_negative
Shri Brij Lal (2020-26),230,0.23943661971830985,Low,0,"Sitting Rajya Sabha, Uttar Pradesh",DPS PUBLISHING HOUSE,0.0,0,cost_deviation_pct_max (-0.702); cost_deviation_pct_mean (-0.374); num_works (-0.188),113,0.1678986150672989,0.2123065953485346,0.0442477876106194,0.1244946902654867,2.9793,0.839575221238938,0.0,0.0,0.0,1.0,0.0530973451327433,0.0,Uttar Pradesh,Sitting Rajya Sabha,33,0.0303030303030303,0.7575764426241137,3.1665850472244186,92124068.0,17,0.5159077658212606,0.6598748473748474,0.0588235294117647,1.0,30884713.0,0.6393216260863319,0.0,0,cost_deviation_pct_max,-0.70187587,cost_deviation_pct_mean,-0.3738842,num_works,-0.18773961,0.224297434091568,0.20161277,0.5,0,0.6843702579666161,agree
ESWARASAMY K,231,0.23943661971830985,Low,0,"POLLACHI, Tamil Nadu",KRISHNAKUMAR G,1.0,0,cost_deviation_pct_mean (-0.396); residual_pct_max (-0.313); cost_deviation_pct_max (-0.243),47,0.1555300667655919,0.2184462049941499,0.0425531914893617,0.1208085106382978,2.5527,0.8647872340425531,0.3703070717497725,0.8180484585762023,0.5106382978723404,11.0,0.0638297872340425,0.5106382978723404,Tamil Nadu,POLLACHI,23,0.0434782608695652,0.5708235179733144,1.420497020821739,59028493.0,33,0.527905047022694,0.6433248940601881,0.0,0.0,5495922.0,0.6327488687782805,0.0,0,cost_deviation_pct_mean,-0.3958444,residual_pct_max,-0.31294906,cost_deviation_pct_max,-0.24274445,0.2181150515874227,0.21301536,0.5,0,0.6843702579666161,agree
Dr. Kavita Patidar (2022-28),232,0.23943661971830985,Low,0,"Sitting Rajya Sabha, Madhya Pradesh",NATIONAL ENGINEERING WORKS,0.0,1,cost_deviation_pct_max (+0.724); collusion_score_max (+0.247); duplicate_score_max (+0.186),142,0.1097874770109422,0.217014219361227,0.0633802816901408,0.115981690140845,2.2131,0.8537605633802816,0.0,0.0,0.0,1.0,0.0704225352112676,0.0,Madhya Pradesh,Sitting Rajya Sabha,38,0.0526315789473684,0.7747709064715008,3.196631975267864,127377000.12,56,0.3995175634356306,0.678657616892911,0.0357142857142857,1.0,41241778.0,0.678657616892911,1.0,1,cost_deviation_pct_max,0.72408664,collusion_score_max,0.24690402,duplicate_score_max,0.18605722,0.21073362727959952,0.7625973,0.5,0,0.6843702579666161,false_negative
NALIN SOREN,233,0.23943661971830985,Low,0,"DUMKA, Jharkhand",SANDIP KUMAR BHAGAT,1.0,0,cost_deviation_pct_mean (-2.034); num_works (-0.194); collusion_score_mean (+0.194),106,0.1953404919474372,0.22048211949483,0.0283018867924528,0.1058188679245283,2.6126,0.8539339622641509,0.7618147084758542,0.85198197889328,0.9528301886792452,116.0,0.0377358490566037,0.9528301886792452,Jharkhand,DUMKA,22,0.0,0.6689947485174607,1.6374296425127677,86550781.0,11,0.6465249619661384,0.6676228183581125,0.4545454545454545,1.0,14599878.0,0.6676228183581125,1.0,0,cost_deviation_pct_mean,-2.0336585,num_works,-0.19410951,collusion_score_mean,0.19388446,0.21047103901704153,0.13583453,0.5,0,0.6843702579666161,agree
Shri Pradip Kumar Varma (2024-30),234,0.23943661971830985,Low,0,"Sitting Rajya Sabha, Jharkhand",Junior Engineer Zila Parishad Prashant Kumar,0.0,1,cost_deviation_pct_mean (-1.733); cost_deviation_pct_max (+1.249); sor_match_confidence_mean (+0.973),24,0.1801904794243311,0.2142281104665006,0.0,0.0856291666666666,0.7715,0.8767083333333333,0.0,0.0,0.0,1.0,0.0833333333333333,0.0,Jharkhand,Sitting Rajya Sabha,22,0.0454545454545454,1.0656130248705196,3.558946820109653,101069118.0,4,0.5790077569489334,0.643972204266322,0.0,0.0,123721175.0,0.643972204266322,0.0,1,cost_deviation_pct_mean,-1.7329159,cost_deviation_pct_max,1.2492675,sor_match_confidence_mean,0.97280794,0.21019925673802695,0.78575784,0.5,0,0.6843702579666161,false_negative
BHARTI PARDHI,235,0.23943661971830985,Low,0,"BALAGHAT, Madhya Pradesh",DEVESH KUMAR PATLE,1.0,0,cost_deviation_pct_max (-0.458); duplicate_score_max (-0.377); deviation_flag_rate (-0.222),80,0.1260726906573916,0.2180150991762082,0.075,0.13112125,2.8758,0.8400375,0.752444752511532,0.8680000119209289,0.9125,72.0,0.05,0.9125,Madhya Pradesh,BALAGHAT,20,0.1,0.8202123544448136,3.841217597115973,92426127.0,30,0.4151920084273025,0.6609324499030381,0.0333333333333333,1.0,44998151.0,0.6256078072254543,0.0,0,cost_deviation_pct_max,-0.45782816,duplicate_score_max,-0.3768271,deviation_flag_rate,-0.22176981,0.20722814897696176,0.1445943,0.5,0,0.6843702579666161,agree
RAJESH RANJAN ALIAS PAPPU YADAV,236,0.23943661971830985,Low,0,"PURNEA, Bihar",SILIGURI TRADING CENTRE Previously Known as G AND D TRADERS,1.0,1,cost_deviation_pct_mean (-1.373); cost_deviation_pct_max (+0.996); sor_match_confidence_mean (+0.958),46,0.1401286417347112,0.2001918378367561,0.0434782608695652,0.1057391304347826,1.9746,0.8867173913043479,0.7778768854136038,0.8572607450485229,0.9347826086956522,84.0,0.0652173913043478,0.9347826086956522,Bihar,PURNEA,21,0.0,1.1418620041432137,4.611641415636778,72622818.0,5,0.5338046757164404,0.6570485886662357,0.4,1.0,13121600.0,0.6569264885441356,1.0,1,cost_deviation_pct_mean,-1.3734835,cost_deviation_pct_max,0.99551934,sor_match_confidence_mean,0.95778996,0.20118480175733566,0.76791096,0.5,0,0.6843702579666161,false_negative
Dr. Parmar Jashvantsinh Salamsinh (2024-30),237,0.23943661971830985,Low,0,"Sitting Rajya Sabha, Gujarat",WEHEAR INNOVATIONS PRIVATE LIMITED,0.0,0,cost_deviation_pct_mean (-1.904); cost_deviation_pct_max (+0.828); sor_match_confidence_mean (-0.252),62,0.1492471461488079,0.2192773521577752,0.064516129032258,0.1068709677419354,2.0039,0.8407419354838709,0.0,0.0,0.0,1.0,0.064516129032258,0.0,Gujarat,Sitting Rajya Sabha,25,0.04,1.1413377276955592,5.5583581645640905,38994089.0,64,0.4499459499344609,0.63926686059039,0.0,0.0,7146000.0,0.5829463836816777,0.0,0,cost_deviation_pct_mean,-1.9038831,cost_deviation_pct_max,0.8275626,sor_match_confidence_mean,-0.25193015,0.19884189714988074,0.16593581,0.5,0,0.6843702579666161,agree
Dr. Bhim Singh (2024-30),238,0.23943661971830985,Low,0,"Sitting Rajya Sabha, Bihar",VEDIKA SINGH,0.0,0,cost_deviation_pct_max (-0.644); cost_deviation_pct_mean (-0.615); num_works (-0.236),233,0.0774202298456484,0.214693828117567,0.0858369098712446,0.1170467811158798,2.9666,0.8554163090128756,0.0,0.0,0.0,1.0,0.0515021459227467,0.0,Bihar,Sitting Rajya Sabha,27,0.037037037037037,0.7146860079052937,2.794451059185276,143120329.0,10,0.4620564892623716,0.6968307835954894,0.1,1.0,122769194.0,0.6968307835954894,1.0,0,cost_deviation_pct_max,-0.64404255,cost_deviation_pct_mean,-0.6153196,num_works,-0.23593576,0.19319342821836472,0.16086957,0.5,0,0.6843702579666161,agree
Kalyan Banerjee,239,0.23943661971830985,Low,0,"SREERAMPUR, West Bengal",Sushanta Dutta,1.0,0,cost_deviation_pct_mean (-0.635); cost_deviation_pct_max (-0.446); residual_pct_mean (-0.298),84,0.1617422191691053,0.2220511543483135,0.0952380952380952,0.1268904761904762,2.6529,0.8474999999999999,0.3069173869966909,0.8428333947245726,0.4166666666666667,6.0,0.0476190476190476,0.4166666666666667,West Bengal,SREERAMPUR,24,0.0416666666666666,0.537851715501738,2.059956954498092,76719145.0,75,0.4218827120591826,0.6305241327300151,0.0,0.0,5095769.0,0.6305241327300151,0.0,0,cost_deviation_pct_mean,-0.63549215,cost_deviation_pct_max,-0.4460588,residual_pct_mean,-0.2982336,0.1877384508649508,0.117706686,0.5,0,0.6843702579666161,agree
DINESHBHAI MAKWANA,240,0.23943661971830985,Low,0,"AHMEDABAD WEST, Gujarat",LABMEDICA SYSTEMS PVT LTD,0.0,0,cost_deviation_pct_max (-2.315); num_works (+0.589); cost_deviation_pct_mean (-0.434),2,0.0773446808086225,0.1881707312522693,0.5,0.1157,0.1173,0.8935,0.0,0.0,0.0,1.0,0.0,0.0,Gujarat,AHMEDABAD WEST,12,0.0,3.290531758915469,20.382110145979382,25122452.0,3,0.5418710646651824,0.668732492997199,0.6666666666666666,1.0,16000000.0,0.668732492997199,1.0,0,cost_deviation_pct_max,-2.3153813,num_works,0.5893152,cost_deviation_pct_mean,-0.43362832,0.18306760241587958,0.10847858,0.5,0,0.6843702579666161,agree
ANITA SUBHADARSHINI,241,0.23943661971830985,Low,0,"ASKA, Odisha",SHYAMALENDU PANDA,1.0,0,cost_deviation_pct_mean (-2.734); cost_deviation_pct_max (+1.007); sor_match_confidence_mean (+0.797),20,0.1935738042347488,0.2182024997589232,0.0,0.0564149999999999,0.5959,0.8736,0.3124392910427517,0.7680000119209289,0.45,63.0,0.05,0.45,Odisha,ASKA,18,0.0555555555555555,0.7801800842775338,3.0599611385176475,13718448.0,26,0.4980383869524141,0.6402849601379013,0.0,0.0,2761537.0,0.6402849601379013,0.0,0,cost_deviation_pct_mean,-2.7335637,cost_deviation_pct_max,1.0069062,sor_match_confidence_mean,0.79725677,0.18182163933912912,0.12840173,0.5,0,0.6843702579666161,agree
Vishnu Dayal Ram,242,0.23943661971830985,Low,0,"PALAMU, Jharkhand",SITA RAM PATEL,1.0,1,anomaly_score_max (+0.619); cost_deviation_pct_max (-0.479); collusion_score_mean (+0.317),117,0.1855161369704132,0.2219410343309009,0.0341880341880341,0.122808547008547,2.9858,0.8561623931623932,0.6236978902563378,0.8111419669257269,0.811965811965812,116.0,0.0683760683760683,0.811965811965812,Jharkhand,PALAMU,20,0.0,0.7328495963991797,1.3149198028178053,83852477.0,3,0.6482394239747181,0.6679029304029305,0.3333333333333333,1.0,61073569.0,0.6286118293471235,0.0,1,anomaly_score_max,0.61887914,cost_deviation_pct_max,-0.47940925,collusion_score_mean,0.31727058,0.18121153861284256,0.752035,0.5,0,0.6843702579666161,false_negative
JITAN RAM MANJHI,243,0.23943661971830985,Low,0,"GAYA, Bihar",ASSISTANT ENGINEER LAEO BODHGAYA VIDHAN SABHA,1.0,0,cost_deviation_pct_mean (-0.662); cost_deviation_pct_max (-0.397); duplicate_score_max (-0.309),152,0.0673708646088092,0.2210000216223133,0.0789473684210526,0.1217861842105263,2.7702,0.8426644736842106,0.7366061348750352,0.8669989519119262,0.9078947368421052,167.0,0.0592105263157894,0.9078947368421052,Bihar,GAYA,19,0.0,0.5763581317832405,1.705445580928523,61586729.0,6,0.6378152756829228,0.6619810744810745,0.6666666666666666,1.0,13116632.0,0.6619810744810745,1.0,0,cost_deviation_pct_mean,-0.66215044,cost_deviation_pct_max,-0.39666322,duplicate_score_max,-0.3089161,0.18066586057345072,0.10759144,0.5,0,0.6843702579666161,agree
Abu Taher Khan,244,0.23943661971830985,Low,0,"MURSHIDABAD, West Bengal",SUPTI ENTERPRISE,1.0,1,cost_deviation_pct_mean (+0.467); collusion_score_max (+0.320); cost_deviation_pct_max (-0.238),172,0.1807467063199599,0.2198168250561764,0.0348837209302325,0.1281488372093023,2.7781,0.8392151162790698,0.7760383041846732,0.859739821434021,0.9593023255813954,137.0,0.0697674418604651,0.9593023255813954,West Bengal,MURSHIDABAD,21,0.0476190476190476,1.0010466059692087,4.627702327957091,37157978.0,20,0.4852966763628529,0.6700863678804856,0.05,1.0,19394244.0,0.6700863678804856,1.0,1,cost_deviation_pct_mean,0.46663308,collusion_score_max,0.32048994,cost_deviation_pct_max,-0.23823048,0.17594492435455322,0.74457353,0.5,0,0.6843702579666161,false_negative
Shri S. Selvaganabathy (2021-27),245,0.13636363636363635,Low,0,"Sitting Rajya Sabha, Puducherry",VELUSAMY C,0.0,0,cost_deviation_pct_mean (-1.774); sor_match_confidence_mean (+0.769); num_works (-0.656),31,0.0677693085700645,0.204532294534312,0.1612903225806451,0.1100903225806451,2.6354,0.8677741935483871,0.0,0.0,0.0,1.0,0.032258064516129,0.0,Puducherry,Sitting Rajya Sabha,37,0.027027027027027,0.9590837806312308,3.2002747549960064,101658946.0,57,0.425003449422954,0.6386904761904763,0.0,0.0,7397238.0,0.6386904761904763,0.0,0,cost_deviation_pct_mean,-1.773804,sor_match_confidence_mean,0.76884407,num_works,-0.65613323,0.1759237746397654,0.114718154,0.5,0,0.6138088012139605,agree
Smt Sangeeta Kumari Singh Deo,246,0.13636363636363635,Low,0,"BOLANGIR, Odisha",ALOK KUMAR NAYAK,1.0,0,cost_deviation_pct_max (-2.112); num_works (+0.656); collusion_score_max (-0.247),3,0.2039755152600113,0.2096737534493089,0.0,0.1221,0.1446,0.8253333333333334,0.2276999570528666,0.6830998711585998,0.3333333333333333,5.0,0.0,0.3333333333333333,Odisha,BOLANGIR,9,0.0,0.1728640813194747,0.4302094470173532,4193424.0,14,0.5634655144108925,0.6239522732169791,0.0,0.0,500000.0,0.5667052718523307,0.0,0,cost_deviation_pct_max,-2.111994,num_works,0.6562459,collusion_score_max,-0.24689154,0.1665025899807612,0.11867361,0.5,0,0.6138088012139605,agree
Shri Jose K. Mani (2024-30),247,0.13636363636363635,Low,0,"Sitting Rajya Sabha, Kerala",Executive Engineer,0.0,0,cost_deviation_pct_mean (-0.676); num_works (-0.641); cost_deviation_pct_max (-0.503),28,0.1963964321092086,0.2203028692910482,0.0357142857142857,0.1232642857142857,2.6862,0.8552142857142858,0.0,0.0,0.0,1.0,0.0357142857142857,0.0,Kerala,Sitting Rajya Sabha,17,0.0,0.3511572374976757,1.7624307523087948,19384930.0,29,0.5051549532279755,0.6525712849242261,0.0344827586206896,1.0,5655619.0,0.6082920347626231,0.0,0,cost_deviation_pct_mean,-0.6762818,num_works,-0.6413006,cost_deviation_pct_max,-0.5028352,0.16338333984216055,0.07748419,0.5,0,0.6138088012139605,agree
SUDHAKAR SINGH,248,0.13636363636363635,Low,0,"BUXAR, Bihar",ASSISTANT ENGINEER RAMGARH,1.0,0,cost_deviation_pct_mean (-2.018); cost_deviation_pct_max (+0.451); anomaly_score_max (+0.422),98,0.1586544060581013,0.2217818954134332,0.010204081632653,0.1140510204081632,2.3033,0.8589489795918368,0.3683080231804617,0.8671287112236022,0.5,13.0,0.0510204081632653,0.5,Bihar,BUXAR,26,0.0,0.6701149671768123,2.0428118960155395,124124191.0,9,0.5484221751378614,0.6686893988364577,0.3333333333333333,1.0,42154488.0,0.6686893988364577,1.0,0,cost_deviation_pct_mean,-2.0181527,cost_deviation_pct_max,0.45097822,anomaly_score_max,0.42174545,0.16091052939494452,0.17182404,0.5,0,0.6138088012139605,agree
Shripad Yesso Naik,249,0.13636363636363635,Low,0,"NORTH GOA, Goa",A S ENTERPRISES,0.0,0,cost_deviation_pct_max (-2.100); num_works (+0.647); residual_pct_max (-0.233),1,0.0445271059915761,0.0445271059915761,0.0,0.1279,0.1279,0.724,0.0,0.0,0.0,1.0,0.0,0.0,Goa,NORTH GOA,16,0.0625,0.3804778589821373,1.2866488064150556,15476370.0,4,0.5371449220713926,0.6509597428715075,0.25,1.0,29655012.0,0.6196374703727645,0.0,0,cost_deviation_pct_max,-2.0998025,num_works,0.64739716,residual_pct_max,-0.23257671,0.15470402936140695,0.09846207,0.5,0,0.6138088012139605,agree
Shri Praful Patel (2024-30),250,0.13636363636363635,Low,0,"Sitting Rajya Sabha, Maharashtra",NEELAM YOGESH JAISWAL,0.0,0,cost_deviation_pct_mean (-1.862); cost_deviation_pct_max (+0.807); num_works (-0.611),22,0.1854564791156467,0.2197921939668425,0.0,0.1048727272727272,1.2116,0.8535,0.0,0.0,0.0,1.0,0.0454545454545454,0.0,Maharashtra,Sitting Rajya Sabha,18,0.0,0.7083876813499921,1.251735445298798,25836264.0,26,0.5532115508925464,0.6460110967463909,0.0,0.0,3475613.0,0.6460110967463909,0.0,0,cost_deviation_pct_mean,-1.8617605,cost_deviation_pct_max,0.80692255,num_works,-0.61142105,0.15258767952521643,0.13131027,0.5,0,0.6138088012139605,agree
MAHESH KASHYAP,251,0.13636363636363635,Low,0,"BASTAR, Chhattisgarh",GRAM PANCHAYAT HALLOOR,1.0,0,cost_deviation_pct_mean (-1.836); sor_match_confidence_mean (+0.667); cost_deviation_pct_max (+0.629),38,0.1216803185454723,0.2208481546783599,0.0789473684210526,0.1063394736842105,2.2428,0.8693947368421052,0.5431828901588,0.8650784306526184,0.6842105263157895,31.0,0.0526315789473684,0.6842105263157895,Chhattisgarh,BASTAR,25,0.0,0.5540126118763783,1.0745593040700776,64495987.5,118,0.4739015249733095,0.6604835523953171,0.0084745762711864,1.0,2255612.0,0.648860698125404,0.0,0,cost_deviation_pct_mean,-1.8362122,sor_match_confidence_mean,0.66667014,cost_deviation_pct_max,0.62933743,0.15251758446296057,0.10774839,0.5,0,0.6138088012139605,agree
ADV K FRANCIS GEORGE,252,0.13636363636363635,Low,0,"KOTTAYAM, Kerala",LabX,1.0,0,cost_deviation_pct_mean (-2.558); sor_match_confidence_mean (+0.723); cost_deviation_pct_max (+0.566),53,0.1853106024679798,0.2218571290340519,0.0188679245283018,0.0914245283018867,2.1961,0.8683018867924529,0.2190770374311391,0.7934419313586738,0.3018867924528302,5.0,0.0566037735849056,0.3018867924528302,Kerala,KOTTAYAM,16,0.0,0.9875018066376496,6.178689127442293,37467974.0,37,0.4453983880454468,0.6185233067586009,0.0,0.0,2500000.0,0.6003977231918409,0.0,0,cost_deviation_pct_mean,-2.5575914,sor_match_confidence_mean,0.723304,cost_deviation_pct_max,0.5658363,0.15197115888198218,0.0922243,0.5,0,0.6138088012139605,agree
K. RAJASHEKAR BASAVARAJ HITNAL,253,0.13636363636363635,Low,0,"KOPPAL, Karnataka",SHASHIKUMAR,1.0,0,cost_deviation_pct_mean (-0.560); collusion_score_mean (-0.344); residual_pct_mean (-0.297),67,0.1744321425348736,0.2231143751823034,0.044776119402985,0.1233,2.5143,0.8401492537313433,0.4559858443399662,0.8377088718414306,0.6119402985074627,21.0,0.0597014925373134,0.6119402985074627,Karnataka,KOPPAL,22,0.0,0.5319909787010282,1.4352094694844069,66577182.0,42,0.4436339920583618,0.6300411190117072,0.0,0.0,4413732.0,0.6188725490196079,0.0,0,cost_deviation_pct_mean,-0.5600314,collusion_score_mean,-0.34395266,residual_pct_mean,-0.2972043,0.14843395600716272,0.09774174,0.5,0,0.6138088012139605,agree
GAURAV GOGOI,254,0.13636363636363635,Low,0,"JORHAT, Assam",MRITYUNJOY KHANIKAR,1.0,0,num_works (-0.701); cost_deviation_pct_mean (-0.508); anomaly_flag_rate (-0.403),35,0.1810498600813445,0.2183593898565566,0.0571428571428571,0.1279171428571428,2.5055,0.8534571428571428,0.1261229935064787,0.7680000119209289,0.1714285714285714,57.0,0.0571428571428571,0.1714285714285714,Assam,JORHAT,21,0.0,0.4691449414861392,1.1449695900284194,40746858.0,91,0.4572287593538401,0.7115429505135387,0.0109890109890109,1.0,1859605.0,0.7115429505135387,1.0,0,num_works,-0.70096254,cost_deviation_pct_mean,-0.50782084,anomaly_flag_rate,-0.40330616,0.14804736773173013,0.08024175,0.5,0,0.6138088012139605,agree
Sanjay Seth ,255,0.13636363636363635,Low,0,"RANCHI, Jharkhand",AMIT KUMAR JUNIOR ENGINEER,1.0,0,cost_deviation_pct_mean (-2.773); cost_deviation_pct_max (+0.718); sor_match_confidence_mean (-0.381),49,0.1907577668484855,0.2205442860372878,0.0,0.1008897959183673,1.8286,0.8580408163265305,0.5117794593072162,0.7987541668415069,0.7142857142857143,54.0,0.0408163265306122,0.7142857142857143,Jharkhand,RANCHI,24,0.0416666666666666,1.070109944478574,3.107089943065773,88234955.0,3,0.6503914386267328,0.6727635926165338,0.6666666666666666,1.0,71561875.0,0.6727635926165338,1.0,0,cost_deviation_pct_mean,-2.7733572,cost_deviation_pct_max,0.7179924,sor_match_confidence_mean,-0.38052166,0.14540816098451614,0.11762333,0.5,0,0.6138088012139605,agree
PRABHAKAR REDDY VEMIREDDY,256,0.13636363636363635,Low,0,"NELLORE, Andhra Pradesh",SRIHARI RAO AMARANENI,1.0,0,cost_deviation_pct_mean (-0.588); cost_deviation_pct_max (-0.564); collusion_score_mean (-0.311),126,0.1836983402137053,0.2231337271483383,0.0317460317460317,0.121579365079365,2.977,0.851111111111111,0.4957481814460533,0.8606254272460937,0.6349206349206349,52.0,0.0634920634920634,0.6349206349206349,Andhra Pradesh,NELLORE,19,0.0526315789473684,0.5269528261530513,1.5174865986891992,73610054.0,73,0.4437526749372035,0.6345184227537168,0.0,0.0,2996465.0,0.5929783451842275,0.0,0,cost_deviation_pct_mean,-0.58801734,cost_deviation_pct_max,-0.56420225,collusion_score_mean,-0.3110274,0.14144255220890045,0.07464331,0.5,0,0.6138088012139605,agree
Ravindra Vasantrao Chavan,257,0.13636363636363635,Low,0,"NANDED, Maharashtra",City Light Electrical And Multi Services,1.0,0,cost_deviation_pct_mean (-2.165); sor_match_confidence_mean (+0.720); cost_deviation_pct_max (+0.668),26,0.181415489111397,0.2212423608983384,0.0384615384615384,0.0972653846153846,2.3423,0.8718846153846154,0.545579559168413,0.8084062345867336,0.7307692307692307,37.0,0.0384615384615384,0.7307692307692307,Maharashtra,NANDED,13,0.0,0.5385011457908948,1.4183979460000335,42525242.0,42,0.494266039749233,0.6412797170150111,0.0,0.0,5460176.0,0.6412797170150111,0.0,0,cost_deviation_pct_mean,-2.1648664,sor_match_confidence_mean,0.7197842,cost_deviation_pct_max,0.6682953,0.14070928717652956,0.0997895,0.5,0,0.6138088012139605,agree
AMRARAM,258,0.13636363636363635,Low,0,"SIKAR, Rajasthan",Dhaka Stone Comapny,1.0,0,anomaly_flag_rate (-0.418); residual_pct_max (-0.417); cost_deviation_pct_max (-0.348),50,0.1647568060124435,0.2182965421615301,0.06,0.130498,2.673,0.85446,0.132686914320033,0.8248368534793554,0.18,7.0,0.06,0.18,Rajasthan,SIKAR,23,0.0434782608695652,0.362867940362832,1.1855107626776442,38165228.0,199,0.2600904084092083,0.6232941894706601,0.0,0.0,5852436.0,0.586431623931624,0.0,0,anomaly_flag_rate,-0.41831577,residual_pct_max,-0.41689855,cost_deviation_pct_max,-0.34794533,0.13787162552277246,0.11056345,0.5,0,0.6138088012139605,agree
AMBICA G LAKSHMINARAYANA VALMIKI,259,0.13636363636363635,Low,0,"ANANTAPUR, Andhra Pradesh",Pasuparthi Hareesh,1.0,1,anomaly_score_max (+0.641); cost_deviation_pct_mean (+0.278); cost_deviation_pct_max (-0.236),42,0.1435269148073655,0.2215331381650861,0.0952380952380952,0.1301261904761904,2.6972,0.8527142857142858,0.3341959452004673,0.8672751679710479,0.4285714285714285,18.0,0.0714285714285714,0.4285714285714285,Andhra Pradesh,ANANTAPUR,17,0.0588235294117647,0.664529876319074,2.2072600782329816,62202871.0,23,0.4763803012843933,0.6666621776915895,0.0434782608695652,1.0,23047867.0,0.6666621776915895,1.0,1,anomaly_score_max,0.64075685,cost_deviation_pct_mean,0.27762967,cost_deviation_pct_max,-0.23602584,0.13306902100642523,0.6685715,0.5,0,0.6138088012139605,false_negative
Smt. Jebi Mather Hisham (2022-28),260,0.13636363636363635,Low,0,"Sitting Rajya Sabha, Kerala",Mahindra  Ltd,0.0,0,cost_deviation_pct_mean (-1.991); cost_deviation_pct_max (+0.544); sor_match_confidence_mean (-0.210),49,0.1570959464257125,0.2196649272583526,0.0408163265306122,0.1112,2.2558,0.8503877551020408,0.0,0.0,0.0,1.0,0.0612244897959183,0.0,Kerala,Sitting Rajya Sabha,25,0.04,0.6804976532151253,1.9877610680799105,54661936.0,40,0.4575852680815916,0.628803957480428,0.0,0.0,3621072.0,0.5882083602671838,0.0,0,cost_deviation_pct_mean,-1.9906914,cost_deviation_pct_max,0.5443025,sor_match_confidence_mean,-0.21024917,0.12656554083029428,0.12548941,0.5,0,0.6138088012139605,agree
Shri Bhartruhari Mahtab,261,0.13636363636363635,Low,0,"CUTTACK, Odisha",Rabindra Nath Singh,1.0,0,cost_deviation_pct_max (-0.601); cost_deviation_pct_mean (-0.530); residual_pct_mean (-0.251),86,0.1713848430935176,0.2199253246768099,0.0232558139534883,0.1220988372093023,2.8977,0.8416744186046512,0.4933403616016948,0.8409393598768446,0.6511627906976745,101.0,0.0581395348837209,0.6511627906976745,Odisha,CUTTACK,19,0.0526315789473684,0.4828205940526934,2.266125464676908,37017579.0,57,0.4293925172408144,0.6375790059613589,0.0,0.0,2846446.0,0.6375790059613589,0.0,0,cost_deviation_pct_max,-0.60094965,cost_deviation_pct_mean,-0.5302005,residual_pct_mean,-0.25062948,0.12479241440693538,0.10765703,0.5,0,0.6138088012139605,agree
RADHE SHYAM RATHIYA,262,0.13636363636363635,Low,0,"RAIGARH, Chhattisgarh",RAMESH GUPTA,1.0,0,cost_deviation_pct_mean (-0.734); cost_deviation_pct_max (-0.513); duplicate_score_max (-0.411),72,0.1746902492538357,0.2201556699571696,0.0277777777777777,0.1184638888888889,2.6922,0.8484861111111112,0.6032882094281333,0.8680000119209289,0.7777777777777778,20.0,0.0555555555555555,0.7777777777777778,Chhattisgarh,RAIGARH,25,0.04,0.4870887133585929,1.2716860300697923,80849803.0,97,0.4588204380351136,0.6458746319040436,0.0,0.0,4462164.0,0.5588010845363787,0.0,0,cost_deviation_pct_mean,-0.7342972,cost_deviation_pct_max,-0.5133401,duplicate_score_max,-0.41053316,0.123319610953331,0.05591525,0.5,0,0.6138088012139605,agree
Rajkumar Chahar ,263,0.13636363636363635,Low,0,"FATEHPUR SIKRI, Uttar Pradesh",SHOURYA ENTERPRISES,1.0,1,cost_deviation_pct_max (+1.008); cost_deviation_pct_mean (-0.206); collusion_score_mean (+0.160),45,0.0741274368118879,0.2013118703310671,0.0666666666666666,0.11474,1.6748,0.8459555555555555,0.4261113239028549,0.8638977146808131,0.5333333333333333,11.0,0.0666666666666666,0.5333333333333333,Uttar Pradesh,FATEHPUR SIKRI,26,0.0,0.9493452525779484,2.10079692844456,96369831.0,7,0.6312097916089512,0.6636024922789628,0.2857142857142857,1.0,26399060.0,0.6636024922789628,1.0,1,cost_deviation_pct_max,1.0079666,cost_deviation_pct_mean,-0.20576562,collusion_score_mean,0.15973853,0.12045265734195709,0.76907367,0.5,0,0.6138088012139605,false_negative
MANOJ KUMAR,264,0.13636363636363635,Low,0,"SASARAM, Bihar",S K ENTERPRISES,1.0,0,cost_deviation_pct_mean (-2.006); sor_match_confidence_mean (-0.295); num_works (-0.200),82,0.1652310141770806,0.2208455204442768,0.0121951219512195,0.1131951219512195,2.4233,0.8369024390243903,0.6396408186166322,0.846453767299652,0.8414634146341463,28.0,0.048780487804878,0.8414634146341463,Bihar,SASARAM,24,0.0416666666666666,0.8457785859159543,3.25033676017119,95686097.0,10,0.6043009768009768,0.6529654169360052,0.2,1.0,77539856.0,0.6160857932916757,0.0,0,cost_deviation_pct_mean,-2.0055451,sor_match_confidence_mean,-0.2953329,num_works,-0.19961162,0.11978228390216827,0.09201049,0.5,0,0.6138088012139605,agree
Shri Khiru Mahto (2022-28),265,0.13636363636363635,Low,0,"Sitting Rajya Sabha, Bihar",ASSISTANT ENGINEER FATUHA,0.0,0,cost_deviation_pct_mean (-2.091); anomaly_score_max (+0.393); cost_deviation_pct_max (-0.313),171,0.1642750264009069,0.22169921089781,0.0175438596491228,0.1073678362573099,2.8701,0.8601871345029241,0.0,0.0,0.0,1.0,0.0409356725146198,0.0,Bihar,Sitting Rajya Sabha,33,0.0909090909090909,0.8980958284068926,3.3184366269273022,183791258.0,30,0.4593000790059613,0.6911172161172161,0.0666666666666666,1.0,80131249.0,0.6911172161172161,1.0,0,cost_deviation_pct_mean,-2.0912905,anomaly_score_max,0.39271748,cost_deviation_pct_max,-0.3128699,0.11861118922630946,0.080190614,0.5,0,0.6138088012139605,agree
ALFRED KANNGAM S ARTHUR,266,0.13636363636363635,Low,0,"OUTER MANIPUR, Manipur",Raman Chihansung,0.0,1,cost_deviation_pct_mean (-2.158); num_works (+1.970); cost_deviation_pct_max (+1.210),15,0.0738224731564205,0.1330294038567591,0.1333333333333333,0.0351066666666666,0.5087,0.8671333333333333,0.0,0.0,0.0,1.0,0.0666666666666666,0.0,Manipur,OUTER MANIPUR,24,0.0416666666666666,1.0450802733228923,3.029034169902616,84951963.0,8,0.6312908496732026,0.6711870645694176,0.25,1.0,42000000.0,0.6225822380234145,0.0,1,cost_deviation_pct_mean,-2.1575048,num_works,1.9698585,cost_deviation_pct_max,1.2101259,0.11280622457464536,0.92944527,0.5,0,0.6138088012139605,false_negative
BHUMARE SANDIPANRAO ASARAM,267,0.11764705882352941,Low,0,"AURANGABAD, Maharashtra",shri jagdamba construction,1.0,0,cost_deviation_pct_mean (-2.736); cost_deviation_pct_max (+1.001); sor_match_confidence_mean (+0.732),29,0.1343283356107672,0.1930146139432696,0.0,0.0520620689655172,0.575,0.8671379310344827,0.4402446542475518,0.8313681637649536,0.5862068965517241,23.0,0.0344827586206896,0.5862068965517241,Maharashtra,AURANGABAD,19,0.0526315789473684,0.6074285811449696,2.544303100285084,52095352.0,19,0.5562721377349861,0.657278424190189,0.1052631578947368,1.0,8413108.0,0.6548202614379085,1.0,0,cost_deviation_pct_mean,-2.7364573,cost_deviation_pct_max,1.0008012,sor_match_confidence_mean,0.73239297,0.11216667791207631,0.16263588,0.5,0,0.5842185128983308,agree
Prof. Ram Gopal Yadav (2020-26),268,0.11764705882352941,Low,0,"Sitting Rajya Sabha, Uttar Pradesh",Pradeep Kumar,0.0,0,cost_deviation_pct_mean (-2.502); cost_deviation_pct_max (+0.499); num_works (-0.417),25,0.0612903052703216,0.2189478277934421,0.32,0.096316,2.2926,0.8499599999999999,0.0,0.0,0.0,1.0,0.04,0.0,Uttar Pradesh,Sitting Rajya Sabha,36,0.0833333333333333,0.9633375162270768,3.994281106888451,178725656.0,14,0.5385711335816378,0.6904761904761905,0.1428571428571428,1.0,68198292.0,0.6904761904761905,1.0,0,cost_deviation_pct_mean,-2.501919,cost_deviation_pct_max,0.49877158,num_works,-0.41651118,0.11098304390907288,0.07867711,0.5,0,0.5842185128983308,agree
Vinod Chavda,269,0.11764705882352941,Low,0,"KACHCHH, Gujarat",N K ENGINEERING,1.0,0,cost_deviation_pct_mean (-2.741); sor_match_confidence_mean (+0.696); num_works (-0.388),98,0.1855615624221185,0.2233087135230367,0.0408163265306122,0.0856765306122449,2.3692,0.8653571428571429,0.6548530353243364,0.8555525177723547,0.8877551020408163,220.0,0.0408163265306122,0.8877551020408163,Gujarat,KACHCHH,23,0.0434782608695652,0.7677001244293312,2.1197374664517823,51201603.0,106,0.4002476897870904,0.6361389427565898,0.0,0.0,3590377.0,0.6361389427565898,0.0,0,cost_deviation_pct_mean,-2.7414148,sor_match_confidence_mean,0.6958482,num_works,-0.38819098,0.10980857598284881,0.08197398,0.5,0,0.5842185128983308,agree
Shri Jaggesh (2022-28),270,0.11764705882352941,Low,0,"Sitting Rajya Sabha, Karnataka",Rakesh N,0.0,0,cost_deviation_pct_mean (-2.086); anomaly_score_max (+0.327); cost_deviation_pct_max (-0.242),126,0.1743120325575451,0.2228265948769477,0.0238095238095238,0.1118682539682539,2.8112,0.864547619047619,0.0,0.0,0.0,1.0,0.0476190476190476,0.0,Karnataka,Sitting Rajya Sabha,28,0.0357142857142857,0.8474744736451248,4.960416917859021,130587101.0,26,0.4775788125901248,0.6929828341593047,0.0769230769230769,1.0,32201164.0,0.6929828341593047,1.0,0,cost_deviation_pct_mean,-2.0858982,anomaly_score_max,0.32714462,cost_deviation_pct_max,-0.24209294,0.10933776820699374,0.097731926,0.5,0,0.5842185128983308,agree
Dr. Medha Vishram Kulkarni (2024-30),271,0.11764705882352941,Low,0,"Sitting Rajya Sabha, Maharashtra",Sunjiba majur sahkari sanstha maryadit,0.0,0,cost_deviation_pct_mean (-2.628); cost_deviation_pct_max (+0.775); num_works (-0.694),31,0.1290741477240372,0.2120994099590535,0.1290322580645161,0.0857387096774193,1.8685,0.8564193548387097,0.0,0.0,0.0,1.0,0.032258064516129,0.0,Maharashtra,Sitting Rajya Sabha,22,0.0,0.8259867898540892,1.916356065605268,41737818.0,17,0.5629758313581843,0.642520469726352,0.0,0.0,6983143.0,0.642520469726352,0.0,0,cost_deviation_pct_mean,-2.6276636,cost_deviation_pct_max,0.7748697,num_works,-0.6944351,0.10278148949146271,0.064466536,0.5,0,0.5842185128983308,agree
Ramvir Singh Bidhuri,272,0.11764705882352941,Low,0,"SOUTH DELHI, Delhi",Balaji Construction Co,1.0,0,cost_deviation_pct_mean (-2.712); cost_deviation_pct_max (+0.675); sor_match_confidence_mean (-0.309),41,0.1822075466262884,0.217031834380155,0.024390243902439,0.0877853658536585,2.0164,0.8566585365853658,0.6984256867345812,0.856036167914935,0.8780487804878049,38.0,0.048780487804878,0.8780487804878049,Delhi,SOUTH DELHI,15,0.0,1.1716790580665135,7.670721788397277,28849836.0,7,0.5701156103467028,0.6476414924944336,0.0,0.0,3540798.0,0.6476414924944336,0.0,0,cost_deviation_pct_mean,-2.7120738,cost_deviation_pct_max,0.67509043,sor_match_confidence_mean,-0.30889517,0.10204023122787476,0.06358496,0.5,0,0.5842185128983308,agree
SUDAMA PRASAD,273,0.11764705882352941,Low,0,"ARRAH, Bihar",ANNU PRIYA,1.0,0,cost_deviation_pct_mean (-2.807); anomaly_score_max (+0.409); num_works (-0.373),66,0.1816461045438835,0.2220932633307565,0.0151515151515151,0.0832499999999999,2.6698,0.8490151515151515,0.2613130297339724,0.7951897494792938,0.3484848484848485,7.0,0.0454545454545454,0.3484848484848485,Bihar,ARRAH,13,0.0,0.6688876162051068,1.2969558545308932,57716958.0,5,0.5542593191122602,0.6466988077282194,0.0,0.0,7252400.0,0.6466988077282194,0.0,0,cost_deviation_pct_mean,-2.8067818,anomaly_score_max,0.4091996,num_works,-0.37347004,0.09633459399143855,0.050063845,0.5,0,0.5842185128983308,agree
Midhun Reddy,274,0.11764705882352941,Low,0,"RAJAMPET, Andhra Pradesh",N KAMALAKAR REDDY,1.0,0,cost_deviation_pct_mean (-0.744); cost_deviation_pct_max (-0.498); collusion_score_mean (-0.299),181,0.1661431620140456,0.222741952972017,0.0276243093922651,0.117639226519337,2.8703,0.8593977900552485,0.3196302624743078,0.839718762018943,0.43646408839779,24.0,0.0441988950276243,0.43646408839779,Andhra Pradesh,RAJAMPET,23,0.0869565217391304,0.4908498853513662,1.1742056181686646,56264747.0,82,0.404096386834909,0.6299657042304101,0.0,0.0,3523609.0,0.6299657042304101,0.0,0,cost_deviation_pct_mean,-0.7443701,cost_deviation_pct_max,-0.49813586,collusion_score_mean,-0.29916072,0.0925859734416008,0.06677697,0.5,0,0.5842185128983308,agree
Dr. Faiyaz Ahmad (2022-28),275,0.11764705882352941,Low,0,"Sitting Rajya Sabha, Bihar",ASSISTANT ENGINEER PATNA SAHIB,0.0,1,cost_deviation_pct_max (-0.367); collusion_score_max (+0.312); cost_deviation_pct_mean (-0.293),138,0.1507039853738964,0.2137207992852798,0.0289855072463768,0.1250065217391304,2.7501,0.8454855072463767,0.0,0.0,0.0,1.0,0.0652173913043478,0.0,Bihar,Sitting Rajya Sabha,33,0.0909090909090909,0.7585394836047832,3.624301533032738,183753433.0,5,0.609770523594053,0.6912159735689147,0.6,1.0,130064490.0,0.6912159735689147,1.0,1,cost_deviation_pct_max,-0.3670906,collusion_score_max,0.3119351,cost_deviation_pct_mean,-0.2930371,0.09246379137039185,0.5904551,0.5,0,0.5842185128983308,false_negative
NARAYAN DAS AHIRWAR,276,0.11764705882352941,Low,0,"JALAUN, Uttar Pradesh",shyam swaroop manufacturere,1.0,0,cost_deviation_pct_mean (-3.307); cost_deviation_pct_max (+0.752); num_works (-0.662),36,0.1932489275797024,0.2082130533056487,0.0,0.0386888888888888,1.0178,0.8577777777777778,0.8679999523162841,0.8679999523162841,1.0,299.0,0.0277777777777777,1.0,Uttar Pradesh,JALAUN,21,0.0476190476190476,0.8885237855897841,3.6228560540860726,51218010.8,6,0.5881799300916948,0.657075522516699,0.3333333333333333,1.0,153796111.61,0.6199822236586943,0.0,0,cost_deviation_pct_mean,-3.3071785,cost_deviation_pct_max,0.75153625,num_works,-0.6616292,0.09066339706381162,0.037610285,0.5,0,0.5842185128983308,agree
Gumma Thanuja Rani,277,0.11764705882352941,Low,0,"ARAKU, Andhra Pradesh",SRI SAI LAKSHMI CONSTRUCTIONS,1.0,0,cost_deviation_pct_mean (-0.712); num_works (-0.568); cost_deviation_pct_max (-0.495),28,0.1182227002559143,0.2174185832456079,0.1071428571428571,0.1211714285714285,2.6638,0.8483928571428571,0.3779702894503574,0.8679999523162841,0.4642857142857143,11.0,0.0357142857142857,0.4642857142857143,Andhra Pradesh,ARAKU,23,0.0434782608695652,0.7863688556361511,3.10747183629786,74148372.0,27,0.5463108272748796,0.6629614666379372,0.037037037037037,1.0,14270871.0,0.6629614666379372,1.0,0,cost_deviation_pct_mean,-0.7118595,num_works,-0.56750745,cost_deviation_pct_max,-0.4946408,0.09033465137084325,0.07569356,0.5,0,0.5842185128983308,agree
PUSHPENDRA SAROJ,278,0.11764705882352941,Low,0,"KAUSHAMBI, Uttar Pradesh",MS GYANCHAND,1.0,0,cost_deviation_pct_mean (-1.949); cost_deviation_pct_max (-0.363); num_works (-0.306),607,0.1084952423839743,0.211261314077529,0.0658978583196046,0.1146650741350906,2.8569,0.8472009884678747,0.5986060380542059,0.848827522277832,0.7792421746293245,218.0,0.0477759472817133,0.7792421746293245,Uttar Pradesh,KAUSHAMBI,18,0.0,0.9802628284653672,4.204083596997175,56198890.0,12,0.5737142079053844,0.6586700064641241,0.1666666666666666,1.0,11974999.0,0.6577811893988365,1.0,0,cost_deviation_pct_mean,-1.9489101,cost_deviation_pct_max,-0.3630574,num_works,-0.30630302,0.0830946775774161,0.053070027,0.5,0,0.5842185128983308,agree
SUKANTA KUMAR PANIGRAHI,279,0.11764705882352941,Low,0,"KANDHAMAL, Odisha",MAHAKUMBHA PROPERTIES PVT LIMITED,1.0,0,cost_deviation_pct_mean (-3.124); sor_match_confidence_mean (+0.710); num_works (-0.420),148,0.1836609706680639,0.2234763763784681,0.0135135135135135,0.0672986486486486,2.7676,0.8686486486486487,0.622648889388587,0.8597316555976867,0.7905405405405406,76.0,0.0202702702702702,0.7905405405405406,Odisha,KANDHAMAL,19,0.0526315789473684,0.6330597901499508,1.405778273631973,54209040.0,40,0.4736228048911872,0.6684272426919486,0.025,1.0,18946292.0,0.6684272426919486,1.0,0,cost_deviation_pct_mean,-3.1242645,sor_match_confidence_mean,0.709532,num_works,-0.42019093,0.08294232562184334,0.0785974,0.5,0,0.5842185128983308,agree
Smt. P. T. Usha (2022-28),280,0.11764705882352941,Low,0,"Nominated Rajya Sabha, Kerala",DISTRICT NIRMITHI KENDRA,0.0,0,cost_deviation_pct_mean (-2.534); cost_deviation_pct_max (+0.864); sor_match_confidence_mean (+0.700),39,0.1654429797892944,0.2207999667004627,0.0,0.0858717948717948,1.6198,0.8704615384615385,0.0,0.0,0.0,1.0,0.0512820512820512,0.0,Kerala,Nominated Rajya Sabha,31,0.032258064516129,0.8068575517973543,3.808837497293056,55206130.0,51,0.4274499065589031,0.6306076276664512,0.0,0.0,6805000.0,0.6306076276664512,0.0,0,cost_deviation_pct_mean,-2.5335376,cost_deviation_pct_max,0.86365294,sor_match_confidence_mean,0.7003856,0.07686108102401097,0.16361016,0.5,0,0.5842185128983308,agree
Kamaljeet Sehrawat,281,0.11764705882352941,Low,0,"WEST DELHI, Delhi",ASN Services Pvt Limited,1.0,0,cost_deviation_pct_mean (-0.959); num_works (-0.623); cost_deviation_pct_max (-0.381),31,0.1908205678385275,0.220567220402906,0.032258064516129,0.1146774193548387,2.8153,0.8494838709677419,0.5046418329872028,0.8680000119209289,0.6451612903225806,22.0,0.032258064516129,0.6451612903225806,Delhi,WEST DELHI,10,0.0,0.5297390590610576,1.2124736588323597,13075365.0,5,0.6408739136680313,0.6751759678230267,0.4,1.0,4550205.0,0.6751759678230267,1.0,0,cost_deviation_pct_mean,-0.95933473,num_works,-0.62291515,cost_deviation_pct_max,-0.3808938,0.07649711146950722,0.08962098,0.5,0,0.5842185128983308,agree
ATUL GARG,282,0.11764705882352941,Low,0,"GHAZIABAD, Uttar Pradesh",Mittal Generator,1.0,0,cost_deviation_pct_mean (-3.060); cost_deviation_pct_max (+0.978); sor_match_confidence_mean (+0.753),36,0.1785072223306488,0.2117799414296239,0.0,0.0327972222222222,0.8216,0.8700555555555556,0.519525871374317,0.8549541948477528,0.6944444444444444,23.0,0.0277777777777777,0.6944444444444444,Uttar Pradesh,GHAZIABAD,21,0.0476190476190476,0.8007606540267266,1.9988024220907863,42043789.0,18,0.5163459543361504,0.6624407455289808,0.1666666666666666,1.0,12268256.0,0.6624407455289808,1.0,0,cost_deviation_pct_mean,-3.0603898,cost_deviation_pct_max,0.9780486,sor_match_confidence_mean,0.7533986,0.07629833867152531,0.115298524,0.5,0,0.5842185128983308,agree
LUMBARAM,283,0.11764705882352941,Low,0,"JALORE, Rajasthan",ms galaxy agency,1.0,1,cost_deviation_pct_mean (-0.287); collusion_score_max (+0.236); residual_pct_max (-0.218),79,0.1830518049087832,0.2207072740823318,0.0253164556962025,0.1165189873417721,2.4097,0.8540253164556962,0.5632635820058322,0.8541625552177429,0.7215189873417721,31.0,0.0759493670886076,0.7215189873417721,Rajasthan,JALORE,22,0.0,0.6625791907155718,1.0388125843927294,61556876.0,298,0.2516785482907669,0.6700423759247289,0.0067114093959731,1.0,7200000.0,0.664453601953602,1.0,1,cost_deviation_pct_mean,-0.28720438,collusion_score_max,0.23619974,residual_pct_max,-0.21782264,0.07617773860692978,0.5133876,0.5,0,0.5842185128983308,false_negative
Shri Ravi Chandra Vaddiraju (2024-30),284,0.04,Low,0,"Sitting Rajya Sabha, Telangana",BHOJYA GUGULOTH,0.0,0,cost_deviation_pct_mean (-2.125); cost_deviation_pct_max (-0.438); sor_match_confidence_mean (-0.237),107,0.1854654876647842,0.2208720118611757,0.02803738317757,0.1143523364485981,2.8755,0.8479252336448597,0.0,0.0,0.0,1.0,0.0373831775700934,0.0,Telangana,Sitting Rajya Sabha,25,0.04,0.7356632216155717,4.122062335098082,74168159.0,47,0.5260954436329905,0.6512183078359549,0.0212765957446808,1.0,6412054.0,0.6008717589599942,0.0,0,cost_deviation_pct_mean,-2.125116,cost_deviation_pct_max,-0.43802294,sor_match_confidence_mean,-0.2372011,0.07339471330245335,0.049979724,0.5,0,0.5523520485584219,agree
Shri R. Girirajan (2022-28),285,0.04,Low,0,"Sitting Rajya Sabha, Tamil Nadu",JF JAVID HUSSAIN,0.0,0,cost_deviation_pct_mean (-1.938); anomaly_score_max (+0.452); cost_deviation_pct_max (-0.356),151,0.1739645361636448,0.2215700879744862,0.0397350993377483,0.1103423841059602,2.9526,0.840476821192053,0.0,0.0,0.0,1.0,0.0463576158940397,0.0,Tamil Nadu,Sitting Rajya Sabha,32,0.03125,1.263323535493546,6.915237131380395,165928789.0,10,0.4832052179846298,0.6454463836816778,0.0,0.0,158392245.0,0.6454463836816778,0.0,0,cost_deviation_pct_mean,-1.9383296,anomaly_score_max,0.45150316,cost_deviation_pct_max,-0.356097,0.07262534896532695,0.07412918,0.5,0,0.5523520485584219,agree
Ajay Bhatt,286,0.04,Low,0,"NAINITAL UDHAM SINGH NAG., Uttarakhand",MOHD ASSIF,0.0,0,cost_deviation_pct_mean (-1.997); collusion_score_mean (-0.353); sor_match_confidence_mean (-0.220),85,0.1905831019920524,0.2215331381650861,0.0235294117647058,0.1075023529411764,2.426,0.8612823529411765,0.0,0.0,0.0,1.0,0.0470588235294117,0.0,Uttarakhand,NAINITAL UDHAM SINGH NAG.,21,0.0,0.5770038958378421,1.3808779356807064,51274009.0,514,0.2332149920728542,0.650534188034188,0.0019455252918287,1.0,2382974.0,0.6141268045679811,0.0,0,cost_deviation_pct_mean,-1.9968827,collusion_score_mean,-0.353056,sor_match_confidence_mean,-0.21952099,0.07244911169012387,0.09348387,0.5,0,0.5523520485584219,agree
Shri B.L. Verma (2020-26),287,0.04,Low,0,"Sitting Rajya Sabha, Uttar Pradesh",ND CONTRACTOR,0.0,0,cost_deviation_pct_mean (-1.878); cost_deviation_pct_max (-0.495); collusion_score_max (+0.283),350,0.1735424790785431,0.2187043569625259,0.0371428571428571,0.1140139999999999,2.9919,0.8549628571428572,0.0,0.0,0.0,1.0,0.0542857142857142,0.0,Uttar Pradesh,Sitting Rajya Sabha,34,0.0588235294117647,0.9977254028972332,4.132457816933143,168937264.09,11,0.4250895346483581,0.6732430151547799,0.0909090909090909,1.0,98300475.6,0.6732430151547799,1.0,0,cost_deviation_pct_mean,-1.8784102,cost_deviation_pct_max,-0.495106,collusion_score_max,0.28312755,0.07047075281540553,0.07626308,0.5,0,0.5523520485584219,agree
Pradeep Kumar Singh,288,0.04,Low,0,"ARARIA, Bihar",SIGMA ENTERPRISES,1.0,0,cost_deviation_pct_mean (-3.229); cost_deviation_pct_max (+0.599); num_works (-0.452),39,0.0627857319955138,0.2215566998356274,0.0512820512820512,0.0810358974358974,1.5654,0.8378205128205127,0.8195335018254413,0.8646946959495544,0.9743589743589745,38.0,0.0512820512820512,0.9743589743589745,Bihar,ARARIA,29,0.0344827586206896,1.3661911812203746,3.392652191814985,132606146.0,4,0.5252325289089995,0.6740797601091719,0.5,1.0,94050000.0,0.6740797601091719,1.0,0,cost_deviation_pct_mean,-3.2293396,cost_deviation_pct_max,0.5994129,num_works,-0.45162526,0.06980464359124501,0.052387152,0.5,0,0.5523520485584219,agree
Prof SP Singh Baghel,289,0.04,Low,0,"AGRA, Uttar Pradesh",TANYA CONSTRUCTION,1.0,0,cost_deviation_pct_mean (-2.783); sor_match_confidence_mean (+0.945); num_primary_vendors (+0.382),55,0.1366462533194892,0.2186160902111383,0.0181818181818181,0.0808327272727272,2.4859,0.8676181818181818,0.3050302406460083,0.7814616512016417,0.4363636363636363,5.0,0.0363636363636363,0.4363636363636363,Uttar Pradesh,AGRA,26,0.0769230769230769,1.4503933241562463,7.93356078381747,93200157.0,1,0.6399806076276664,0.6399806076276664,0.0,0.0,39071255.0,0.6399806076276664,0.0,0,cost_deviation_pct_mean,-2.7832704,sor_match_confidence_mean,0.9446806,num_primary_vendors,0.38225362,0.06692422802249591,0.13691312,0.5,0,0.5523520485584219,agree
NIMUBEN JAYANTIBHAI BAMBHANIYA,290,0.04,Low,0,"BHAVNAGAR, Gujarat",SARVOTTAM APPLIANCES PRIVATE LIMITED,1.0,0,cost_deviation_pct_mean (-2.086); num_works (-0.573); anomaly_score_max (+0.360),28,0.1098516088590183,0.2220749603068438,0.2142857142857142,0.1128464285714285,2.4875,0.8312142857142858,0.4408808015435158,0.8110522080262502,0.6071428571428571,6.0,0.0357142857142857,0.6071428571428571,Gujarat,BHAVNAGAR,20,0.05,1.1383945112649083,6.823832244443936,25662379.0,22,0.4793529591323709,0.6607151835093013,0.0454545454545454,1.0,10000000.0,0.6607151835093013,1.0,0,cost_deviation_pct_mean,-2.086035,num_works,-0.5732445,anomaly_score_max,0.36013556,0.06594705643753211,0.0584354,0.5,0,0.5523520485584219,agree
Putta Mahesh Kumar,291,0.04,Low,0,"ELURU, Andhra Pradesh",I MAX SCIENCE HOUSE,1.0,0,cost_deviation_pct_mean (-3.248); cost_deviation_pct_max (+0.577); anomaly_score_max (+0.398),54,0.1784399437042719,0.2231904696791557,0.037037037037037,0.0801759259259259,1.435,0.8647407407407407,0.8029218217374856,0.8680000119209289,0.925925925925926,50.0,0.0555555555555555,0.925925925925926,Andhra Pradesh,ELURU,19,0.0526315789473684,0.7211430879244047,2.0169400884271176,43504398.0,12,0.5317892755392756,0.6686678517560871,0.1666666666666666,1.0,18800000.0,0.6686678517560871,1.0,0,cost_deviation_pct_mean,-3.2477677,cost_deviation_pct_max,0.5773305,anomaly_score_max,0.3983167,0.0652961985518535,0.058548488,0.5,0,0.5523520485584219,agree
SARABJEET SINGH KHALSA,292,0.04,Low,0,"FARIDKOT, Punjab",GILL TRADING COMPANY,1.0,0,cost_deviation_pct_mean (-0.739); cost_deviation_pct_max (-0.412); duplicate_score_max (-0.401),227,0.1547886108217549,0.2202050000227337,0.0704845814977973,0.1183295154185022,2.688,0.8526343612334801,0.7305287934931612,0.8680000119209289,0.8854625550660793,131.0,0.052863436123348,0.8854625550660793,Punjab,FARIDKOT,29,0.0,0.5475251321063823,1.2047632839628268,95470473.0,145,0.3022128851540616,0.6866946778711485,0.0137931034482758,1.0,19681804.0,0.6866946778711485,1.0,0,cost_deviation_pct_mean,-0.7393254,cost_deviation_pct_max,-0.41214305,duplicate_score_max,-0.40115863,0.064821466182669,0.09891122,0.5,0,0.5523520485584219,agree
DR RANI SRI KUMAR,293,0.04,Low,0,"TENKASI, Tamil Nadu",R R BUILDERS,1.0,0,cost_deviation_pct_mean (-2.809); cost_deviation_pct_max (+0.756); num_works (-0.419),102,0.1470473098212046,0.2187491470621954,0.0686274509803921,0.0922823529411764,1.5461,0.8466960784313725,0.7240760922416216,0.8662068503335492,0.8921568627450981,91.0,0.0490196078431372,0.8921568627450981,Tamil Nadu,TENKASI,26,0.0,0.7608399870192113,1.7695413836732894,99919930.0,15,0.557116222557399,0.6432746175393234,0.0,0.0,62101330.0,0.6207866479925304,0.0,0,cost_deviation_pct_mean,-2.8090146,cost_deviation_pct_max,0.7556052,num_works,-0.41928646,0.06387438128391902,0.04648127,0.5,0,0.5523520485584219,agree
Shri Surendra Singh Nagar (2022-28),294,0.04,Low,0,"Sitting Rajya Sabha, Uttar Pradesh",BALAJI SUPPLIER,0.0,0,cost_deviation_pct_mean (-3.547); cost_deviation_pct_max (+0.553); num_works (-0.415),98,0.1571918752844886,0.2223220224139134,0.0612244897959183,0.0539612244897959,2.0307,0.8479081632653062,0.0,0.0,0.0,1.0,0.0204081632653061,0.0,Uttar Pradesh,Sitting Rajya Sabha,36,0.0555555555555555,0.8987069266330568,5.016865111885734,109500434.16,10,0.5383833405156935,0.687136393018746,0.3,1.0,62310730.0,0.687136393018746,1.0,0,cost_deviation_pct_mean,-3.5466285,cost_deviation_pct_max,0.5526245,num_works,-0.41482162,0.06253132472435634,0.043023624,0.5,0,0.5523520485584219,agree
JITENDRA KUMAR DOHARE,295,0.04,Low,0,"ETAWAH, Uttar Pradesh",BAKE BIHARI TRADERS,1.0,0,cost_deviation_pct_mean (-2.072); num_works (-0.276); sor_match_confidence_mean (-0.248),192,0.181742751638204,0.2179744428131034,0.03125,0.1087390625,2.5352,0.8481197916666666,0.7725587028786656,0.8583412580490112,0.96875,435.0,0.0572916666666666,0.96875,Uttar Pradesh,ETAWAH,21,0.0476190476190476,0.7927711287569063,2.84319198140061,119571988.0,15,0.4842174220115396,0.6464878258995906,0.0,0.0,81625270.0,0.6464878258995906,0.0,0,cost_deviation_pct_mean,-2.0715287,num_works,-0.27550837,sor_match_confidence_mean,-0.24843565,0.06200471023718516,0.074162796,0.5,0,0.5523520485584219,agree
BHOJRAJ NAG,296,0.04,Low,0,"KANKER, Chhattisgarh",A K ENTERPRISES,1.0,0,cost_deviation_pct_mean (-2.366); cost_deviation_pct_max (+0.766); num_works (-0.367),29,0.1807040979131735,0.2180233271989084,0.0344827586206896,0.1023862068965517,1.5191,0.854,0.3753444931865978,0.8680000119209289,0.4827586206896552,5.0,0.0344827586206896,0.4827586206896552,Chhattisgarh,KANKER,19,0.0,0.6347970919605945,1.219891482869333,35985836.0,45,0.4933609255668079,0.6528882065646772,0.0222222222222222,1.0,7899086.0,0.6014660992602169,0.0,0,cost_deviation_pct_mean,-2.365678,cost_deviation_pct_max,0.76623255,num_works,-0.36718872,0.060937351236740746,0.0483639,0.5,0,0.5523520485584219,agree
Shankar Lalwani,297,0.04,Low,0,"INDORE, Madhya Pradesh",SHRI GANESH ASSOCIATES PROPRIETOR NARAYAN SHARMA,1.0,0,cost_deviation_pct_mean (-3.335); num_works (-0.436); collusion_score_mean (-0.313),145,0.0433123321468378,0.2216314165020624,0.2551724137931034,0.0581958620689655,2.3785,0.8651655172413792,0.817406055998414,0.8648184351921081,0.9793103448275862,148.0,0.0206896551724137,0.9793103448275862,Madhya Pradesh,INDORE,22,0.0454545454545454,0.7863352161709665,3.593500831854151,76896131.0,21,0.3204315059357076,0.6520361990950226,0.0476190476190476,1.0,46205976.0,0.6520361990950226,1.0,0,cost_deviation_pct_mean,-3.3351593,num_works,-0.43611747,collusion_score_mean,-0.3128916,0.06075798471768697,0.029710632,0.5,0,0.5523520485584219,agree
SAMBIT PATRA,298,0.04,Low,0,"PURI, Odisha",ODISHA DISTRIBUTING AUTHORITY,1.0,0,cost_deviation_pct_mean (-0.678); duplicate_score_max (-0.429); num_works (-0.279),548,0.1708686934712628,0.2194336830927641,0.0328467153284671,0.1210445255474452,2.6141,0.846985401459854,0.8093983765104779,0.8680000119209289,0.9671532846715328,529.0,0.0565693430656934,0.9671532846715328,Odisha,PURI,16,0.0,0.4070934709384858,1.0,38354750.0,37,0.4259873803991451,0.6229018530489119,0.0,0.0,11016196.0,0.6108139409609998,0.0,0,cost_deviation_pct_mean,-0.67800796,duplicate_score_max,-0.42948744,num_works,-0.27907243,0.06004661383728186,0.05231382,0.5,0,0.5523520485584219,agree
BRIJENDRA SINGH OLA,299,0.04,Low,0,"JHUNJHUNU, Rajasthan",Sangeet Contractor,1.0,0,cost_deviation_pct_mean (-0.746); cost_deviation_pct_max (-0.436); residual_pct_max (-0.295),94,0.1727880927569259,0.2211020230947982,0.0425531914893617,0.1153553191489361,2.6296,0.8487978723404256,0.2548863522654548,0.8141089260506197,0.3617021276595745,18.0,0.0425531914893617,0.3617021276595745,Rajasthan,JHUNJHUNU,22,0.0454545454545454,0.4312516455661652,1.331713941760626,57494662.0,263,0.2311480422333698,0.6346593765711412,0.0,0.0,5215891.0,0.6346593765711412,0.0,0,cost_deviation_pct_mean,-0.74644154,cost_deviation_pct_max,-0.43645,residual_pct_max,-0.29544663,0.0597794217367967,0.082849845,0.5,0,0.5523520485584219,agree
Smt. Mahua Maji (2022-28),300,0.04,Low,0,"Sitting Rajya Sabha, Jharkhand",SAMEER TOPPO,0.0,0,cost_deviation_pct_mean (-2.857); cost_deviation_pct_max (+0.450); num_works (-0.369),150,0.1027781862401587,0.2203662372801847,0.18,0.0949426666666666,2.2907,0.83996,0.0,0.0,0.0,1.0,0.04,0.0,Jharkhand,Sitting Rajya Sabha,38,0.0,0.7222610630258247,1.7130959258246423,163193927.0,4,0.66924244056597,0.7187181282769519,0.5,1.0,58683250.0,0.7187181282769519,1.0,0,cost_deviation_pct_mean,-2.8566651,cost_deviation_pct_max,0.45010328,num_works,-0.36907333,0.05931991587082545,0.06517606,0.5,0,0.5523520485584219,agree
Smt. Rajathi (2025-31),301,0.04,Low,0,"Sitting Rajya Sabha, Tamil Nadu",MS ENTERPRISES,0.0,0,cost_deviation_pct_mean (-2.937); cost_deviation_pct_max (+0.836); num_works (-0.673),16,0.1810876016783812,0.2175462417281041,0.0,0.0679625,1.0217,0.8614375,0.0,0.0,0.0,1.0,0.0625,0.0,Tamil Nadu,Sitting Rajya Sabha,10,0.0,1.213637988097633,2.315223153306328,21237106.0,8,0.5128615869424693,0.6679190907132084,0.25,1.0,10745468.0,0.6224556489262372,0.0,0,cost_deviation_pct_mean,-2.936531,cost_deviation_pct_max,0.83643186,num_works,-0.6734949,0.05923103541135788,0.056107733,0.5,0,0.5523520485584219,agree
Y S Avinash Reddy,302,0.04,Low,0,"KADAPA, Andhra Pradesh",KCR CONSTRUCTIONS KADAPA,1.0,0,cost_deviation_pct_mean (-3.135); sor_match_confidence_mean (+0.721); cost_deviation_pct_max (+0.607),57,0.1904872552569302,0.2212400498044653,0.0350877192982456,0.0621561403508771,2.1538,0.8700877192982456,0.4155421058944097,0.8660810513413635,0.543859649122807,17.0,0.0350877192982456,0.543859649122807,Andhra Pradesh,KADAPA,21,0.0,0.6650996570911406,1.4748730084867112,41232850.0,48,0.4530075384854797,0.6537527831645479,0.0208333333333333,1.0,8816469.0,0.6537527831645479,1.0,0,cost_deviation_pct_mean,-3.1353154,sor_match_confidence_mean,0.72126085,cost_deviation_pct_max,0.6074896,0.059196215122938156,0.042498067,0.5,0,0.5523520485584219,agree
Alok Kumar Suman,303,0.04,Low,0,"GOPALGANJ, Bihar",SHIV SHARAN,1.0,0,cost_deviation_pct_mean (-2.104); duplicate_score_max (-0.358); sor_match_confidence_mean (-0.265),43,0.1545586860225109,0.2145280910739212,0.0232558139534883,0.1090930232558139,2.5082,0.8639767441860466,0.632696351886751,0.8680000119209289,0.7441860465116279,37.0,0.0232558139534883,0.7441860465116279,Bihar,GOPALGANJ,22,0.0,0.8557438113445205,3.041720643385569,51862560.0,15,0.4839205511264335,0.6641178266178267,0.1333333333333333,1.0,20732000.0,0.6135468289880055,0.0,0,cost_deviation_pct_mean,-2.1040277,duplicate_score_max,-0.3576457,sor_match_confidence_mean,-0.26494494,0.058846949910124145,0.060041815,0.5,0,0.5523520485584219,agree
Pralhad Venkatesh Joshi,304,0.04,Low,0,"DHARWAD, Karnataka",BASAVARAJ GUMATIMATH,1.0,0,cost_deviation_pct_mean (-2.582); cost_deviation_pct_max (+0.703); num_works (-0.424),28,0.1870459440535934,0.2188955789354361,0.0357142857142857,0.0990892857142857,1.9783,0.8504285714285714,0.6923297557471264,0.8347321426248272,0.9285714285714286,133.0,0.0357142857142857,0.9285714285714286,Karnataka,DHARWAD,26,0.0,0.767303619718917,1.978519226741417,20761060.0,35,0.5013303526538821,0.6107995762407528,0.0,0.0,2294396.0,0.5631715506715507,0.0,0,cost_deviation_pct_mean,-2.5817013,cost_deviation_pct_max,0.7031021,num_works,-0.42404476,0.058048141499360405,0.058047,0.5,0,0.5523520485584219,agree
Shri Nagendra Ray (2023-29),305,0.04,Low,0,"Sitting Rajya Sabha, West Bengal",SAJAL KUMAR KAR,0.0,0,cost_deviation_pct_max (-2.677); cost_deviation_pct_mean (-2.177); num_works (+0.846),2,-0.069127221886794,-0.0540250730558088,1.0,0.0901,0.1474,0.87,0.0,0.0,0.0,1.0,0.0,0.0,West Bengal,Sitting Rajya Sabha,20,0.0,1.1377273803831305,2.441053093489568,91735859.0,7,0.6099500056432829,0.6661091359620772,0.4285714285714285,1.0,33396558.0,0.6661091359620772,1.0,0,cost_deviation_pct_max,-2.6770716,cost_deviation_pct_mean,-2.1767547,num_works,0.8455102,0.05751705480118593,0.039848518,0.5,0,0.5523520485584219,agree
Rajnath Singh,306,0.04,Low,0,"LUCKNOW, Uttar Pradesh",MRK CONSTRUCTIONS,1.0,0,cost_deviation_pct_mean (-3.331); cost_deviation_pct_max (+0.809); num_works (-0.700),31,0.1794231231210038,0.2198691390663497,0.0,0.0562354838709677,1.0849,0.8577096774193548,0.2006388673885119,0.7226805848514769,0.2903225806451613,2.0,0.032258064516129,0.2903225806451613,Uttar Pradesh,LUCKNOW,21,0.0476190476190476,0.994744752270579,2.1895202006851453,74407887.0,6,0.5794759570494864,0.6614028944911298,0.1666666666666666,1.0,17222115.0,0.630842849960497,0.0,0,cost_deviation_pct_mean,-3.3305137,cost_deviation_pct_max,0.809014,num_works,-0.69961673,0.05515024935205778,0.04180499,0.5,0,0.5523520485584219,agree
Kiren Rijiju,307,0.04,Low,0,"ARUNACHAL WEST, Arunachal Pradesh",Ms Mohnio Enterprises,1.0,0,cost_deviation_pct_mean (-2.845); num_works (-0.426); anomaly_score_max (+0.275),114,0.173282065370816,0.2221650951800589,0.0350877192982456,0.0984263157894736,2.6256,0.8550877192982457,0.1828027503204624,0.8329275064468383,0.2456140350877192,9.0,0.0526315789473684,0.2456140350877192,Arunachal Pradesh,ARUNACHAL WEST,13,0.0,0.894907331755034,3.602713641816251,87533016.0,90,0.5384915447660545,0.6680124613948144,0.0777777777777777,1.0,5307314.0,0.662904007756949,1.0,0,cost_deviation_pct_mean,-2.844809,num_works,-0.42559984,anomaly_score_max,0.2752297,0.05511648952960968,0.03220046,0.5,0,0.5523520485584219,agree
Annpurna Devi ,308,0.04,Low,0,"KODARMA, Jharkhand",EXECUTIVE ENGINER NREP GIRIDIH,1.0,1,cost_deviation_pct_mean (-1.408); sor_match_confidence_mean (+0.891); anomaly_score_max (+0.583),85,0.1944454806058047,0.221952265227331,0.0235294117647058,0.1077,2.6217,0.8672000000000001,0.680066072930822,0.8419028575197856,0.8941176470588236,143.0,0.0705882352941176,0.8941176470588236,Jharkhand,KODARMA,16,0.0,0.5600843100836111,1.1462749233446814,42079828.0,5,0.6065824534942182,0.6284035409035409,0.0,0.0,39032762.0,0.6194632981397687,0.0,1,cost_deviation_pct_mean,-1.4081649,sor_match_confidence_mean,0.8907532,anomaly_score_max,0.58257383,0.05509658964971701,0.75275105,0.5,0,0.5523520485584219,false_negative
Shri S. Kalyanasundaram (2022-28),309,0.03333333333333333,Low,0,"Sitting Rajya Sabha, Tamil Nadu",Kannan Construction,0.0,0,cost_deviation_pct_mean (-1.938); cost_deviation_pct_max (-0.451); anomaly_flag_rate (-0.311),141,0.1684669665763121,0.221401537515975,0.0496453900709219,0.1127929078014184,2.9922,0.8595531914893617,0.0,0.0,0.0,1.0,0.0496453900709219,0.0,Tamil Nadu,Sitting Rajya Sabha,36,0.0,0.8014907993696808,2.6209640522151267,183132534.0,27,0.4534202332404946,0.6648468361703656,0.037037037037037,1.0,39115140.0,0.6648468361703656,1.0,0,cost_deviation_pct_mean,-1.9382267,cost_deviation_pct_max,-0.45053336,anomaly_flag_rate,-0.31084827,0.053407019625107445,0.040847212,0.5,0,0.5106221547799696,agree
KANWAR SINGH TANWAR,310,0.03333333333333333,Low,0,"AMROHA, Uttar Pradesh",Siddhu Enterprises,1.0,0,cost_deviation_pct_mean (-3.533); num_works (-0.362); sor_match_confidence_mean (-0.324),59,0.1647262844053113,0.2132080872444802,0.0169491525423728,0.0647338983050847,2.4377,0.8442542372881356,0.6789949011644003,0.8409641708187513,0.9152542372881356,86.0,0.0338983050847457,0.9152542372881356,Uttar Pradesh,AMROHA,22,0.0454545454545454,0.8466753539308548,2.466453284677859,78135018.0,3,0.6555307165601284,0.6733076563958917,0.6666666666666666,1.0,58285938.0,0.6733076563958917,1.0,0,cost_deviation_pct_mean,-3.5325549,num_works,-0.36183503,sor_match_confidence_mean,-0.32444295,0.05309160426259041,0.035185292,0.5,0,0.5106221547799696,agree
Nitin Jairam Gadkari,311,0.03333333333333333,Low,0,"NAGPUR, Maharashtra",Spectrum Services,1.0,0,cost_deviation_pct_mean (-3.102); cost_deviation_pct_max (+0.917); num_works (-0.701),19,0.1268959822421855,0.2142510968875741,0.1578947368421052,0.0378263157894736,0.6987,0.8494736842105264,0.0355381349953657,0.6752245649119484,0.0526315789473684,4.0,0.0526315789473684,0.0526315789473684,Maharashtra,NAGPUR,28,0.0357142857142857,0.1438279987081408,1.8110732697608711,46558565.0,22,0.5471379927262281,0.6565817352582058,0.0454545454545454,1.0,12638286.0,0.6565817352582058,1.0,0,cost_deviation_pct_mean,-3.1023803,cost_deviation_pct_max,0.91717124,num_works,-0.7013486,0.05244832361737887,0.03450495,0.5,0,0.5106221547799696,agree
SHAMBHAVI,312,0.03333333333333333,Low,0,"SAMASTIPUR, Bihar",SUDHA DEVI,1.0,0,cost_deviation_pct_mean (-1.840); num_works (-0.943); cost_deviation_pct_max (+0.776),21,0.1823889534339838,0.2178059718392223,0.0476190476190476,0.1045714285714285,1.9067,0.8595238095238096,0.653521944109395,0.8221849949645508,0.9047619047619048,14.0,0.0476190476190476,0.9047619047619048,Bihar,SAMASTIPUR,10,0.0,0.5319197660762741,1.0842623824957207,29478647.0,25,0.5460554478201537,0.6512811534870359,0.04,1.0,6269932.0,0.592274473892121,0.0,0,cost_deviation_pct_mean,-1.8402195,num_works,-0.9434093,cost_deviation_pct_max,0.7756453,0.05208335133890311,0.042620957,0.5,0,0.5106221547799696,agree
Shri Sant Balbir Singh (2022-28),313,0.03333333333333333,Low,0,"Sitting Rajya Sabha, Punjab",Satnam Process Engineering,0.0,0,cost_deviation_pct_mean (-2.113); collusion_score_max (+0.281); num_works (-0.270),206,0.0542675798210942,0.2195373437172302,0.2378640776699029,0.1117184466019417,2.7167,0.8439660194174757,0.0,0.0,0.0,1.0,0.0485436893203883,0.0,Punjab,Sitting Rajya Sabha,39,0.0,0.5815636042155291,1.800648538990577,131641205.41,170,0.287503707365299,0.6865294835883071,0.0235294117647058,1.0,27251300.0,0.6865294835883071,1.0,0,cost_deviation_pct_mean,-2.1133845,collusion_score_max,0.28078738,num_works,-0.26986405,0.05176585788528124,0.058567557,0.5,0,0.5106221547799696,agree
Shri Harbhajan Singh (2022-28),314,0.03333333333333333,Low,0,"Sitting Rajya Sabha, Punjab",BIROKE BUILDERS PVT LTD,0.0,0,cost_deviation_pct_mean (-2.000); cost_deviation_pct_max (-0.481); sor_match_confidence_mean (-0.254),77,0.1649392446508971,0.2205475084250304,0.0649350649350649,0.1047506493506493,2.9889,0.8572467532467531,0.0,0.0,0.0,1.0,0.0519480519480519,0.0,Punjab,Sitting Rajya Sabha,33,0.0303030303030303,0.6763968870955436,2.11474107364808,101056126.52,151,0.3039492397400461,0.698434245493069,0.0066225165562913,1.0,8217613.0,0.6386078790490555,0.0,0,cost_deviation_pct_mean,-2.0002177,cost_deviation_pct_max,-0.48128745,sor_match_confidence_mean,-0.2540406,0.051100656390190125,0.051921736,0.5,0,0.5106221547799696,agree
Jitendra Singh,315,0.03333333333333333,Low,0,"UDHAMPUR, Jammu And Kashmir",Vikram Enterprises,1.0,0,cost_deviation_pct_mean (-2.197); cost_deviation_pct_max (-0.313); collusion_score_max (+0.273),187,0.1600331031024823,0.2205997313180979,0.0802139037433155,0.1082417112299465,2.8962,0.8430320855614973,0.3738972328907544,0.8498950414657592,0.5240641711229946,20.0,0.0481283422459893,0.5240641711229946,Jammu And Kashmir,UDHAMPUR,21,0.0,0.6239532850654769,2.623310355769463,48296699.0,117,0.4441252898266473,0.6750879839115134,0.017094017094017,1.0,7850000.0,0.66361685699921,1.0,0,cost_deviation_pct_mean,-2.1970513,cost_deviation_pct_max,-0.31281066,collusion_score_max,0.2733873,0.05104391152660052,0.047928624,0.5,0,0.5106221547799696,agree
Ganesh Singh,316,0.03333333333333333,Low,0,"SATNA, Madhya Pradesh",RM MP AGRO SATNA,1.0,0,cost_deviation_pct_mean (-2.152); cost_deviation_pct_max (+0.693); duplicate_score_max (-0.362),77,0.0669518830307732,0.2197105227879786,0.1038961038961039,0.1081220779220779,2.06,0.848961038961039,0.8362913131630503,0.8680000119209289,0.974025974025974,67.0,0.0519480519480519,0.974025974025974,Madhya Pradesh,SATNA,20,0.1,0.8165757638825857,2.7182522700114475,48076283.0,34,0.489987367496018,0.659865869424693,0.0294117647058823,1.0,11910361.0,0.6111317603964663,0.0,0,cost_deviation_pct_mean,-2.1523838,cost_deviation_pct_max,0.6929391,duplicate_score_max,-0.36248174,0.048926795522371926,0.05264249,0.5,0,0.5106221547799696,agree
PRIYA SAROJ,317,0.03333333333333333,Low,0,"MACHHLISHAHR, Uttar Pradesh",BHAGWATI CHAND,1.0,0,cost_deviation_pct_mean (-2.008); cost_deviation_pct_max (-0.406); num_works (-0.269),725,0.1713319410855205,0.210814214158363,0.0289655172413793,0.1047318620689655,2.9832,0.8552,0.7995201807552412,0.854859393119812,0.9820689655172414,866.0,0.0455172413793103,0.9820689655172414,Uttar Pradesh,MACHHLISHAHR,23,0.0,0.996655343108443,1.7618362848525273,69805592.0,12,0.4827024078862314,0.668994649141708,0.1666666666666666,1.0,35289867.0,0.668994649141708,1.0,0,cost_deviation_pct_mean,-2.0076966,cost_deviation_pct_max,-0.40602493,num_works,-0.26926497,0.04875655906895796,0.06323027,0.5,0,0.5106221547799696,agree
DR. S P SINGH,318,0.03333333333333333,Low,0,"PRATAPGARH, Uttar Pradesh",JAI PRAKASH,1.0,0,cost_deviation_pct_mean (-3.501); cost_deviation_pct_max (+0.523); num_works (-0.432),106,0.204309650801495,0.221823877008608,0.0,0.0765433962264151,1.4908,0.8418584905660377,0.7736355634449118,0.8401002455867045,0.981132075471698,187.0,0.0377358490566037,0.981132075471698,Uttar Pradesh,PRATAPGARH,19,0.0,0.7221809659014607,1.2598561403955653,47950833.0,5,0.6218575378869498,0.6647373051784816,0.2,1.0,20269974.0,0.6211888601594484,0.0,0,cost_deviation_pct_mean,-3.5014732,cost_deviation_pct_max,0.5225787,num_works,-0.43175548,0.04687898357709249,0.0593961,0.5,0,0.5106221547799696,agree
Shri V. Vijayendra Prasad (2022-28),319,0.03333333333333333,Low,0,"Nominated Rajya Sabha, Andhra Pradesh",GOLLA SURESH KUMAR,0.0,0,cost_deviation_pct_mean (-3.432); cost_deviation_pct_max (+0.828); num_works (-0.385),74,0.1667164916701854,0.2221282075653285,0.054054054054054,0.0338459459459459,0.6396,0.8471081081081081,0.0,0.0,0.0,1.0,0.0135135135135135,0.0,Andhra Pradesh,Nominated Rajya Sabha,29,0.0344827586206896,0.9125593485190509,2.638685295363689,90827947.0,25,0.5824320548732314,0.6550842131724485,0.08,1.0,20789783.0,0.6226450836744954,0.0,0,cost_deviation_pct_mean,-3.4323106,cost_deviation_pct_max,0.82771844,num_works,-0.38529179,0.04671405876676241,0.041284878,0.5,0,0.5106221547799696,agree
RAMESH AWASTHI,320,0.03333333333333333,Low,0,"KANPUR, Uttar Pradesh",VISHWANATH ENTERPRISES,1.0,0,cost_deviation_pct_mean (-3.470); cost_deviation_pct_max (+0.805); num_works (-0.348),48,0.0874849220211335,0.2170922257433664,0.1041666666666666,0.053725,0.7526,0.8537291666666667,0.4707111924368547,0.8335011825272531,0.6041666666666666,52.0,0.0416666666666666,0.6041666666666666,Uttar Pradesh,KANPUR,22,0.0,1.1016158894140209,3.263160050423709,75758324.0,7,0.5490556479001858,0.6703072254542843,0.4285714285714285,1.0,27682322.0,0.6703072254542843,1.0,0,cost_deviation_pct_mean,-3.4704041,cost_deviation_pct_max,0.8045723,num_works,-0.34842762,0.04629972204566002,0.045708835,0.5,0,0.5106221547799696,agree
Dr. Vikramjit Singh Sahney (2022-28),321,0.03333333333333333,Low,0,"Sitting Rajya Sabha, Punjab",Raghu Nath Goyal,0.0,0,cost_deviation_pct_mean (-2.093); num_works (-0.601); sor_match_confidence_mean (-0.252),27,0.1214542336553891,0.2106890960371349,0.2222222222222222,0.1142925925925925,2.6056,0.8324814814814815,0.0,0.0,0.0,1.0,0.037037037037037,0.0,Punjab,Sitting Rajya Sabha,34,0.0294117647058823,0.7465490136924611,3.049432035049026,111224375.74,112,0.3288261378269256,0.6502881921999569,0.0089285714285714,1.0,8618316.0,0.6502881921999569,1.0,0,cost_deviation_pct_mean,-2.0929825,num_works,-0.6010193,sor_match_confidence_mean,-0.25217608,0.045930239061514534,0.040721033,0.5,0,0.5106221547799696,agree
PRIYANKA SATISH JARKIHOLI,322,0.03333333333333333,Low,0,"CHIKKODI, Karnataka",DEPUTY COMMISSIONER AND CHAIRMAN PROJECT MANAGER NIRMITHI KENDRA BELAGAVI,1.0,0,cost_deviation_pct_mean (-3.005); cost_deviation_pct_max (+0.909); num_works (-0.649),16,0.1055910882443016,0.215098247263234,0.1875,0.07596875,0.9099,0.8351875,0.4805405135425858,0.8118550996780396,0.625,18.0,0.0625,0.625,Karnataka,CHIKKODI,18,0.0555555555555555,0.7786461967583226,1.9055997939581075,18773055.0,17,0.5295937002251881,0.6405632765926883,0.0,0.0,4150000.0,0.6405632765926883,0.0,0,cost_deviation_pct_mean,-3.0046337,cost_deviation_pct_max,0.9094919,num_works,-0.6494683,0.04461811979611715,0.033925474,0.5,0,0.5106221547799696,agree
ADV GOWAAL KAGADA PADAVI,323,0.03333333333333333,Low,0,"NANDURBAR, Maharashtra",SWAMI POWERTECH,1.0,0,cost_deviation_pct_mean (-3.005); num_works (-0.484); sor_match_confidence_mean (-0.283),189,0.1873174975738936,0.2102708533684473,0.0105820105820105,0.0779825396825396,2.7487,0.8503280423280423,0.8678001294988242,0.8680000119209289,1.0,192.0,0.0423280423280423,1.0,Maharashtra,NANDURBAR,2,0.0,0.0,0.0,32041066.0,3,0.6442053317053317,0.6543390433096316,0.3333333333333333,1.0,18478681.0,0.6478524743230626,0.0,0,cost_deviation_pct_mean,-3.0054338,num_works,-0.4838521,sor_match_confidence_mean,-0.2834907,0.04446502712865671,0.023273349,0.5,0,0.5106221547799696,agree
Shri Kesridevsinh Jhala (2023-29),324,0.03333333333333333,Low,0,"Sitting Rajya Sabha, Gujarat",JEDA ENTERPRISE,0.0,0,cost_deviation_pct_mean (-3.056); num_works (-0.694); cost_deviation_pct_max (+0.639),21,0.1871948035531435,0.2225787422046572,0.0,0.0813142857142857,1.2852,0.8377619047619047,0.0,0.0,0.0,1.0,0.0476190476190476,0.0,Gujarat,Sitting Rajya Sabha,23,0.0434782608695652,0.3112126648685299,4.164920203434392,26663551.0,33,0.4893394731630025,0.702471629677512,0.0303030303030303,1.0,5500347.0,0.702471629677512,1.0,0,cost_deviation_pct_mean,-3.05609,num_works,-0.69371086,cost_deviation_pct_max,0.63932735,0.04444257294138273,0.054914482,0.5,0,0.5106221547799696,agree
Shri Anil Kumar Yadav Mandadi (2024-30),325,0.03333333333333333,Low,0,"Sitting Rajya Sabha, Telangana",SANTRIX CONSTRUCTIONS,0.0,0,cost_deviation_pct_mean (-3.659); cost_deviation_pct_max (+0.574); num_works (-0.379),71,0.1745791068556593,0.222627770777483,0.0140845070422535,0.0618704225352112,1.3331,0.853943661971831,0.0,0.0,0.0,1.0,0.028169014084507,0.0,Telangana,Sitting Rajya Sabha,21,0.0476190476190476,0.2818474034787083,2.336419183765257,54363174.0,12,0.5475307644425291,0.6704903756374345,0.0833333333333333,1.0,33720000.0,0.6704903756374345,1.0,0,cost_deviation_pct_mean,-3.6591494,cost_deviation_pct_max,0.57391673,num_works,-0.3789519,0.043411124497652054,0.0541128,0.5,0,0.5106221547799696,agree
KALYAN VAIJINATHRAO KALE,326,0.03333333333333333,Low,0,"JALNA, Maharashtra",AMOL BADRINARAYAN KALASKAR,1.0,0,cost_deviation_pct_mean (-3.133); cost_deviation_pct_max (+0.883); num_works (-0.706),19,0.1768011008314246,0.2113875859411783,0.0,0.0412263157894736,0.9591,0.8143157894736842,0.4125524150252144,0.7528162710666656,0.5789473684210527,6.0,0.0526315789473684,0.5789473684210527,Maharashtra,JALNA,18,0.0,0.6021575731555202,2.034015441603235,39254291.0,31,0.541241488324031,0.6365986138044961,0.0,0.0,2998000.0,0.6157607914960856,0.0,0,cost_deviation_pct_mean,-3.1327155,cost_deviation_pct_max,0.88312995,num_works,-0.7062883,0.04334307461977005,0.03518631,0.5,0,0.5106221547799696,agree
Shri Dhananjay Bhimrao Mahadik (2022-28),327,0.03333333333333333,Low,0,"Sitting Rajya Sabha, Maharashtra",TANISHQ CONSTRUCTION,0.0,0,cost_deviation_pct_mean (-2.049); num_works (-0.696); cost_deviation_pct_max (-0.336),32,0.1527885659184441,0.2150179799531781,0.0625,0.110278125,2.6966,0.846625,0.0,0.0,0.0,1.0,0.03125,0.0,Maharashtra,Sitting Rajya Sabha,26,0.0,0.8331351951293181,2.031160136106923,48415797.0,30,0.5273777801718978,0.6334994254111901,0.0,0.0,17237075.0,0.6119756877109819,0.0,0,cost_deviation_pct_mean,-2.0494483,num_works,-0.6963272,cost_deviation_pct_max,-0.33644122,0.04309892033537229,0.028556863,0.5,0,0.5106221547799696,agree
Shri Manan Kumar Mishra (2024-28),328,0.03333333333333333,Low,0,"Sitting Rajya Sabha, Bihar",NITU DEVI,0.0,0,cost_deviation_pct_mean (-2.651); num_works (-0.659); anomaly_score_max (+0.525),31,0.1713311141089725,0.2216491136726702,0.032258064516129,0.099416129032258,2.8042,0.857258064516129,0.0,0.0,0.0,1.0,0.032258064516129,0.0,Bihar,Sitting Rajya Sabha,14,0.0,0.3710505449175843,1.2140905643024953,39945301.0,23,0.5285215033616568,0.6543749551102492,0.0434782608695652,1.0,7925734.0,0.6543749551102492,1.0,0,cost_deviation_pct_mean,-2.651457,num_works,-0.6591954,anomaly_score_max,0.5250305,0.041430345426003136,0.026314829,0.5,0,0.5106221547799696,agree
RACHNA BANERJEE,329,0.03333333333333333,Low,0,"HOOGHLY, West Bengal",EVANA ELECTRICALS PRIVATE LIMITED,1.0,0,cost_deviation_pct_mean (-2.123); num_works (-0.674); cost_deviation_pct_max (+0.471),36,0.1413439893773433,0.2143668834832434,0.1388888888888889,0.1037777777777777,2.1985,0.8491944444444445,0.7772085592989245,0.8680000119209289,0.9444444444444444,18.0,0.0555555555555555,0.9444444444444444,West Bengal,HOOGHLY,21,0.0,0.8019127539124624,2.0770023166104803,34234471.0,17,0.5065571779239599,0.6808859441212383,0.0588235294117647,1.0,7998169.0,0.6808859441212383,1.0,0,cost_deviation_pct_mean,-2.1225414,num_works,-0.6740173,cost_deviation_pct_max,0.47068125,0.04122078356643518,0.057469245,0.5,0,0.5106221547799696,agree
Shri Arun Singh (2020-26),330,0.03333333333333333,Low,0,"Sitting Rajya Sabha, Uttar Pradesh",Randheer Enterprises,0.0,0,cost_deviation_pct_mean (-3.656); cost_deviation_pct_max (+0.852); sor_match_confidence_mean (-0.258),46,0.1453009013576403,0.2047049795560314,0.0,0.0326260869565217,0.6756,0.8467391304347827,0.0,0.0,0.0,1.0,0.0217391304347826,0.0,Uttar Pradesh,Sitting Rajya Sabha,32,0.03125,0.5504404973604465,1.8101393402842432,151462382.0,30,0.5100471641648112,0.6428975436328378,0.0,0.0,12606074.0,0.6428975436328378,0.0,0,cost_deviation_pct_mean,-3.6561966,cost_deviation_pct_max,0.8521665,sor_match_confidence_mean,-0.25770786,0.04099997133016586,0.03639301,0.5,0,0.5106221547799696,agree
KRISHNA DEVI SHIVSHANKER PATEL,331,0.03333333333333333,Low,0,"BANDA, Uttar Pradesh",DHARMENDRA ENTERPRISES,1.0,0,cost_deviation_pct_mean (-2.911); num_works (-0.416); sor_match_confidence_mean (-0.289),202,0.1884301854165603,0.2148065793827102,0.0247524752475247,0.0923712871287128,2.4715,0.8567673267326733,0.8358348693071621,0.8607375435829162,0.995049504950495,381.0,0.0346534653465346,0.995049504950495,Uttar Pradesh,BANDA,26,0.0384615384615384,1.0068096963390054,3.1826530310851604,76835226.67,14,0.4667345143185479,0.6738140127846011,0.1428571428571428,1.0,34020702.12,0.6738140127846011,1.0,0,cost_deviation_pct_mean,-2.911017,num_works,-0.4160871,sor_match_confidence_mean,-0.2894345,0.040588682517409325,0.03310512,0.5,0,0.5106221547799696,agree
Smt. Geeta alias Chandraprabha (2020-26),332,0.03333333333333333,Low,0,"Sitting Rajya Sabha, Uttar Pradesh",RAHISH WARSI,0.0,0,cost_deviation_pct_mean (-3.384); num_works (-0.429); collusion_score_max (+0.278),210,0.1623105004002688,0.2168089357573251,0.019047619047619,0.06738,2.7332,0.8510857142857143,0.0,0.0,0.0,1.0,0.0285714285714285,0.0,Uttar Pradesh,Sitting Rajya Sabha,34,0.0294117647058823,0.9439941277416728,5.894729754889659,169877016.35,4,0.6219434568699275,0.6726756087050205,0.75,1.0,99868508.35,0.6726756087050205,1.0,0,cost_deviation_pct_mean,-3.383819,num_works,-0.42876452,collusion_score_max,0.27750856,0.040336125840743385,0.03509846,0.5,0,0.5106221547799696,agree
UTKARSH VERMA MADHUR,333,0.03333333333333333,Low,0,"KHERI, Uttar Pradesh",Shiv kumar thekedar,1.0,0,cost_deviation_pct_mean (-2.739); num_works (-0.427); sor_match_confidence_mean (-0.356),347,0.1821975001679381,0.2155785745606459,0.0259365994236311,0.0997564841498559,2.571,0.8564697406340057,0.822622721119761,0.8628798537254333,0.9884726224783862,340.0,0.0432276657060518,0.9884726224783862,Uttar Pradesh,KHERI,19,0.0,0.7530214874332688,1.7618662913437686,74909150.0,4,0.5980589671766142,0.6697829131652662,0.25,1.0,34469115.0,0.6697829131652662,1.0,0,cost_deviation_pct_mean,-2.7391565,num_works,-0.4267746,sor_match_confidence_mean,-0.35570258,0.04028680299719175,0.04730663,0.5,0,0.5106221547799696,agree
Mahesh Sharma,334,0.03333333333333333,Low,0,"GAUTAM BUDDHA NAGAR, Uttar Pradesh",DEV CONSTRUCTION,1.0,0,cost_deviation_pct_mean (-3.666); cost_deviation_pct_max (+0.485); num_works (-0.401),68,0.1783686236146893,0.2171297727332032,0.0147058823529411,0.0680720588235294,2.2439,0.8567647058823529,0.584780117324267,0.8210565978005856,0.7941176470588235,54.0,0.0294117647058823,0.7941176470588235,Uttar Pradesh,GAUTAM BUDDHA NAGAR,27,0.037037037037037,0.7714627938187593,2.4529802466879964,83408358.0,17,0.5503683600136887,0.6624299719887956,0.0588235294117647,1.0,22966531.0,0.6118410184586656,0.0,0,cost_deviation_pct_mean,-3.6657248,cost_deviation_pct_max,0.48537552,num_works,-0.40100273,0.03977287436525027,0.021408617,0.5,0,0.5106221547799696,agree
Shri Amit Shah,335,0.03333333333333333,Low,0,"GANDHINAGAR, Gujarat",AEON MEDICAL PVT LTD,1.0,0,cost_deviation_pct_mean (-2.902); cost_deviation_pct_max (+0.787); anomaly_score_max (+0.353),22,0.2009227346607909,0.2214512353111659,0.0,0.0569954545454545,1.0639,0.8226818181818182,0.8323276103874391,0.8662866764068603,1.0,27.0,0.0454545454545454,1.0,Gujarat,GANDHINAGAR,9,0.0,1.7662993617612004,6.054210289216273,11529274.0,9,0.4813413257040708,0.6484405300581771,0.0,0.0,4982000.0,0.6484405300581771,0.0,0,cost_deviation_pct_mean,-2.9016778,cost_deviation_pct_max,0.7871728,anomaly_score_max,0.35277912,0.03965716250240803,0.07539866,0.5,0,0.5106221547799696,agree
VINOD KUMAR BIND,336,0.03333333333333333,Low,0,"BHADOHI, Uttar Pradesh",Gandhi Construction And Supplier,1.0,0,cost_deviation_pct_mean (-1.889); cost_deviation_pct_max (-0.422); duplicate_score_max (-0.348),407,0.1911740061000843,0.218704338252656,0.0294840294840294,0.1135110565110565,2.9994,0.847029484029484,0.6950340849319834,0.8680000119209289,0.8943488943488943,305.0,0.0491400491400491,0.8943488943488943,Uttar Pradesh,BHADOHI,19,0.0526315789473684,0.9643610215589534,2.1120446504289343,75517267.0,9,0.5429320588634314,0.671583889966243,0.2222222222222222,1.0,34852494.0,0.671583889966243,1.0,0,cost_deviation_pct_mean,-1.8888214,cost_deviation_pct_max,-0.42239016,duplicate_score_max,-0.3480551,0.03956189379096031,0.05479767,0.5,0,0.5106221547799696,agree
Shyamkumar,337,0.03333333333333333,Low,0,"RAMTEK, Maharashtra",GRAMPANCHAYAT LOHDONGRI,0.0,0,cost_deviation_pct_max (-2.475); cost_deviation_pct_mean (-2.180); num_works (+0.937),1,0.1660406051383545,0.1660406051383545,0.0,0.0887,0.0887,0.766,0.0,0.0,0.0,1.0,0.0,0.0,Maharashtra,RAMTEK,11,0.0909090909090909,0.1619967228856949,1.4898355699862993,5141086.0,6,0.5995211759917642,0.6322263520792932,0.0,0.0,1188142.0,0.6322263520792932,0.0,0,cost_deviation_pct_max,-2.475489,cost_deviation_pct_mean,-2.1802444,num_works,0.9371821,0.03931775875389576,0.017128324,0.5,0,0.5106221547799696,agree
Shri Narayanasa K. Bhandage (2024-30),338,0.03333333333333333,Low,0,"Sitting Rajya Sabha, Karnataka",RAJASHEKAR PATIL,0.0,1,cost_deviation_pct_mean (-1.791); cost_deviation_pct_max (+0.780); anomaly_score_max (+0.500),87,0.1678823608004335,0.2215331381650861,0.0459770114942528,0.1038344827586206,1.9799,0.8512068965517241,0.0,0.0,0.0,1.0,0.0689655172413793,0.0,Karnataka,Sitting Rajya Sabha,23,0.0434782608695652,0.7205809154899313,3.8437625805451394,76863625.0,21,0.4562519024703898,0.6686085972850679,0.0476190476190476,1.0,25080548.0,0.6686085972850679,1.0,1,cost_deviation_pct_mean,-1.7912842,cost_deviation_pct_max,0.7802189,anomaly_score_max,0.5004779,0.03930418627957503,0.5377706,0.5,0,0.5106221547799696,false_negative
Pankaj Chowdhary,339,0.015151515151515152,Low,0,"MAHARAJGANJ, Uttar Pradesh",MS RAMESH CHANDRA PATEL,1.0,0,cost_deviation_pct_mean (-2.659); cost_deviation_pct_max (+0.627); num_works (-0.604),38,0.0971583119534507,0.1904103963623066,0.0263157894736842,0.1000710526315789,2.0319,0.8583684210526317,0.5330153516580123,0.8227295482270632,0.7105263157894737,23.0,0.0526315789473684,0.7105263157894737,Uttar Pradesh,MAHARAJGANJ,23,0.0434782608695652,1.0368345141705178,2.925210318614291,95676373.0,8,0.4264313097033685,0.6741856999209941,0.125,1.0,90325342.0,0.6741856999209941,1.0,0,cost_deviation_pct_mean,-2.6590183,cost_deviation_pct_max,0.6270747,num_works,-0.603972,0.039085290084282555,0.04794746,0.5,0,0.4377845220030349,agree
Shri Mithlesh Kumar (2022-28),340,0.015151515151515152,Low,0,"Sitting Rajya Sabha, Uttar Pradesh",RAMJI CONSTRUCTION,1.0,0,cost_deviation_pct_mean (-2.880); num_works (-0.426); sor_match_confidence_mean (-0.286),195,0.1790926524581388,0.2203038018070526,0.0307692307692307,0.0858517948717948,2.729,0.8488923076923076,0.4377699345155695,0.8199857883453369,0.5714285714285714,68.0,0.0358974358974358,0.5714285714285714,Uttar Pradesh,Sitting Rajya Sabha,38,0.0789473684210526,1.4100770315579112,6.893165457466569,170753928.0,2,0.5076056704733175,0.6915391797744739,0.5,1.0,168339400.0,0.6915391797744739,1.0,0,cost_deviation_pct_mean,-2.8798118,num_works,-0.42570728,sor_match_confidence_mean,-0.28635755,0.03869912773370743,0.030641116,0.5,0,0.4377845220030349,agree
Khalilur Rahaman ,341,0.015151515151515152,Low,0,"JANGIPUR, West Bengal",MAJIBUR RAHAMAN,1.0,0,cost_deviation_pct_mean (-2.513); cost_deviation_pct_max (+0.734); num_works (-0.650),31,0.1153161825909611,0.2058330313559754,0.1935483870967742,0.0842612903225806,1.977,0.8428387096774194,0.793394996181611,0.8680000119209289,0.935483870967742,18.0,0.032258064516129,0.935483870967742,West Bengal,JANGIPUR,13,0.0769230769230769,1.5498556061298772,8.329285357230043,23028217.0,8,0.5742599924585219,0.6649509803921569,0.125,1.0,9450000.0,0.6649509803921569,1.0,0,cost_deviation_pct_mean,-2.5131342,cost_deviation_pct_max,0.73429394,num_works,-0.6495135,0.03838367139299711,0.030462531,0.5,0,0.4377845220030349,agree
ISHA KHAN CHOUDHURY,342,0.015151515151515152,Low,0,"MALDAHA DAKSHIN, West Bengal",THE LOTUS ENTERPRISE,0.0,0,cost_deviation_pct_mean (-2.231); cost_deviation_pct_max (+0.822); num_works (-0.402),25,0.1833488003832552,0.2166121970529544,0.04,0.0975,1.7207,0.8540399999999999,0.0,0.0,0.0,1.0,0.04,0.0,West Bengal,MALDAHA DAKSHIN,15,0.0666666666666666,1.092463091561428,2.4118938202470903,8567025.0,16,0.5434977196006608,0.6619397759103641,0.0625,1.0,1791745.0,0.6619397759103641,1.0,0,cost_deviation_pct_mean,-2.2306397,cost_deviation_pct_max,0.8216726,num_works,-0.401768,0.0383459385484457,0.08687547,0.5,0,0.4377845220030349,agree
ANGOMCHA BIMOL AKOIJAM,343,0.015151515151515152,Low,0,"INNER MANIPUR, Manipur",Murphy Thumrah,0.0,0,cost_deviation_pct_mean (-2.902); cost_deviation_pct_max (-1.678); sor_match_confidence_mean (+0.597),21,0.011465868487711,0.195192298551469,0.4285714285714285,0.0446428571428571,0.1474,0.8658095238095237,0.0,0.0,0.0,1.0,0.0,0.0,Manipur,INNER MANIPUR,21,0.0476190476190476,0.7069643161541322,3.412884274836946,93860392.0,3,0.6274201560966267,0.6431327659268835,0.0,0.0,81575653.0,0.6212193851899734,0.0,0,cost_deviation_pct_mean,-2.9024675,cost_deviation_pct_max,-1.6776882,sor_match_confidence_mean,0.5968001,0.037571351354320846,0.021949017,0.5,0,0.4377845220030349,agree
Adv Adoor Prakash ,344,0.015151515151515152,Low,0,"ATTINGAL, Kerala",ALLUMINA ELECTRONICS,1.0,0,cost_deviation_pct_mean (-3.401); anomaly_score_max (+0.463); num_works (-0.417),108,0.192910069903572,0.2218854665824477,0.0185185185185185,0.0740037037037037,2.6996,0.8449629629629629,0.7241255730016737,0.8400326173850218,0.9537037037037036,407.0,0.0462962962962962,0.9537037037037036,Kerala,ATTINGAL,17,0.0588235294117647,0.6200614531273689,1.4376900285806535,28617364.0,3,0.5297738753621106,0.7031243266537384,0.3333333333333333,1.0,31961831.0,0.7031243266537384,1.0,0,cost_deviation_pct_mean,-3.4012756,anomaly_score_max,0.4628357,num_works,-0.4174835,0.03711433398226897,0.03627677,0.5,0,0.4377845220030349,agree
SELVARAJ V,345,0.015151515151515152,Low,0,"NAGAPATTINAM, Tamil Nadu",DAWOOD ENTERPRISES,1.0,0,cost_deviation_pct_mean (-2.092); cost_deviation_pct_max (-0.383); sor_match_confidence_mean (-0.262),46,0.1570072460325739,0.2213204451678528,0.0869565217391304,0.104041304347826,2.9373,0.8322173913043478,0.4419363930758536,0.8556061797142028,0.5869565217391305,17.0,0.0434782608695652,0.5869565217391305,Tamil Nadu,NAGAPATTINAM,17,0.0,0.6740008194919296,1.688879689137771,50673389.0,33,0.5299959027900205,0.6385405444228973,0.0,0.0,8950588.0,0.6385405444228973,0.0,0,cost_deviation_pct_mean,-2.0920947,cost_deviation_pct_max,-0.38334504,sor_match_confidence_mean,-0.26217237,0.03687712177634239,0.0349296,0.5,0,0.4377845220030349,agree
CHARANJIT SINGH CHANNI,346,0.015151515151515152,Low,0,"JALANDHAR, Punjab",Harnoor Singh,1.0,0,cost_deviation_pct_mean (-2.766); num_works (-0.370); collusion_score_max (+0.282),58,0.1822655046326138,0.218742143329857,0.0344827586206896,0.0947775862068965,2.7909,0.8438275862068966,0.6149354433284436,0.8680000119209289,0.7586206896551724,14.0,0.0344827586206896,0.7586206896551724,Punjab,JALANDHAR,19,0.0526315789473684,0.8999738263145334,3.5953490080570703,27091985.0,71,0.345447559666698,0.6713998419880772,0.028169014084507,1.0,4850456.0,0.6537258493140846,1.0,0,cost_deviation_pct_mean,-2.7664096,num_works,-0.3698801,collusion_score_max,0.28214097,0.03650795357922713,0.024294028,0.5,0,0.4377845220030349,agree
Shri Tejveer Singh (2024-30),347,0.015151515151515152,Low,0,"Sitting Rajya Sabha, Uttar Pradesh",MAA LAXMI CONTRACTOR AND SUPPLIERS,0.0,0,cost_deviation_pct_mean (-3.636); cost_deviation_pct_max (+0.670); num_works (-0.405),53,0.1630276427187219,0.2146191987672166,0.0,0.0546094339622641,1.1868,0.8382830188679246,0.0,0.0,0.0,1.0,0.0188679245283018,0.0,Uttar Pradesh,Sitting Rajya Sabha,23,0.0434782608695652,0.8829189193332037,2.089497426510434,89900058.0,12,0.5434283649357179,0.655727034403505,0.0833333333333333,1.0,16253230.0,0.655727034403505,1.0,0,cost_deviation_pct_mean,-3.636479,cost_deviation_pct_max,0.67027634,num_works,-0.40462393,0.036215122789144516,0.029331548,0.5,0,0.4377845220030349,agree
AGA SYED RUHULLAH MEHDI,348,0.015151515151515152,Low,0,"SRINAGAR, Jammu And Kashmir",Alyas ahmad mir,1.0,0,cost_deviation_pct_mean (-2.001); anomaly_flag_rate (-0.339); deviation_flag_rate (-0.238),62,0.1806127784449595,0.2190502107359866,0.0483870967741935,0.112716129032258,2.5177,0.8641612903225807,0.1094136523809092,0.8500958274013589,0.1451612903225806,4.0,0.0483870967741935,0.1451612903225806,Jammu And Kashmir,SRINAGAR,16,0.0625,0.7447102830868896,2.6610417859199846,20822671.0,51,0.5171881799476955,0.6587292609351433,0.0392156862745098,1.0,2677819.0,0.6587292609351433,1.0,0,cost_deviation_pct_mean,-2.0011137,anomaly_flag_rate,-0.33924714,deviation_flag_rate,-0.23794791,0.03612851413587729,0.03271209,0.5,0,0.4377845220030349,agree
SAYANI GHOSH,349,0.015151515151515152,Low,0,"JADAVPUR, West Bengal",JAYANTA ELECTRIC AND CO,1.0,0,cost_deviation_pct_mean (-2.069); duplicate_score_max (-0.376); anomaly_flag_rate (-0.324),115,0.1717401783341365,0.2186036409940235,0.0521739130434782,0.1134565217391304,2.3822,0.8477565217391305,0.760377314409426,0.8679348640441894,0.9217391304347826,39.0,0.0434782608695652,0.9217391304347826,West Bengal,JADAVPUR,20,0.05,0.702521014905012,4.293874310654621,49785004.0,41,0.4664496849396419,0.6544306184012066,0.024390243902439,1.0,7080790.0,0.6544306184012066,1.0,0,cost_deviation_pct_mean,-2.0689611,duplicate_score_max,-0.37616375,anomaly_flag_rate,-0.32413906,0.03584761110444864,0.04076587,0.5,0,0.4377845220030349,agree
Dr. Dharmasthala Veerendra Heggade (2022-28),350,0.015151515151515152,Low,0,"Nominated Rajya Sabha, Karnataka",BLUESKART ECOMMERCE PRIVATE LIMITED,0.0,0,cost_deviation_pct_mean (-2.888); num_works (-0.476); cost_deviation_pct_max (-0.304),301,0.1830192658333078,0.217336192748334,0.0299003322259136,0.0954033222591362,2.6907,0.8586843853820598,0.0,0.0,0.0,1.0,0.0398671096345514,0.0,Karnataka,Nominated Rajya Sabha,30,0.0333333333333333,0.8023757071097429,4.231371427643876,57878764.0,17,0.4904624066821298,0.6594331322272499,0.1764705882352941,1.0,11453130.0,0.6594331322272499,1.0,0,cost_deviation_pct_mean,-2.8882678,num_works,-0.47649583,cost_deviation_pct_max,-0.3044912,0.034678215781847634,0.022830842,0.5,0,0.4377845220030349,agree
BAG MITALI,351,0.015151515151515152,Low,0,"ARAMBAG, West Bengal",SN ENTERPRISE,1.0,0,cost_deviation_pct_mean (-3.359); cost_deviation_pct_max (+0.614); num_works (-0.388),90,0.1703758284317728,0.2104702588447979,0.0444444444444444,0.0793077777777777,1.9296,0.8490111111111112,0.6860033933079197,0.8654646687507629,0.8666666666666667,119.0,0.0333333333333333,0.8666666666666667,West Bengal,ARAMBAG,21,0.0,0.7729623233668783,1.6141265287394888,53162451.0,20,0.5240571356747827,0.6766250089779502,0.1,1.0,11309030.0,0.6051793794440853,0.0,0,cost_deviation_pct_mean,-3.3592365,cost_deviation_pct_max,0.61378956,num_works,-0.3880275,0.03459151523808638,0.029538264,0.5,0,0.4377845220030349,agree
Dr Shashi Tharoor,352,0.015151515151515152,Low,0,"THIRUVANANTHAPURAM, Kerala",KSEDC Ltd,1.0,0,cost_deviation_pct_mean (-2.929); cost_deviation_pct_max (+0.466); num_works (-0.255),40,0.168467067473626,0.2210954255656386,0.025,0.1035124999999999,2.167,0.8378249999999999,0.2339180730869151,0.7975732498168945,0.325,4.0,0.05,0.325,Kerala,THIRUVANANTHAPURAM,21,0.0476190476190476,0.937790215900578,4.309068306305499,41754577.0,32,0.4295030311804209,0.654463836816778,0.03125,1.0,5463085.0,0.654463836816778,1.0,0,cost_deviation_pct_mean,-2.9291189,cost_deviation_pct_max,0.46638703,num_works,-0.25515136,0.034542511527736984,0.03704039,0.5,0,0.4377845220030349,agree
CAPTAIN BRIJESH CHOWTA,353,0.015151515151515152,Low,0,"DAKSHINA KANNADA, Karnataka",D K NIRMITHI KENDRA,1.0,0,cost_deviation_pct_mean (-2.101); cost_deviation_pct_max (-0.285); collusion_score_max (-0.264),75,0.1948427970648113,0.2187577584821805,0.0133333333333333,0.108044,2.6821,0.8467066666666667,0.4036796203213901,0.8229682259559631,0.56,72.0,0.0533333333333333,0.56,Karnataka,DAKSHINA KANNADA,22,0.0454545454545454,0.5315988726279745,1.6932274230681723,52228767.0,57,0.4411885199423899,0.6179729584141349,0.0,0.0,6600000.0,0.5870798319327731,0.0,0,cost_deviation_pct_mean,-2.1007957,cost_deviation_pct_max,-0.2853036,collusion_score_max,-0.2636065,0.03427563483516375,0.03580565,0.5,0,0.4377845220030349,agree
UMMEDA RAM BENIWAL,354,0.015151515151515152,Low,0,"BARMER, Rajasthan",Jasnath Computer sale and service,1.0,0,cost_deviation_pct_mean (-2.241); duplicate_score_max (-0.350); cost_deviation_pct_max (-0.332),96,0.1855741333746626,0.2213195319198053,0.03125,0.11365,2.9447,0.8349270833333334,0.7145456943406584,0.8680000119209289,0.875,83.0,0.0416666666666666,0.875,Rajasthan,BARMER,23,0.0434782608695652,0.5433395349579778,2.3621267678968465,66028772.0,62,0.4048512208853764,0.6819004524886878,0.032258064516129,1.0,12641285.0,0.6819004524886878,1.0,0,cost_deviation_pct_mean,-2.241319,duplicate_score_max,-0.3496103,cost_deviation_pct_max,-0.33158886,0.034062476828694344,0.032467864,0.5,0,0.4377845220030349,agree
MURASOLI S,355,0.015151515151515152,Low,0,"THANJAVUR, Tamil Nadu",GM Constructions and Infra P,1.0,0,cost_deviation_pct_mean (-3.017); sor_match_confidence_mean (-0.254); num_works (-0.187),46,0.1079467204119027,0.2108006836436518,0.1304347826086956,0.0913434782608695,2.5095,0.8370217391304348,0.3843129276206607,0.7818291629510769,0.5217391304347826,27.0,0.0434782608695652,0.5217391304347826,Tamil Nadu,THANJAVUR,23,0.0,0.6849243268504506,2.2816761543395425,77333643.0,46,0.4901658656773746,0.6619846656611363,0.0434782608695652,1.0,14701671.0,0.6619846656611363,1.0,0,cost_deviation_pct_mean,-3.0174072,sor_match_confidence_mean,-0.25388592,num_works,-0.18733653,0.03387598879635334,0.02115321,0.5,0,0.4377845220030349,agree
Shri  Dharambir Singh,356,0.015151515151515152,Low,0,"BHIWANI MAHENDRAGARH, Haryana",Bimla Automobiles,0.0,0,cost_deviation_pct_mean (-3.053); num_works (-0.390); sor_match_confidence_mean (-0.242),103,0.1525364402699326,0.2231043372272538,0.0970873786407767,0.096326213592233,2.8278,0.8411262135922329,0.0,0.0,0.0,1.0,0.0388349514563106,0.0,Haryana,BHIWANI MAHENDRAGARH,24,0.0416666666666666,0.7191248328648908,2.397617473094908,66166803.0,60,0.4324604222030693,0.6907509157509157,0.0333333333333333,1.0,22735174.0,0.6907509157509157,1.0,0,cost_deviation_pct_mean,-3.0528016,num_works,-0.39006445,sor_match_confidence_mean,-0.24153167,0.03372870137294134,0.02231874,0.5,0,0.4377845220030349,agree
Dr Sukanta Majumdar ,357,0.015151515151515152,Low,0,"BALURGHAT, West Bengal",BOND CONSTRUCTION,1.0,0,cost_deviation_pct_mean (-2.543); num_works (-0.722); cost_deviation_pct_max (+0.690),33,0.1312008623714786,0.2204754244834162,0.0909090909090909,0.1002666666666666,1.7633,0.8371818181818181,0.4504842598882959,0.7940906398296356,0.6060606060606061,15.0,0.0606060606060606,0.6060606060606061,West Bengal,BALURGHAT,19,0.0526315789473684,0.1088147458827148,1.0805364420553731,26156776.0,9,0.5699135922175138,0.6702389930331107,0.2222222222222222,1.0,9471588.0,0.6702389930331107,1.0,0,cost_deviation_pct_mean,-2.5433524,num_works,-0.72188896,cost_deviation_pct_max,0.690244,0.03362352028489113,0.03326313,0.5,0,0.4377845220030349,agree
Dr Mohammad Jawed,358,0.015151515151515152,Low,0,"KISHANGANJ, Bihar",RANJIT SALES CORPORATION,1.0,0,cost_deviation_pct_mean (-3.503); cost_deviation_pct_max (+0.635); num_works (-0.408),130,0.1710175531190212,0.2112479190507636,0.0153846153846153,0.0605761538461538,1.9423,0.8517153846153847,0.8397145046596853,0.8588474206924438,1.0,183.0,0.023076923076923,1.0,Bihar,KISHANGANJ,21,0.0476190476190476,1.2587414046674803,5.88384751242211,89065400.0,1,0.646328018386842,0.646328018386842,0.0,0.0,136010400.0,0.646328018386842,0.0,0,cost_deviation_pct_mean,-3.5028684,cost_deviation_pct_max,0.6349829,num_works,-0.4082259,0.0333100991944472,0.035395328,0.5,0,0.4377845220030349,agree
Dr. Kalpana Saini (2022-28),359,0.015151515151515152,Low,0,"Sitting Rajya Sabha, Uttarakhand",L D CONSTRUCTION,0.0,0,cost_deviation_pct_mean (-3.663); cost_deviation_pct_max (+0.635); num_works (-0.395),58,0.1786310149861218,0.2195447828656085,0.0,0.0676051724137931,1.8039,0.8630862068965517,0.0,0.0,0.0,1.0,0.0344827586206896,0.0,Uttarakhand,Sitting Rajya Sabha,32,0.03125,0.7538472205465583,3.1505013344719304,66206094.0,74,0.3507444176561823,0.6589285714285714,0.054054054054054,1.0,16457335.0,0.6589285714285714,1.0,0,cost_deviation_pct_mean,-3.6629775,cost_deviation_pct_max,0.63472366,num_works,-0.39534548,0.03294395344952742,0.02607135,0.5,0,0.4377845220030349,agree
AKHILESH YADAV,360,0.015151515151515152,Low,0,"KANNAUJ, Uttar Pradesh",MS BHARTIYA CONSTRUCTION,1.0,0,cost_deviation_pct_mean (-2.759); cost_deviation_pct_max (+0.729); num_works (-0.266),40,0.1686100583470959,0.2043288323876996,0.025,0.0985125,1.5571,0.835675,0.6409312809068946,0.8576122932434082,0.825,101.0,0.05,0.825,Uttar Pradesh,KANNAUJ,18,0.0555555555555555,0.5141259567628557,1.3473770710618906,32453607.0,26,0.495099627622252,0.6540732959850607,0.0769230769230769,1.0,4693058.0,0.6540732959850607,1.0,0,cost_deviation_pct_mean,-2.7588806,cost_deviation_pct_max,0.72937,num_works,-0.26599574,0.032723271598418556,0.037045248,0.5,0,0.4377845220030349,agree
RAKIBUL HUSSAIN,361,0.015151515151515152,Low,0,"DHUBRI, Assam",Bimal Auto Agency,1.0,0,cost_deviation_pct_mean (-3.146); cost_deviation_pct_max (+0.853); num_works (-0.396),25,0.1770260681492204,0.218607167540499,0.04,0.0506919999999999,0.6866,0.862,0.3905712560883554,0.8657349162101745,0.52,13.0,0.04,0.52,Assam,DHUBRI,26,0.0384615384615384,0.684701126460699,3.2254034294085194,48853373.0,86,0.4495653001808952,0.6551775838540544,0.0116279069767441,1.0,4500000.0,0.6551775838540544,1.0,0,cost_deviation_pct_mean,-3.1464295,cost_deviation_pct_max,0.8526787,num_works,-0.396287,0.032615882654984794,0.03736314,0.5,0,0.4377845220030349,agree
Dhairyasheel Sambhajirao Mane,362,0.015151515151515152,Low,0,"HATKANANGLE, Maharashtra",Cosine Green Power,1.0,0,cost_deviation_pct_max (-2.499); cost_deviation_pct_mean (-2.314); num_works (+0.874),4,0.140771780475318,0.1923815718374893,0.0,0.08365,0.1201,0.835,0.3397692823410034,0.6795385646820068,0.5,5.0,0.0,0.5,Maharashtra,HATKANANGLE,14,0.0,1.2686975903354758,5.403637410618074,7519206.0,5,0.6256993823170294,0.6392489046900812,0.0,0.0,3086456.0,0.6392489046900812,0.0,0,cost_deviation_pct_max,-2.499117,cost_deviation_pct_mean,-2.3135102,num_works,0.874157,0.03256572658816973,0.015371374,0.5,0,0.4377845220030349,agree
Shri Rajmohan Unnithan ,363,0.015151515151515152,Low,0,"KASARAGOD, Kerala",Keltron Component complex Ltd Kannur,1.0,0,cost_deviation_pct_mean (-3.635); cost_deviation_pct_max (+0.530); num_works (-0.382),56,0.1960476837078923,0.2218354171596365,0.0,0.0776678571428571,1.3176,0.8331071428571428,0.6055133350363686,0.8625559620857238,0.7678571428571429,49.0,0.0357142857142857,0.7678571428571429,Kerala,KASARAGOD,22,0.0454545454545454,0.7404958871570703,1.7095659751217211,29132579.0,16,0.3598629515908927,0.6848703583997702,0.0625,1.0,15038000.0,0.6848703583997702,1.0,0,cost_deviation_pct_mean,-3.6347916,cost_deviation_pct_max,0.52975935,num_works,-0.38184887,0.032422736287117004,0.028551701,0.5,0,0.4377845220030349,agree
Ramprit Mandal,364,0.015151515151515152,Low,0,"JHANJHARPUR, Bihar",VIGYAN UPKARAN KENDRA,1.0,0,cost_deviation_pct_mean (-3.632); cost_deviation_pct_max (+0.644); num_works (-0.412),91,0.1368721499100666,0.2175652773277414,0.0329670329670329,0.0461428571428571,1.4093,0.8468791208791209,0.6835886580685593,0.8578919042155781,0.8461538461538461,78.0,0.0329670329670329,0.8461538461538461,Bihar,JHANJHARPUR,24,0.0416666666666666,0.893434180081851,3.263169185714941,107510581.0,6,0.5472210251622016,0.6342356173238526,0.0,0.0,40995000.0,0.6181219923866983,0.0,0,cost_deviation_pct_mean,-3.631839,cost_deviation_pct_max,0.64368325,num_works,-0.41201332,0.032386960461735725,0.022750476,0.5,0,0.4377845220030349,agree
Shri R. Dharmar (2022-28),365,0.015151515151515152,Low,0,"Sitting Rajya Sabha, Tamil Nadu",LUCKY ASSOCIATES,0.0,0,cost_deviation_pct_mean (-3.356); num_works (-0.498); anomaly_score_max (+0.489),193,0.1665834119873796,0.2215331381650861,0.0466321243523316,0.0745466321243523,2.9439,0.8554611398963732,0.0,0.0,0.0,1.0,0.0259067357512953,0.0,Tamil Nadu,Sitting Rajya Sabha,37,0.054054054054054,1.0026871668501056,3.833875195732808,207877791.0,13,0.5497466836833352,0.6483381814264166,0.0,0.0,165318461.0,0.6415499533146592,0.0,0,cost_deviation_pct_mean,-3.3555112,num_works,-0.4983386,anomaly_score_max,0.4893687,0.03217932457725207,0.018742515,0.5,0,0.4377845220030349,agree
SHRIMANT CHH UDAYANRAJE PRATAPSINHAMAHARAJ BHONSLE,366,0.015151515151515152,Low,0,"SATARA, Maharashtra",Swapnil Raghunath Thorat,1.0,0,cost_deviation_pct_mean (-2.891); cost_deviation_pct_max (+0.722); num_works (-0.668),16,0.1827560450684189,0.2182807885249919,0.0,0.082,1.3001,0.8618125,0.2994746997199952,0.7139192282013364,0.4375,14.0,0.0625,0.4375,Maharashtra,SATARA,17,0.0588235294117647,-3.092536332313187,2.309226613025211,16135149.0,20,0.5546910687351864,0.6146098182862889,0.0,0.0,1489610.0,0.6146098182862889,0.0,0,cost_deviation_pct_mean,-2.8914464,cost_deviation_pct_max,0.7215501,num_works,-0.6683437,0.03195035271346569,0.032620855,0.5,0,0.4377845220030349,agree
Smt. Seema Dwivedi (2020-26),367,0.015151515151515152,Low,0,"Sitting Rajya Sabha, Uttar Pradesh",JAYA SRI INDUSTRIES,0.0,0,cost_deviation_pct_mean (-2.949); num_works (-0.438); sor_match_confidence_mean (-0.301),210,0.1808521221749601,0.2197474588553185,0.019047619047619,0.0847838095238095,2.7168,0.8587285714285714,0.0,0.0,0.0,1.0,0.0380952380952381,0.0,Uttar Pradesh,Sitting Rajya Sabha,37,0.027027027027027,0.7969896411830772,3.6033796729295178,135441468.4,26,0.4748236868711982,0.6951195862960569,0.0384615384615384,1.0,52945411.0,0.6951195862960569,1.0,0,cost_deviation_pct_mean,-2.9487362,num_works,-0.4380738,sor_match_confidence_mean,-0.30082047,0.03191142901778221,0.024565952,0.5,0,0.4377845220030349,agree
Jyotsna Charandas Mahant ,368,0.015151515151515152,Low,0,"KORBA, Chhattisgarh",CARTEL_CORP_C,1.0,0,cost_deviation_pct_mean (-1.997); duplicate_score_max (-0.364); residual_pct_max (-0.253),136,0.1766636940492842,0.2210000608841562,0.0441176470588235,0.1102610294117647,2.4009,0.8551764705882353,0.6099598642479854,0.8680000119209289,0.8088235294117647,50.0,0.0514705882352941,0.8088235294117647,Chhattisgarh,KORBA,28,0.0,0.508064477982534,1.1535631595999638,75564467.0,19,0.3570276558666651,0.8919826905121022,0.0526315789473684,1.0,54921625.0,0.8919826905121022,1.0,0,cost_deviation_pct_mean,-1.9966829,duplicate_score_max,-0.36356685,residual_pct_max,-0.25315437,0.031628567104538284,0.031312596,0.5,0,0.4377845220030349,agree
Kaushalendra Kumar,369,0.015151515151515152,Low,0,"NALANDA, Bihar",Sheel Sons,1.0,0,cost_deviation_pct_mean (-2.766); num_works (-0.440); sor_match_confidence_mean (-0.342),92,0.1923093522372767,0.2224658507472153,0.0434782608695652,0.0840086956521739,2.3981,0.8352717391304347,0.6208736751878156,0.8056374792680773,0.8478260869565217,60.0,0.0326086956521739,0.8478260869565217,Bihar,NALANDA,15,0.0666666666666666,0.4353585605640357,0.9682167925154318,45509064.0,7,0.6110242815074748,0.6576608848667672,0.4285714285714285,1.0,12598710.0,0.6567235868706457,1.0,0,cost_deviation_pct_mean,-2.7657585,num_works,-0.4401572,sor_match_confidence_mean,-0.34172857,0.03159523755311966,0.03356669,0.5,0,0.4377845220030349,agree
RAJEEV BHARDWAJ,370,0.015151515151515152,Low,0,"KANGRA, Himachal Pradesh",Project Officer Himurja Kangra at Dharamshala,1.0,0,cost_deviation_pct_mean (-2.110); duplicate_score_max (-0.348); num_works (-0.300),208,0.1908018895030041,0.219229855583685,0.0336538461538461,0.1118932692307692,2.7556,0.8528076923076923,0.2824366333377595,0.8680000119209289,0.3798076923076923,49.0,0.048076923076923,0.3798076923076923,Himachal Pradesh,KANGRA,25,0.0,0.5847369759638927,1.0328307056911106,81718389.0,141,0.3406282871395512,0.6491273432449902,0.0,0.0,6069951.0,0.6461322990734756,0.0,0,cost_deviation_pct_mean,-2.1097236,duplicate_score_max,-0.34807426,num_works,-0.29953358,0.03147043536106745,0.024539934,0.5,0,0.4377845220030349,agree
Smt Veena Devi ,371,0.015151515151515152,Low,0,"VAISHALI, Bihar",intent computer solutions,1.0,0,cost_deviation_pct_mean (-3.161); num_works (-0.661); cost_deviation_pct_max (+0.554),30,0.0539708225708206,0.1548862754216221,0.2333333333333333,0.0758633333333333,2.0128,0.8429666666666668,0.6911961662875281,0.8680000119209289,0.8,19.0,0.0333333333333333,0.8,Bihar,VAISHALI,25,0.08,1.3650814198497037,8.1172099244322,131108889.0,5,0.6261215255332903,0.7009013861955039,0.6,1.0,62450000.0,0.7009013861955039,1.0,0,cost_deviation_pct_mean,-3.1606984,num_works,-0.6605374,cost_deviation_pct_max,0.55406874,0.031394438818097115,0.025963832,0.5,0,0.4377845220030349,agree
RAHUL GANDHI,372,0.015151515151515152,Low,0,"RAE BARELI, Uttar Pradesh",SHIV ENTERPRISES,1.0,0,cost_deviation_pct_mean (-2.778); cost_deviation_pct_max (+0.711); num_works (-0.392),74,0.1718670351638793,0.2196319192316788,0.0135135135135135,0.0967743243243243,1.6975,0.8289324324324324,0.7983451291716913,0.8447013311386108,0.9864864864864864,83.0,0.054054054054054,0.9864864864864864,Uttar Pradesh,RAE BARELI,23,0.0434782608695652,0.2078674470162064,1.0,27068171.0,25,0.4628682396035337,0.6243993751346693,0.0,0.0,3141637.0,0.5791235725059255,0.0,0,cost_deviation_pct_mean,-2.7775369,cost_deviation_pct_max,0.7105171,num_works,-0.39245623,0.031370810543497406,0.033788316,0.5,0,0.4377845220030349,agree
LALJI VERMA,373,0.015151515151515152,Low,0,"AMBEDKAR NAGAR, Uttar Pradesh",MS SAKET TRADERS,1.0,0,cost_deviation_pct_mean (-3.731); cost_deviation_pct_max (+0.573); num_works (-0.381),61,0.1870966516356828,0.2128820731823588,0.0,0.052539344262295,1.5158,0.8449344262295081,0.3884201728377752,0.7817811509758258,0.5573770491803278,38.0,0.0163934426229508,0.5573770491803278,Uttar Pradesh,AMBEDKAR NAGAR,23,0.0,0.59967966331879,2.11703359081666,86165424.0,38,0.4467052104242506,0.681679594914889,0.0789473684210526,1.0,15934476.0,0.6589896214896215,1.0,0,cost_deviation_pct_mean,-3.7312722,cost_deviation_pct_max,0.57343906,num_works,-0.38061836,0.0310518741607666,0.02277593,0.5,0,0.4377845220030349,agree
Thirumaa Valavan Thol,374,0.015151515151515152,Low,0,"CHIDAMBARAM, Tamil Nadu",RAJAGOPALREDDY VEMANNA,1.0,0,cost_deviation_pct_mean (-3.507); cost_deviation_pct_max (+0.823); sor_match_confidence_mean (-0.233),45,0.1618828920033579,0.2025504608801915,0.0666666666666666,0.0541822222222222,0.9004,0.8537333333333333,0.6097982889709311,0.856056194782257,0.7777777777777778,24.0,0.0222222222222222,0.7777777777777778,Tamil Nadu,CHIDAMBARAM,19,0.0526315789473684,0.626028150473998,1.8644398363104409,69998691.0,34,0.5124939002750422,0.6408433886375062,0.0,0.0,6775000.0,0.6125008977950155,0.0,0,cost_deviation_pct_mean,-3.5066528,cost_deviation_pct_max,0.82317656,sor_match_confidence_mean,-0.23325223,0.030913254866997402,0.035190854,0.5,0,0.4377845220030349,agree
BAJRANG MANOHAR SONWANE,375,0.015151515151515152,Low,0,"BEED, Maharashtra",Hosabai Mahila Majoor Sahakari Sanstha Limited Sarni Aa,1.0,0,cost_deviation_pct_mean (-2.982); cost_deviation_pct_max (+0.872); num_works (-0.685),20,0.1757843075576517,0.202218287681093,0.0,0.0435449999999999,0.5972,0.86385,0.7711826922969408,0.8656375700852402,0.95,91.0,0.05,0.95,Maharashtra,BEED,19,0.0526315789473684,0.556869490896844,1.514591996736144,37977152.0,19,0.5596721347108344,0.6466808518279106,0.0,0.0,6883089.0,0.6448260073260073,0.0,0,cost_deviation_pct_mean,-2.9824588,cost_deviation_pct_max,0.8715685,num_works,-0.6853507,0.030530857232709725,0.030193903,0.5,0,0.4377845220030349,agree
ARUNA. D. K,376,0.015151515151515152,Low,0,"MAHABUBNAGAR, Telangana",VIOLET ENTERPRISES,1.0,0,cost_deviation_pct_mean (-2.088); duplicate_score_max (-0.386); num_works (-0.254),127,0.1859360852159319,0.2176088472144776,0.0314960629921259,0.1093047244094488,2.5936,0.8416299212598425,0.7342070618666582,0.8680000119209289,0.9212598425196852,226.0,0.0393700787401574,0.9212598425196852,Telangana,MAHABUBNAGAR,21,0.0476190476190476,0.53196987447052,1.455238169212988,44232038.0,20,0.5045282984988868,0.6228156647274294,0.0,0.0,26906595.0,0.6194668893198305,0.0,0,cost_deviation_pct_mean,-2.088359,duplicate_score_max,-0.38562837,num_works,-0.25403243,0.029968618725736935,0.028811086,0.5,0,0.4377845220030349,agree
DAROGA PRASAD SAROJ,377,0.015151515151515152,Low,0,"LALGANJ, Uttar Pradesh",VARDHAN ASSOCIATES,1.0,0,cost_deviation_pct_mean (-3.579); cost_deviation_pct_max (+0.606); num_works (-0.403),58,0.1857008620678097,0.2135235711382823,0.0172413793103448,0.0445758620689655,1.6311,0.850793103448276,0.6853811160177536,0.8680000119209289,0.8596491228070176,162.0,0.0172413793103448,0.8596491228070176,Uttar Pradesh,LALGANJ,22,0.0454545454545454,0.5500055847365669,3.7464726899486207,82499872.0,12,0.5392810756781344,0.6649527759821877,0.0833333333333333,1.0,25934478.0,0.6649527759821877,1.0,0,cost_deviation_pct_mean,-3.5789933,cost_deviation_pct_max,0.6061671,num_works,-0.40323627,0.02990506651500861,0.024515936,0.5,0,0.4377845220030349,agree
GOPINATH K,378,0.015151515151515152,Low,0,"KRISHNAGIRI, Tamil Nadu",Sri Vaari Total Gaz Distributors,1.0,0,cost_deviation_pct_mean (-2.537); cost_deviation_pct_max (+0.725); num_works (-0.698),36,0.1744450537346381,0.2180354176740634,0.0277777777777777,0.0943472222222222,1.5323,0.8518333333333333,0.4554670109638333,0.838137804614173,0.5833333333333334,26.0,0.0555555555555555,0.5833333333333334,Tamil Nadu,KRISHNAGIRI,15,0.0,0.4294047125614644,1.0,42753233.0,15,0.5511993942876295,0.6656710119945415,0.0666666666666666,1.0,16636426.0,0.6656710119945415,1.0,0,cost_deviation_pct_mean,-2.5371823,cost_deviation_pct_max,0.7245861,num_works,-0.69787574,0.02977158750096957,0.034676638,0.5,0,0.4377845220030349,agree
Shri Pramod Tiwari (2022-28),379,0.015151515151515152,Low,0,"Sitting Rajya Sabha, Rajasthan",HUKAM SINGH CONSTRUCTION COMPANY,0.0,0,cost_deviation_pct_mean (-3.669); cost_deviation_pct_max (+0.737); num_works (-0.383),65,0.1687482020284263,0.2205933212779733,0.0,0.0464861538461538,1.0649,0.8391076923076923,0.0,0.0,0.0,1.0,0.0307692307692307,0.0,Rajasthan,Sitting Rajya Sabha,36,0.0,0.6221326846080333,2.119645180107956,101024659.0,91,0.3805877281879221,0.675806219923867,0.0109890109890109,1.0,7946496.0,0.675806219923867,1.0,0,cost_deviation_pct_mean,-3.669475,cost_deviation_pct_max,0.7373143,num_works,-0.38273636,0.029589083045721054,0.0342089,0.5,0,0.4377845220030349,agree
VIJAYLAKSHMI DEVI,380,0.015151515151515152,Low,0,"SIWAN, Bihar",Alam Brothers,1.0,0,cost_deviation_pct_mean (-2.818); num_works (-0.396); sor_match_confidence_mean (-0.277),95,0.164696333771413,0.2141316418205328,0.0105263157894736,0.0872463157894736,2.6622,0.8468210526315789,0.8347406157292288,0.8680000119209289,0.9789473684210528,100.0,0.0421052631578947,0.9789473684210528,Bihar,SIWAN,21,0.0,1.1718603011477715,3.267303110397368,134748616.0,9,0.5101240353691334,0.673923543776485,0.1111111111111111,1.0,113404000.0,0.673923543776485,1.0,0,cost_deviation_pct_mean,-2.8176475,num_works,-0.39579532,sor_match_confidence_mean,-0.27693444,0.029507027938961983,0.022416113,0.5,0,0.4377845220030349,agree
BALABHADRA MAJHI,381,0.015151515151515152,Low,0,"NABARANGPUR, Odisha",PRDEEPTA KUMAR PANDA,1.0,0,cost_deviation_pct_mean (-2.903); cost_deviation_pct_max (+0.834); num_works (-0.730),20,0.1899850558517664,0.2056238841812891,0.0,0.074275,0.9378,0.8582000000000001,0.5077712301950666,0.7732574455738067,0.7,48.0,0.05,0.7,Odisha,NABARANGPUR,11,0.0,0.3669820844487371,0.6524246406646989,15470212.0,55,0.4287979830626889,0.6917052718523307,0.0363636363636363,1.0,2500000.0,0.6605230553759965,1.0,0,cost_deviation_pct_mean,-2.903348,cost_deviation_pct_max,0.8342459,num_works,-0.7300309,0.028874630108475685,0.03002908,0.5,0,0.4377845220030349,agree
HARENDRA SINGH MALIK,382,0.015151515151515152,Low,0,"MUZAFFARNAGAR, Uttar Pradesh",KHURSHEED ALAM CONTRACTOR,1.0,0,cost_deviation_pct_mean (-3.465); cost_deviation_pct_max (+0.734); num_works (-0.721),32,0.1865392198989924,0.2147541385447243,0.0,0.070203125,1.0681,0.83084375,0.265084418349084,0.7842891873067702,0.375,4.0,0.03125,0.375,Uttar Pradesh,MUZAFFARNAGAR,25,0.0,0.6198299220396092,1.9005732133648463,45924912.0,12,0.5141971318441907,0.6668794440853265,0.25,1.0,12469271.0,0.6668794440853265,1.0,0,cost_deviation_pct_mean,-3.4654212,cost_deviation_pct_max,0.7343543,num_works,-0.72091883,0.028840590889255207,0.026635226,0.5,0,0.4377845220030349,agree
Shri Javed Ali Khan (2022-28),383,0.015151515151515152,Low,0,"Sitting Rajya Sabha, Uttar Pradesh",HIDAYA QIRAT ENTERPRISES,1.0,0,cost_deviation_pct_mean (-2.094); anomaly_flag_rate (-0.330); duplicate_score_max (-0.325),125,0.1725822017060944,0.2099508028194355,0.048,0.1050591999999999,2.788,0.858208,0.5484122524150212,0.8680000119209289,0.66,58.0,0.048,0.66,Uttar Pradesh,Sitting Rajya Sabha,42,0.0476190476190476,-0.1968008467316844,22.811309251096617,162685314.28,22,0.4465420200714318,0.6926452632334985,0.0909090909090909,1.0,219566595.0,0.6902391725921138,1.0,0,cost_deviation_pct_mean,-2.0935276,anomaly_flag_rate,-0.33033064,duplicate_score_max,-0.32543358,0.028769242266813915,0.019404154,0.5,0,0.4377845220030349,agree
RAJPALSINH MAHENDRASINH JADAV,384,0.015151515151515152,Low,0,"PANCHMAHAL, Gujarat",SONIPUR GRAM PANCHAYAT New,1.0,0,cost_deviation_pct_mean (-2.109); cost_deviation_pct_max (-0.366); collusion_score_max (-0.273),91,0.1916732899448816,0.2205693067571215,0.0219780219780219,0.1062857142857142,2.8586,0.8465934065934066,0.5512335148496411,0.838584225654602,0.7472527472527473,67.0,0.0439560439560439,0.7472527472527473,Gujarat,PANCHMAHAL,17,0.0588235294117647,0.492609046244829,1.6205330383266037,26559049.0,99,0.3896851695871304,0.5689084608202255,0.0,0.0,1718131.0,0.5599619334913453,0.0,0,cost_deviation_pct_mean,-2.1090822,cost_deviation_pct_max,-0.36588702,collusion_score_max,-0.27343285,0.028609628478686016,0.023166323,0.5,0,0.4377845220030349,agree
Smt. Darshana Singh (2022-28),385,0.015151515151515152,Low,0,"Sitting Rajya Sabha, Uttar Pradesh",SANSKRITI AGROSCIENCE PRIVATE LIMITED,0.0,0,cost_deviation_pct_mean (-3.345); num_works (-0.689); cost_deviation_pct_max (+0.685),31,0.0989000078630629,0.2083790919317144,0.3548387096774194,0.0667290322580645,1.1927,0.8379354838709677,0.0,0.0,0.0,1.0,0.032258064516129,0.0,Uttar Pradesh,Sitting Rajya Sabha,39,0.0,0.1192589829462734,1.8739140370036065,174994106.0,10,0.4574133627810098,0.646224771960066,0.0,0.0,19530959.0,0.646224771960066,0.0,0,cost_deviation_pct_mean,-3.3445735,num_works,-0.6885778,cost_deviation_pct_max,0.6845637,0.02835278833905856,0.020990677,0.5,0,0.4377845220030349,agree
NAVEEN JINDAL,386,0.015151515151515152,Low,0,"KURUKSHETRA, Haryana",Shri Bhagwat Bhakti Ashram Rampura Rewari,1.0,0,cost_deviation_pct_mean (-2.072); cost_deviation_pct_max (+0.515); duplicate_score_max (-0.387),118,0.185942221048709,0.2200419362561317,0.0254237288135593,0.1094898305084745,2.3214,0.8347966101694916,0.1781731828892346,0.8679999523162841,0.2457627118644068,6.0,0.059322033898305,0.2457627118644068,Haryana,KURUKSHETRA,22,0.0,0.4299860481025761,1.1640576122002575,61262363.0,106,0.4111437874617675,0.6271017381311499,0.0,0.0,3300000.0,0.5799872513107808,0.0,0,cost_deviation_pct_mean,-2.0720365,cost_deviation_pct_max,0.51510745,duplicate_score_max,-0.38705269,0.028338030601541202,0.03601612,0.5,0,0.4377845220030349,agree
JAGADISH CHANDRA BARMA BASUNIA,387,0.015151515151515152,Low,0,"COOCHBEHAR, West Bengal",PABAN AGARWALA,1.0,0,cost_deviation_pct_max (-2.483); cost_deviation_pct_mean (-2.253); num_works (+0.881),1,-0.0083928918497324,-0.0083928918497324,1.0,0.1017,0.1017,0.721,0.7680000119209289,0.7680000119209289,1.0,3.0,0.0,1.0,West Bengal,COOCHBEHAR,5,0.0,0.0,0.0,36689865.0,3,0.6010992003639063,0.670637614019967,0.3333333333333333,1.0,19472363.0,0.670637614019967,1.0,0,cost_deviation_pct_max,-2.4828665,cost_deviation_pct_mean,-2.252505,num_works,0.88070893,0.02824253464738528,0.01328824,0.5,0,0.4377845220030349,agree
C.M.RAMESH,388,0.015151515151515152,Low,0,"ANAKAPALLE, Andhra Pradesh",GRAMONNATI,1.0,0,cost_deviation_pct_mean (-2.901); cost_deviation_pct_max (+0.891); num_works (-0.697),20,0.0767994600918261,0.2092522464379818,0.3,0.064775,0.7015,0.8605,0.6003696205316703,0.8358199410438537,0.75,65.0,0.05,0.75,Andhra Pradesh,ANAKAPALLE,14,0.0,0.3213541967766457,0.6773359828088126,36002667.0,10,0.5610687351863822,0.6654537456008044,0.2,1.0,10301118.0,0.6654537456008044,1.0,0,cost_deviation_pct_mean,-2.9006402,cost_deviation_pct_max,0.89131564,num_works,-0.6966399,0.027855440974235535,0.0252526,0.5,0,0.4377845220030349,agree
Shri Baburam Nishad (2022-28),389,0.015151515151515152,Low,0,"Sitting Rajya Sabha, Uttar Pradesh",JAI SHREE SHYAM CONTRACTOR,0.0,0,cost_deviation_pct_mean (-2.846); num_works (-0.482); cost_deviation_pct_max (-0.441),436,0.183431760334052,0.2180951981824589,0.0252293577981651,0.0961123853211009,2.8835,0.8521720183486239,0.0,0.0,0.0,1.0,0.0481651376146789,0.0,Uttar Pradesh,Sitting Rajya Sabha,34,0.0588235294117647,1.063304375004973,5.84167918095264,136082109.32,14,0.5115851468792646,0.6376256913021618,0.0,0.0,30808448.0,0.6207345758816347,0.0,0,cost_deviation_pct_mean,-2.8459413,num_works,-0.482278,cost_deviation_pct_max,-0.4414283,0.027141720056533813,0.015666751,0.5,0,0.4377845220030349,agree
Shri Ramji (2020-26),390,0.015151515151515152,Low,0,"Sitting Rajya Sabha, Uttar Pradesh",SHRI SAI ELECTRICAL SUPPLIERS CONTRACTOR,0.0,0,cost_deviation_pct_mean (-2.774); num_works (-0.411); sor_match_confidence_mean (-0.369),154,0.1804375995316659,0.2191718473354538,0.0519480519480519,0.0867370129870129,2.865,0.8577857142857143,0.0,0.0,0.0,1.0,0.0389610389610389,0.0,Uttar Pradesh,Sitting Rajya Sabha,39,0.0,0.7514835796802318,2.460197713183092,141923083.0,5,0.5766812109459168,0.6965847877612584,0.4,1.0,71093720.0,0.6963010845363787,1.0,0,cost_deviation_pct_mean,-2.774388,num_works,-0.41061714,sor_match_confidence_mean,-0.36900485,0.027017435679833095,0.029961156,0.5,0,0.4377845220030349,agree
Ganesan Selvam,391,0.015151515151515152,Low,0,"KANCHEEPURAM, Tamil Nadu",T PRABHAKARAN,1.0,0,cost_deviation_pct_mean (-3.004); num_works (-0.437); cost_deviation_pct_max (-0.384),273,0.1762603444244088,0.2174633831529301,0.0256410256410256,0.0928747252747252,2.948,0.8518571428571429,0.745186415761227,0.8600193076133728,0.9267399267399268,59.0,0.0402930402930402,0.9267399267399268,Tamil Nadu,KANCHEEPURAM,25,0.04,0.6745533421139078,2.978529173460031,111117216.0,40,0.4713015109890109,0.6778801264095382,0.05,1.0,20860367.0,0.6778801264095382,1.0,0,cost_deviation_pct_mean,-3.003856,num_works,-0.4365657,cost_deviation_pct_max,-0.3836268,0.026973873376846313,0.020803295,0.5,0,0.4377845220030349,agree
Ajay Kumar Mandal,392,0.015151515151515152,Low,0,"BHAGALPUR, Bihar",SHIV DURGA INDUSTRIES,1.0,0,cost_deviation_pct_mean (-3.511); cost_deviation_pct_max (+0.510); num_works (-0.386),57,0.1539503414008426,0.1996230411891186,0.0175438596491228,0.0703508771929824,2.2064,0.8573157894736841,0.6825327986811266,0.8527064733505249,0.8421052631578947,29.0,0.0175438596491228,0.8421052631578947,Bihar,BHAGALPUR,21,0.0476190476190476,1.180398054437629,4.8339588920493535,75252620.0,7,0.6010218189840039,0.6458432090785032,0.0,0.0,102772259.0,0.6458432090785032,0.0,0,cost_deviation_pct_mean,-3.5110602,cost_deviation_pct_max,0.5097888,num_works,-0.38616833,0.026750362788637478,0.022949079,0.5,0,0.4377845220030349,agree
Jaswantsinh Sumanbhai Bhabhor,393,0.015151515151515152,Low,0,"DAHOD, Gujarat",Gram Panchayat Gamdi Purv,1.0,0,cost_deviation_pct_mean (-3.590); cost_deviation_pct_max (+0.700); num_works (-0.397),75,0.2091876548499624,0.2226187472094396,0.0,0.05796,0.9172,0.8405333333333334,0.5965930901401968,0.825843389124518,0.8,175.0,0.0133333333333333,0.8,Gujarat,DAHOD,21,0.0,1.0384343192885777,3.3356653993211784,26676501.0,55,0.4445723067781891,0.617924477483301,0.0,0.0,2055900.0,0.617924477483301,0.0,0,cost_deviation_pct_mean,-3.5903642,cost_deviation_pct_max,0.6998251,num_works,-0.39698383,0.026312484095493954,0.020299857,0.5,0,0.4377845220030349,agree
Pratap Chandra Sarangi,394,0.015151515151515152,Low,0,"BALASORE, Odisha",Ms Durga Traders,1.0,0,cost_deviation_pct_max (-2.825); cost_deviation_pct_mean (-2.801); num_works (+0.855),10,0.1891614127611449,0.2011563206344665,0.0,0.02692,0.1158,0.8672000000000001,0.638156257282363,0.8416183404922485,0.8,7.0,0.0,0.8,Odisha,BALASORE,9,0.0,1.4571463964339948,3.268901398982702,2525000.0,3,0.6226780028250617,0.657369999281764,0.3333333333333333,1.0,1025000.0,0.657369999281764,1.0,0,cost_deviation_pct_max,-2.825495,cost_deviation_pct_mean,-2.800819,num_works,0.8548119,0.026240868493914604,0.018961588,0.5,0,0.4377845220030349,agree
Shri Gulam Ali (2022-28),395,0.015151515151515152,Low,0,"Nominated Rajya Sabha, Jammu And Kashmir",RMK ENTERPRISES,0.0,0,cost_deviation_pct_mean (-3.416); cost_deviation_pct_max (+0.485); num_works (-0.434),156,0.1745127572722459,0.2190792880909696,0.0512820512820512,0.0563057692307692,2.1727,0.8488589743589744,0.0,0.0,0.0,1.0,0.0192307692307692,0.0,Jammu And Kashmir,Nominated Rajya Sabha,37,0.081081081081081,0.9216665901956717,4.821744378925208,134148715.0,13,0.4943357421864209,0.6982744379803204,0.0769230769230769,1.0,124170590.0,0.6982744379803204,1.0,0,cost_deviation_pct_mean,-3.4157329,cost_deviation_pct_max,0.4852117,num_works,-0.43386012,0.026160787791013718,0.019794099,0.5,0,0.4377845220030349,agree
CHAMALA KIRAN KUMAR REDDY,396,0.015151515151515152,Low,0,"BHONGIR, Telangana",DORNALA ANJAIAH,1.0,0,cost_deviation_pct_mean (-2.198); anomaly_score_max (+0.357); num_works (-0.320),417,0.1795537722537252,0.2234970161643136,0.0287769784172661,0.1062752997601918,2.8135,0.8425227817745803,0.7148801816139123,0.8585101180076599,0.9184652278177458,162.0,0.0503597122302158,0.9184652278177458,Telangana,BHONGIR,23,0.0,-0.1596850695131279,4.6683460334109546,62689273.0,31,0.5090451399749312,0.6550698484522014,0.032258064516129,1.0,22255420.0,0.6360123536594124,0.0,0,cost_deviation_pct_mean,-2.1983094,anomaly_score_max,0.3569438,num_works,-0.3199125,0.026143983006477356,0.0680122,0.5,0,0.4377845220030349,agree
Rodmal Nagar ,397,0.015151515151515152,Low,0,"RAJGARH, Madhya Pradesh",MP Agro Biaora,1.0,0,cost_deviation_pct_mean (-3.450); cost_deviation_pct_max (+0.622); num_works (-0.402),54,0.1398225899323317,0.2197137596892413,0.037037037037037,0.0538203703703703,1.2275,0.8591481481481481,0.7962461776005763,0.8680000119209289,0.925925925925926,83.0,0.0185185185185185,0.925925925925926,Madhya Pradesh,RAJGARH,25,0.0,0.915881556687478,2.100763672271881,92107905.0,11,0.3972637656461186,0.6670284780578899,0.0909090909090909,1.0,60741182.0,0.6254928894634777,0.0,0,cost_deviation_pct_mean,-3.4500256,cost_deviation_pct_max,0.621668,num_works,-0.40150344,0.026092668995261192,0.017362138,0.5,0,0.4377845220030349,agree
Dr. Dharmshila Gupta (2024-30),398,0.015151515151515152,Low,0,"Sitting Rajya Sabha, Bihar",VIVEK KUMAR SINGH,0.0,0,cost_deviation_pct_mean (-2.876); num_works (-0.394); cost_deviation_pct_max (-0.286),87,0.149358515583152,0.2187949784090171,0.0229885057471264,0.094919540229885,2.752,0.8367586206896552,0.0,0.0,0.0,1.0,0.0344827586206896,0.0,Bihar,Sitting Rajya Sabha,26,0.0384615384615384,0.5931145053158288,1.6021610562481643,136714265.0,14,0.5274110285139697,0.648714357537887,0.0,0.0,9845940.0,0.6370717517776341,0.0,0,cost_deviation_pct_mean,-2.8755908,num_works,-0.39418647,cost_deviation_pct_max,-0.28604862,0.025878164917230606,0.019914953,0.5,0,0.4377845220030349,agree
Smt. Sumitra Balmik (2022-28),399,0.015151515151515152,Low,0,"Sitting Rajya Sabha, Madhya Pradesh",MS MANMOHAN SINGH KSHATRI,0.0,0,cost_deviation_pct_mean (-3.667); cost_deviation_pct_max (+0.614); num_works (-0.409),62,0.1466294717936425,0.2155339139090954,0.032258064516129,0.0620112903225806,2.018,0.8420161290322581,0.0,0.0,0.0,1.0,0.032258064516129,0.0,Madhya Pradesh,Sitting Rajya Sabha,34,0.0,0.6707273335232606,1.980273379821255,163767349.0,107,0.3951420815150887,0.6430780004309417,0.0,0.0,14920095.0,0.6153926955397544,0.0,0,cost_deviation_pct_mean,-3.6673443,cost_deviation_pct_max,0.61388934,num_works,-0.40949506,0.02584090083837509,0.023031872,0.5,0,0.4377845220030349,agree
Kinjarapu Ram Mohan Naidu,400,0.015151515151515152,Low,0,"SRIKAKULAM, Andhra Pradesh",sudiksa infra projects,1.0,0,cost_deviation_pct_mean (-3.584); cost_deviation_pct_max (+0.782); num_works (-0.397),60,0.1918109941403294,0.2192070977882162,0.0,0.039865,0.9561,0.8445,0.2616815006271514,0.7898783966455871,0.3666666666666666,32.0,0.0166666666666666,0.3666666666666666,Andhra Pradesh,SRIKAKULAM,22,0.0,0.584145142493229,1.215026410288807,55172810.0,31,0.4830836594356518,0.6574364361129067,0.032258064516129,1.0,12312857.0,0.6574364361129067,1.0,0,cost_deviation_pct_mean,-3.5844407,cost_deviation_pct_max,0.78179646,num_works,-0.39717007,0.025743371496597927,0.022630947,0.5,0,0.4377845220030349,agree
MALVIKA DEVI,401,0.015151515151515152,Low,0,"KALAHANDI, Odisha",ANOUSHKA NIRMAN PVT LTD,1.0,0,cost_deviation_pct_mean (-3.534); cost_deviation_pct_max (+0.605); num_works (-0.427),96,0.1947507358299577,0.2213204451678528,0.0,0.0548458333333333,1.8212,0.86428125,0.5798277406706301,0.8680000119209289,0.7395833333333334,26.0,0.0208333333333333,0.7395833333333334,Odisha,KALAHANDI,25,0.12,0.9109836022594764,2.4603085119209296,51104998.0,33,0.4972497273967862,0.6538614163614164,0.0303030303030303,1.0,15498500.0,0.6155489118724413,0.0,0,cost_deviation_pct_mean,-3.534262,cost_deviation_pct_max,0.6048279,num_works,-0.42744172,0.0255600493401289,0.015513054,0.5,0,0.4377845220030349,agree
Smt. Nirmala Sitharaman (2022-28),402,0.015151515151515152,Low,0,"Sitting Rajya Sabha, Karnataka",VIJAYANAGARA NIRMITHI KENDRA,0.0,0,cost_deviation_pct_max (-2.883); cost_deviation_pct_mean (-2.704); num_works (+0.832),7,-0.0025022462159759,0.0186809555530493,0.2857142857142857,0.0047,0.082,0.9127142857142856,0.0,0.0,0.0,1.0,0.0,0.0,Karnataka,Sitting Rajya Sabha,16,0.125,1.4119124960088596,4.078152920286545,91394660.0,3,0.6359713543537073,0.6704167564461683,0.3333333333333333,1.0,35475000.0,0.6258125044889751,0.0,0,cost_deviation_pct_max,-2.8825543,cost_deviation_pct_mean,-2.704084,num_works,0.83240515,0.02553265355527401,0.016754583,0.5,0,0.4377845220030349,agree
Gajendra Singh Patel,403,0.015151515151515152,Low,0,"KHARGONE, Madhya Pradesh",MP STATE  AGRO  IND DEV CO LTD BARWANI,1.0,0,cost_deviation_pct_mean (-3.474); cost_deviation_pct_max (+0.618); num_works (-0.436),104,0.0085793017451286,0.2120428748866787,0.2307692307692307,0.067814423076923,1.8457,0.8563557692307692,0.7571185553681414,0.8680000119209289,0.9423076923076924,128.0,0.0288461538461538,0.9423076923076924,Madhya Pradesh,KHARGONE,27,0.037037037037037,0.5929113546356798,2.2231887136141992,68143099.0,21,0.5235122254029816,0.6665813761401997,0.0476190476190476,1.0,16574964.0,0.6665813761401997,1.0,0,cost_deviation_pct_mean,-3.4735103,cost_deviation_pct_max,0.61781204,num_works,-0.43637866,0.025469721605380375,0.021231804,0.5,0,0.4377845220030349,agree
ADHIKARI SOUMENDU,404,0.015151515151515152,Low,0,"KANTHI, West Bengal",GLOSIA ENERGY INDIA PRIVATE LIMITED,1.0,1,cost_deviation_pct_mean (-2.349); cost_deviation_pct_max (+1.045); sor_match_confidence_mean (+0.941),29,0.1323458443248308,0.222520968518177,0.0,0.0439275862068965,0.8125,0.8653448275862069,0.5295494591259199,0.8680000119209289,0.6896551724137931,39.0,0.0689655172413793,0.6896551724137931,West Bengal,KANTHI,15,0.0,1.0259300225908858,3.2001724079043723,38304241.0,2,0.6353417007828772,0.6477420455361631,0.0,0.0,35938221.0,0.6229413560295913,0.0,1,cost_deviation_pct_mean,-2.3485558,cost_deviation_pct_max,1.0446895,sor_match_confidence_mean,0.94078255,0.025204386562108994,0.65993875,0.5,0,0.4377845220030349,false_negative
SAVITRI THAKUR,405,0.0,Low,0,"DHAR, Madhya Pradesh",SHADOW_CORP_MONOPOLY,1.0,0,cost_deviation_pct_mean (-2.915); num_works (-0.469); collusion_score_mean (-0.310),179,0.1049519792954659,0.2218580082461208,0.0782122905027933,0.1025027932960893,2.637,0.8547206703910615,0.5961119247675755,0.8680000119209289,0.7134831460674157,158.0,0.0502793296089385,0.7134831460674157,Madhya Pradesh,DHAR,24,0.0416666666666666,0.6893567995323897,2.310066757439232,80699431.0,12,0.3623340575546458,0.7721979817568053,0.0833333333333333,1.0,171866300.0,0.7721979817568053,1.0,0,cost_deviation_pct_mean,-2.9146926,num_works,-0.46948016,collusion_score_mean,-0.30958337,0.0249220859259367,0.019555483,0.5,0,0.19423368740515934,agree
Shri Masthan Rao Yadav Beedha (2024-28),406,0.0,Low,0,"Sitting Rajya Sabha, Andhra Pradesh",Chejarla Suresh Reddy,0.0,0,cost_deviation_pct_mean (-3.517); cost_deviation_pct_max (+0.607); anomaly_score_max (+0.370),40,0.1562604767846343,0.2217389192838367,0.1,0.0528499999999999,1.2548,0.8494249999999999,0.0,0.0,0.0,1.0,0.025,0.0,Andhra Pradesh,Sitting Rajya Sabha,14,0.0714285714285714,0.4053658612302815,1.5855414867284203,35512349.0,22,0.5486068261803556,0.6468244990303814,0.0,0.0,4972404.0,0.6468244990303814,0.0,0,cost_deviation_pct_mean,-3.5174866,cost_deviation_pct_max,0.6068706,anomaly_score_max,0.37034252,0.024770139406124752,0.029993026,0.5,0,0.19423368740515934,agree
JYOTIRADITYA M. SCINDIA,407,0.0,Low,0,"GUNA, Madhya Pradesh",cmo shivpuri,1.0,0,cost_deviation_pct_mean (-3.618); cost_deviation_pct_max (+0.616); sor_match_confidence_mean (-0.284),46,0.1664084784796295,0.2103787999563703,0.0217391304347826,0.069995652173913,1.2711,0.8407391304347825,0.6152568242468563,0.8678200067007776,0.7407407407407407,20.0,0.0434782608695652,0.7407407407407407,Madhya Pradesh,GUNA,23,0.0434782608695652,0.6727898660031786,8.950216127886918,55870850.0,49,0.5474437577228694,0.6460272570566687,0.0,0.0,5850000.0,0.6460272570566687,0.0,0,cost_deviation_pct_mean,-3.6180317,cost_deviation_pct_max,0.61638814,sor_match_confidence_mean,-0.2837531,0.024664522459109623,0.020123733,0.5,0,0.19423368740515934,agree
RAJESH VERMA,408,0.0,Low,0,"KHAGARIA, Bihar",ASSISTANT ENGINEER KHAGARIA,1.0,0,cost_deviation_pct_mean (-3.559); cost_deviation_pct_max (+0.629); num_works (-0.419),67,0.1552676991283763,0.2206179641319106,0.0149253731343283,0.0604865671641791,1.3233,0.8497164179104477,0.4196193602887576,0.8680000119209289,0.5223880597014925,25.0,0.0298507462686567,0.5223880597014925,Bihar,KHAGARIA,20,0.05,0.6275490421231762,2.2627529151654224,74186362.0,16,0.5774324072577749,0.6599861739567622,0.0625,1.0,11776793.0,0.6599861739567622,1.0,0,cost_deviation_pct_mean,-3.5591812,cost_deviation_pct_max,0.6287435,num_works,-0.41896784,0.024527159209052723,0.020276329,0.5,0,0.19423368740515934,agree
Dr. John Brittas (2021-27),409,0.0,Low,0,"Sitting Rajya Sabha, Kerala",SREE GOKULAM HEALTHCARE PVT LTD,0.0,0,cost_deviation_pct_mean (-3.469); num_works (-0.709); cost_deviation_pct_max (+0.622),36,0.1398356419842019,0.2179354360808262,0.0277777777777777,0.0646611111111111,1.8545,0.8445833333333334,0.0,0.0,0.0,1.0,0.0277777777777777,0.0,Kerala,Sitting Rajya Sabha,33,0.0303030303030303,0.8351231386945253,3.751900306073641,57506835.0,35,0.4734703881552621,0.6274527759821877,0.0,0.0,7651070.0,0.5964599942541119,0.0,0,cost_deviation_pct_mean,-3.4689143,num_works,-0.70878744,cost_deviation_pct_max,0.6222159,0.024492249513665836,0.01963636,0.5,0,0.19423368740515934,agree
Rahul Kaswan,410,0.0,Low,0,"CHURU, Rajasthan",SHRI HANUMAN CONSTRUCTION COMPANY,1.0,0,cost_deviation_pct_mean (-2.586); cost_deviation_pct_max (+0.605); num_works (-0.547),37,0.1644474436304816,0.2215700879744862,0.054054054054054,0.0955486486486486,1.5661,0.842972972972973,0.3109555831117702,0.8638740059703922,0.4054054054054054,11.0,0.054054054054054,0.4054054054054054,Rajasthan,CHURU,18,0.0,0.4116063414762965,0.983696479822062,58894909.0,320,0.2278164418812396,0.6253968253968254,0.0,0.0,3118266.0,0.6253968253968254,0.0,0,cost_deviation_pct_mean,-2.5858686,cost_deviation_pct_max,0.6048494,num_works,-0.54664975,0.02385958470404148,0.013869464,0.5,0,0.19423368740515934,agree
Vishnu Dutt Sharma,411,0.0,Low,0,"KHAJURAHO, Madhya Pradesh",GRAM PANCHAYAT SINGHORA,0.0,0,cost_deviation_pct_max (-2.666); cost_deviation_pct_mean (-2.250); num_works (+0.860),3,0.1383108493568692,0.2025766801598141,0.0,0.0894,0.1391,0.9563333333333331,0.0,0.0,0.0,1.0,0.0,0.0,Madhya Pradesh,KHAJURAHO,25,0.04,1.2188698668670608,5.064901479118341,12409947.0,20,0.5214442828413417,0.6279959419665302,0.0,0.0,2422881.0,0.6279959419665302,0.0,0,cost_deviation_pct_max,-2.665998,cost_deviation_pct_mean,-2.2500286,num_works,0.86032367,0.0237461073944966,0.020896647,0.5,0,0.19423368740515934,agree
B K PARTHASARATHI,412,0.0,Low,0,"HINDUPUR, Andhra Pradesh",N Balakrishna,1.0,0,cost_deviation_pct_mean (-3.591); anomaly_score_max (+0.463); cost_deviation_pct_max (+0.425),52,0.1626632532924197,0.221884739416959,0.0384615384615384,0.0765711538461538,2.3189,0.8614038461538461,0.5246287502435739,0.8653114633906434,0.6730769230769231,9.0,0.0192307692307692,0.6730769230769231,Andhra Pradesh,HINDUPUR,21,0.0952380952380952,0.5902223243825396,1.7416266532387252,49297701.0,22,0.50765639589169,0.6484979889391654,0.0,0.0,10963254.0,0.6047412554765497,0.0,0,cost_deviation_pct_mean,-3.5914116,anomaly_score_max,0.46297255,cost_deviation_pct_max,0.4246815,0.02341768362869819,0.02679793,0.5,0,0.19423368740515934,agree
CAPTAIN VIRIATO FERNANDES,413,0.0,Low,0,"SOUTH GOA, Goa",Pinnacle Industries Limited,1.0,0,cost_deviation_pct_mean (-3.447); cost_deviation_pct_max (+0.863); num_works (-0.385),47,0.1581322128394569,0.2155947704262076,0.0,0.0412829787234042,0.8056,0.8496382978723405,0.2808806889043906,0.7466294877529144,0.4042553191489361,5.0,0.0212765957446808,0.4042553191489361,Goa,SOUTH GOA,17,0.0,0.8911504480080159,1.8702439509708872,48358008.0,11,0.3650592055003819,0.6553607340372046,0.0909090909090909,1.0,9948600.0,0.6553607340372046,1.0,0,cost_deviation_pct_mean,-3.4466188,cost_deviation_pct_max,0.8627299,num_works,-0.38496673,0.023315281917651493,0.032723673,0.5,0,0.19423368740515934,agree
DR DHARAMVIRA GANDHI,414,0.0,Low,0,"PATIALA, Punjab",MK INFRA,1.0,0,cost_deviation_pct_mean (-3.668); cost_deviation_pct_max (+0.565); num_works (-0.412),62,0.1867365512593885,0.2189851390579441,0.0,0.0726806451612903,1.3827,0.8426774193548388,0.4059816045463688,0.7779701990021599,0.5645161290322581,53.0,0.0483870967741935,0.5645161290322581,Punjab,PATIALA,23,0.0434782608695652,0.6911212476510765,1.7578633620405564,53205652.0,454,0.229782164475414,0.6232394239747181,0.0,0.0,3732435.0,0.6232394239747181,0.0,0,cost_deviation_pct_mean,-3.6675832,cost_deviation_pct_max,0.5649855,num_works,-0.41162455,0.023250349486867588,0.018544815,0.5,0,0.19423368740515934,agree
ABDUL RASHID SHEIKH,415,0.0,Low,0,"BARAMULLAH, Jammu And Kashmir",Chief Medical Officer Kupwara,0.0,0,cost_deviation_pct_mean (-2.840); cost_deviation_pct_max (-0.304); sor_match_confidence_mean (-0.258),44,0.1691257119810004,0.2188154924479354,0.0454545454545454,0.0999227272727272,2.7386,0.8385454545454546,0.0,0.0,0.0,1.0,0.0454545454545454,0.0,Jammu And Kashmir,BARAMULLAH,16,0.0,0.8465224594772476,1.7275762802281316,27714021.0,37,0.4972500296029708,0.6449014221073044,0.0,0.0,4606625.0,0.6122611865258925,0.0,0,cost_deviation_pct_mean,-2.8403807,cost_deviation_pct_max,-0.30420372,sor_match_confidence_mean,-0.2575822,0.02322106435894966,0.022551967,0.5,0,0.19423368740515934,agree
Shri Suresh Kodikunnil,416,0.0,Low,0,"MAVELIKKARA, Kerala",Kerala ELectrical and Allied Engineering,1.0,0,cost_deviation_pct_mean (-3.568); cost_deviation_pct_max (+0.733); num_works (-0.361),58,0.183167401409426,0.2155689517034678,0.0,0.0666413793103448,1.024,0.863,0.4237618398460095,0.8158698790073394,0.5689655172413793,70.0,0.0517241379310344,0.5689655172413793,Kerala,MAVELIKKARA,27,0.0,1.307488295190006,10.444170673171032,42019767.0,21,0.4714611485619889,0.6706026000143648,0.0476190476190476,1.0,14308330.0,0.6706026000143648,1.0,0,cost_deviation_pct_mean,-3.568266,cost_deviation_pct_max,0.73331594,num_works,-0.36071384,0.022856576678653557,0.030578203,0.5,0,0.19423368740515934,agree
Parvatagouda Chandanagouda Gaddigoudar,417,0.0,Low,0,"BAGALKOT, Karnataka",Chairman Nirmithi Kendra Bagalkot,1.0,0,cost_deviation_pct_mean (-3.672); cost_deviation_pct_max (+0.499); num_works (-0.378),92,0.1875066052477549,0.2056198707052909,0.0108695652173913,0.0584423913043478,2.0802,0.8496086956521739,0.6991531164063424,0.8065671252674527,0.9239130434782608,193.0,0.0326086956521739,0.9239130434782608,Karnataka,BAGALKOT,23,0.0,0.630745698014866,1.4025954662569766,64488186.0,95,0.4047152666734709,0.6797601091718739,0.0105263157894736,1.0,12876250.0,0.6797601091718739,1.0,0,cost_deviation_pct_mean,-3.6724782,cost_deviation_pct_max,0.4989009,num_works,-0.37809065,0.022677604109048843,0.02108396,0.5,0,0.19423368740515934,agree
Shrirang Appa Barne,418,0.0,Low,0,"MAVAL, Maharashtra",ASHUTOSH HANUMANT BALKAVADE,1.0,0,cost_deviation_pct_mean (-3.243); cost_deviation_pct_max (+0.832); num_works (-0.705),32,0.1693486011213161,0.2188362265941758,0.0625,0.0616375,0.8418,0.829,0.6513244316584347,0.8460981837378607,0.8125,38.0,0.03125,0.8125,Maharashtra,MAVAL,21,0.0476190476190476,0.9971684223781154,2.601405124223267,36220911.0,20,0.5216862385980032,0.6549190188896071,0.05,1.0,8969037.0,0.6549190188896071,1.0,0,cost_deviation_pct_mean,-3.2432363,cost_deviation_pct_max,0.8320242,num_works,-0.70515364,0.022494062781333923,0.02896191,0.5,0,0.19423368740515934,agree
DAMODAR AGARWAL,419,0.0,Low,0,"BHILWARA, Rajasthan",C S TECHNOLOGIES,1.0,0,cost_deviation_pct_mean (-3.420); cost_deviation_pct_max (+0.740); num_works (-0.397),105,0.1899805943168401,0.219803461442952,0.0095238095238095,0.0520819047619047,0.9183,0.8595714285714285,0.6170002138367373,0.8636265768495376,0.8,108.0,0.0285714285714285,0.8,Rajasthan,BHILWARA,22,0.0,0.4159204035940638,0.9825285646588364,59365927.0,645,0.2143214395676775,0.7235437764849529,0.0015503875968992,1.0,6628887.0,0.7235437764849529,1.0,0,cost_deviation_pct_mean,-3.4198549,cost_deviation_pct_max,0.740402,num_works,-0.3967253,0.022438754017154377,0.022749305,0.5,0,0.19423368740515934,agree
BHARATBHAI MANUBHAI SUTARIYA,420,0.0,Low,0,"AMRELI, Gujarat",KHIJADIYA RADADIYA GRAM PANCHAYAT,1.0,0,cost_deviation_pct_mean (-2.963); num_works (-0.454); cost_deviation_pct_max (+0.407),156,0.2006880348807554,0.221851421765179,0.0064102564102564,0.085500641025641,2.2543,0.8440576923076923,0.5108268138020441,0.810645263671875,0.7115384615384616,133.0,0.0384615384615384,0.7115384615384616,Gujarat,AMRELI,23,0.0434782608695652,0.3923352929814813,0.9977463243721724,61536765.0,148,0.3591895325351207,0.5393916540975364,0.0,0.0,1300000.0,0.5393916540975364,0.0,0,cost_deviation_pct_mean,-2.9631255,num_works,-0.45436192,cost_deviation_pct_max,0.4070526,0.022416846205790836,0.022690238,0.5,0,0.19423368740515934,agree
Raju Bista,421,0.0,Low,0,"DARJEELING, West Bengal",Soumita Enterprise,1.0,0,cost_deviation_pct_mean (-3.773); cost_deviation_pct_max (+0.520); num_works (-0.385),82,0.1936546361495805,0.2213991838769234,0.024390243902439,0.0473658536585365,2.0455,0.8490487804878049,0.3200978261199176,0.8556040575443425,0.4268292682926829,22.0,0.0121951219512195,0.4268292682926829,West Bengal,DARJEELING,24,0.0,0.780292824540218,2.1219040727310867,43617451.0,64,0.5130029896574014,0.6451599870717517,0.0,0.0,5329442.0,0.6451599870717517,0.0,0,cost_deviation_pct_mean,-3.7725875,cost_deviation_pct_max,0.52012527,num_works,-0.38535064,0.022359196717540424,0.02264062,0.5,0,0.19423368740515934,agree
Dr. Sarfraz Ahmad (2024-30),422,0.0,Low,0,"Sitting Rajya Sabha, Jharkhand",Executive engineer,0.0,0,cost_deviation_pct_mean (-2.949); cost_deviation_pct_max (-1.750); sor_match_confidence_mean (+0.633),20,0.1736459380540516,0.2221583291537339,0.05,0.021225,0.147,0.87135,0.0,0.0,0.0,1.0,0.0,0.0,Jharkhand,Sitting Rajya Sabha,20,0.0,0.4037941026256119,1.63656886560385,82543604.0,3,0.6128806650865474,0.6275147238382532,0.0,0.0,71431800.0,0.6275147238382532,0.0,0,cost_deviation_pct_mean,-2.9492686,cost_deviation_pct_max,-1.7495903,sor_match_confidence_mean,0.63347006,0.02231550154586633,0.019050071,0.5,0,0.19423368740515934,agree
Shri Sadanand Mhalu Shet Tanavade (2023-29),423,0.0,Low,0,"Sitting Rajya Sabha, Goa",TATA MOTORS,0.0,0,cost_deviation_pct_mean (-2.795); cost_deviation_pct_max (-2.778); num_works (+0.858),10,0.054609375470115,0.0902779120836088,0.1,0.05608,0.1444,0.8663000000000001,0.0,0.0,0.0,1.0,0.0,0.0,Goa,Sitting Rajya Sabha,21,0.0476190476190476,1.0500183951059237,2.1727103256120994,37836353.99,5,0.4015135028370323,0.689118724412842,0.2,1.0,124767801.51,0.689118724412842,1.0,0,cost_deviation_pct_mean,-2.7952626,cost_deviation_pct_max,-2.7779043,num_works,0.85818917,0.022314419969916344,0.02228764,0.5,0,0.19423368740515934,agree
SUDHA R,424,0.0,Low,0,"MAYILADUTHURAI, Tamil Nadu",SRI SAI ENTERPRISES,1.0,0,cost_deviation_pct_mean (-3.220); cost_deviation_pct_max (-1.708); sor_match_confidence_mean (+0.489),23,0.1693090223509059,0.2128056366447953,0.0434782608695652,0.0341130434782608,0.1497,0.877304347826087,0.6358436800921379,0.8401598148345947,0.8260869565217391,35.0,0.0,0.8260869565217391,Tamil Nadu,MAYILADUTHURAI,20,0.0,0.7140872585930268,2.4042968795307957,37515130.0,18,0.5799413141324906,0.6820925806219924,0.0555555555555555,1.0,28777771.0,0.6820925806219924,1.0,0,cost_deviation_pct_mean,-3.2195878,cost_deviation_pct_max,-1.7081223,sor_match_confidence_mean,0.48927832,0.021906324041386444,0.008392496,0.5,0,0.19423368740515934,agree
RAJA RAM SINGH,425,0.0,Low,0,"KARAKAT, Bihar",BIDHANSABHA KSHETRA OBRA SAHAYAK ABHIYANTA,1.0,0,cost_deviation_pct_mean (-3.323); num_works (-0.470); cost_deviation_pct_max (+0.441),114,0.1858759529576008,0.2227506907666174,0.0175438596491228,0.0707666666666666,2.2991,0.840657894736842,0.5322859795704167,0.8680000119209289,0.6842105263157895,76.0,0.0263157894736842,0.6842105263157895,Bihar,KARAKAT,19,0.0,0.4322444007651189,1.4135193065747582,72478355.0,11,0.575332592244357,0.6520837822308411,0.0909090909090909,1.0,15789433.0,0.646031746031746,0.0,0,cost_deviation_pct_mean,-3.323447,num_works,-0.470062,cost_deviation_pct_max,0.4406614,0.021803975105285645,0.029982906,0.5,0,0.19423368740515934,agree
Shri Jyotirmay Singh Mahato ,426,0.0,Low,0,"PURULIA, West Bengal",ATANU PATRA,1.0,0,cost_deviation_pct_max (-2.745); cost_deviation_pct_mean (-2.637); num_works (+0.872),15,0.1877443146768895,0.2089593505077753,0.0,-0.0073466666666666,0.1021,0.8674,0.8033343598524729,0.8680000119209289,0.9333333333333332,60.0,0.0,0.9333333333333332,West Bengal,PURULIA,3,0.0,0.0,0.0,11711831.0,1,0.6451537025066436,0.6451537025066436,0.0,0.0,34427137.0,0.6451537025066436,0.0,0,cost_deviation_pct_max,-2.745201,cost_deviation_pct_mean,-2.6371822,num_works,0.8721357,0.021788117786248524,0.017494405,0.5,0,0.19423368740515934,agree
SUKHJINDER SINGH RANDHAWA,427,0.0,Low,0,"GURDASPUR, Punjab",SANJEEV KUMAR,1.0,0,cost_deviation_pct_mean (-3.517); cost_deviation_pct_max (+0.704); num_works (-0.424),90,0.1864139263982457,0.2192465224794195,0.0,0.0581844444444444,1.0625,0.8572444444444445,0.7543342490685805,0.8680000119209289,0.9222222222222224,120.0,0.0333333333333333,0.9222222222222224,Punjab,GURDASPUR,21,0.0476190476190476,0.6254557236955411,1.8595660363607995,56807613.0,163,0.3182672038455149,0.6630323924441571,0.0061349693251533,1.0,4289600.0,0.6630323924441571,1.0,0,cost_deviation_pct_mean,-3.5172696,cost_deviation_pct_max,0.7037238,num_works,-0.4236934,0.021664800122380257,0.022672534,0.5,0,0.19423368740515934,agree
Mitesh Rameshbhai Bakabhai Patel,428,0.0,Low,0,"ANAND, Gujarat",aastha construction,1.0,0,cost_deviation_pct_mean (-3.018); num_works (-0.467); sor_match_confidence_mean (-0.246),247,0.1895427723130966,0.2204754244834162,0.0323886639676113,0.0969615384615384,2.4241,0.8442712550607288,0.5023245228651083,0.8300748493615911,0.6882591093117408,222.0,0.0526315789473684,0.6882591093117408,Gujarat,ANAND,25,0.04,0.5529717846173177,3.3516493142172763,58453147.0,146,0.3288531640264114,0.660005925447102,0.0068493150684931,1.0,9855278.0,0.660005925447102,1.0,0,cost_deviation_pct_mean,-3.018475,num_works,-0.46712616,sor_match_confidence_mean,-0.24609686,0.021588074664274853,0.021152053,0.5,0,0.19423368740515934,agree
ARUN NEHRU,429,0.0,Low,0,"PERAMBALUR, Tamil Nadu",VEERAKUMAR k,1.0,0,cost_deviation_pct_mean (-3.691); cost_deviation_pct_max (+0.608); num_works (-0.383),54,0.1473246949144198,0.2194479245393491,0.074074074074074,0.0700111111111111,1.6264,0.8463148148148149,0.383493545230243,0.851280247828326,0.5,11.0,0.037037037037037,0.5,Tamil Nadu,PERAMBALUR,22,0.0454545454545454,0.850416558779191,2.5340081798431524,69561568.0,42,0.5111586087426423,0.6368122890181713,0.0,0.0,6333466.0,0.5732968828557065,0.0,0,cost_deviation_pct_mean,-3.6914723,cost_deviation_pct_max,0.608361,num_works,-0.3828416,0.021463082482417423,0.020072235,0.5,0,0.19423368740515934,agree
PARTHA BHOWMICK,430,0.0,Low,0,"BARRACKPUR, West Bengal",UNITECH INSULATION,1.0,0,cost_deviation_pct_max (-2.334); cost_deviation_pct_mean (-1.853); num_works (+0.712),4,0.0445124847570827,0.2041104744221337,0.25,0.107725,0.1467,0.849,0.185503051996231,0.7420122079849243,0.25,2.0,0.0,0.25,West Bengal,BARRACKPUR,13,0.0,1.2648208518185684,4.807224061974734,31114929.0,7,0.5557959081068324,0.6670051353874884,0.2857142857142857,1.0,15004801.0,0.6670051353874884,1.0,0,cost_deviation_pct_max,-2.334067,cost_deviation_pct_mean,-1.8531448,num_works,0.7115031,0.021383722002307575,0.019575644,0.5,0,0.19423368740515934,agree
Smt Raksha Nikhil Khadse,431,0.0,Low,0,"RAVER, Maharashtra",GopiKrishana Majoor Sahakari Sanstha Ruikheda,0.0,0,cost_deviation_pct_mean (-2.839); cost_deviation_pct_max (-2.508); num_works (+0.888),3,0.1166799693126224,0.1698570056761955,0.0,0.0820666666666666,0.1492,0.844,0.0,0.0,0.0,1.0,0.0,0.0,Maharashtra,RAVER,19,0.0526315789473684,1.636047966799516,6.366361495498086,5871973.0,3,0.6495621752974694,0.6519239747180924,0.6666666666666666,1.0,2974718.0,0.6456968684909862,0.0,0,cost_deviation_pct_mean,-2.8393593,cost_deviation_pct_max,-2.5083945,num_works,0.88751197,0.021378559060394764,0.009819187,0.5,0,0.19423368740515934,agree
Dr. Sikander Kumar (2022-28),432,0.0,Low,0,"Sitting Rajya Sabha, Himachal Pradesh",RIYA ENTERPRISES,0.0,0,cost_deviation_pct_mean (-2.046); cost_deviation_pct_max (-0.361); anomaly_flag_rate (-0.298),171,0.163367072017761,0.2217814202283478,0.0467836257309941,0.1110327485380116,2.9818,0.8516198830409357,0.0,0.0,0.0,1.0,0.0467836257309941,0.0,Himachal Pradesh,Sitting Rajya Sabha,38,0.0263157894736842,0.581636875018357,1.4455924725635547,127681938.04,117,0.3873535980247895,0.695783954607484,0.0512820512820512,1.0,15858642.41,0.6774007038712921,1.0,0,cost_deviation_pct_mean,-2.0456355,cost_deviation_pct_max,-0.36120045,anomaly_flag_rate,-0.29756108,0.021244693857928116,0.027510881,0.5,0,0.19423368740515934,agree
KADIYAM KAVYA,433,0.0,Low,0,"WARANGEL, Telangana",KEDARINATH PROJECTS,0.0,0,cost_deviation_pct_mean (-3.642); cost_deviation_pct_max (-1.203); num_works (-0.288),53,0.1450132246002576,0.2186782632390539,0.0754716981132075,0.0381113207547169,0.15,0.845867924528302,0.0,0.0,0.0,1.0,0.0,0.0,Telangana,WARANGEL,22,0.0,0.6989683055499543,3.109500374456258,27189421.0,45,0.5112078535117751,0.6273764634058752,0.0,0.0,1997960.0,0.6238858363858364,0.0,0,cost_deviation_pct_mean,-3.6418839,cost_deviation_pct_max,-1.2030947,num_works,-0.28791788,0.021222836958865326,0.0045436914,0.5,0,0.19423368740515934,agree
BALWANT BASWANT WANKHADE,434,0.0,Low,0,"AMRAVATI, Maharashtra",Navnit Sudhirrao Toley,1.0,0,cost_deviation_pct_mean (-3.528); cost_deviation_pct_max (+0.820); num_works (-0.415),51,0.1684992987077347,0.2074490465088505,0.0,0.0424274509803921,0.9154,0.8559019607843137,0.3767854797704899,0.825090151309967,0.5098039215686274,24.0,0.0196078431372549,0.5098039215686274,Maharashtra,AMRAVATI,20,0.05,0.4142317824375345,1.3853470024110548,94386242.0,53,0.4813562362535725,0.6457821590174532,0.0,0.0,6096505.0,0.616732205702794,0.0,0,cost_deviation_pct_mean,-3.5277202,cost_deviation_pct_max,0.81974006,num_works,-0.4148437,0.02114885952323675,0.017775828,0.5,0,0.19423368740515934,agree
Shri Arjun Ram Meghwal,435,0.0,Low,0,"BIKANER, Rajasthan",AKHIL BHARTIYA BISHNOI MAHASABHA,1.0,0,cost_deviation_pct_mean (-2.993); cost_deviation_pct_max (+0.850); num_works (-0.696),17,0.1396105623585456,0.2064523951734447,0.0588235294117647,0.0405235294117647,0.5461,0.8231176470588235,0.2450275086083593,0.7680000119209289,0.3529411764705882,10.0,0.0588235294117647,0.3529411764705882,Rajasthan,BIKANER,21,0.0,0.5353827499444217,1.2622691639731374,34147300.0,32,0.5301383053221289,0.6182997557997558,0.0,0.0,4499935.0,0.5884983480571716,0.0,0,cost_deviation_pct_mean,-2.9932983,cost_deviation_pct_max,0.850378,num_works,-0.69638026,0.0210485456045717,0.015181911,0.5,0,0.19423368740515934,agree
CHHATRA PAL SINGH GANGWAR,436,0.0,Low,0,"BAREILLY, Uttar Pradesh",ANUJ SINGHAL CONTRACTOR,1.0,0,cost_deviation_pct_mean (-3.545); cost_deviation_pct_max (+0.570); num_works (-0.403),142,0.1712093752079057,0.216415408788817,0.0070422535211267,0.0735359154929577,2.0353,0.8597323943661971,0.7730238067821035,0.8680000119209289,0.9366197183098592,56.0,0.0352112676056338,0.9366197183098592,Uttar Pradesh,BAREILLY,24,0.0,0.8297361591807328,2.350341310116135,95894511.0,17,0.5107076842803487,0.6713558500323207,0.0588235294117647,1.0,53082951.0,0.6713558500323207,1.0,0,cost_deviation_pct_mean,-3.5445478,cost_deviation_pct_max,0.5695719,num_works,-0.4031959,0.020729100331664085,0.020735554,0.5,0,0.19423368740515934,agree
Durga Das Uikey ,437,0.0,Low,0,"BETUL, Madhya Pradesh",MP STATE AGRO INDUSTRIES DEVELOPMENT CORP LTD,1.0,0,cost_deviation_pct_mean (-2.792); num_works (-0.438); cost_deviation_pct_max (-0.377),288,0.1442422070680847,0.2198069610218403,0.0451388888888888,0.1005690972222222,2.9788,0.8465972222222222,0.847050423591869,0.8680000119209289,0.9965277777777778,111.0,0.0416666666666666,0.9965277777777778,Madhya Pradesh,BETUL,23,0.0,1.113812632360974,3.71190171232665,85636977.0,69,0.2618161404286723,0.671459994254112,0.0289855072463768,1.0,41807174.0,0.671459994254112,1.0,0,cost_deviation_pct_mean,-2.7922082,num_works,-0.43830046,cost_deviation_pct_max,-0.376815,0.02063259792824586,0.01873584,0.5,0,0.19423368740515934,agree
KONDA VISHWESHWAR REDDY,438,0.0,Low,0,"CHELVELLA, Telangana",Munavath Raju,0.0,0,cost_deviation_pct_mean (-2.941); num_works (-0.484); collusion_score_mean (-0.308),180,0.1829278735856839,0.2219975791222284,0.0222222222222222,0.10131,2.8368,0.8639888888888889,0.0,0.0,0.0,1.0,0.0333333333333333,0.0,Telangana,CHELVELLA,22,0.0,0.3771490305446792,0.9668734753329696,57338256.0,74,0.4378718812542342,0.6463989441930618,0.0,0.0,5808233.0,0.6323969331322272,0.0,0,cost_deviation_pct_mean,-2.9409058,num_works,-0.48445684,collusion_score_mean,-0.30826744,0.020223685540258884,0.014733555,0.5,0,0.19423368740515934,agree
Smt. Sulata Deo (2022-28),439,0.0,Low,0,"Sitting Rajya Sabha, Odisha",PRAGNYA PARAMITA  SAHOO,0.0,0,cost_deviation_pct_mean (-3.626); num_works (-0.428); sor_match_confidence_mean (-0.263),115,0.1935375086471344,0.2218580082461208,0.008695652173913,0.0750321739130434,2.5188,0.8563565217391303,0.0,0.0,0.0,1.0,0.0260869565217391,0.0,Odisha,Sitting Rajya Sabha,37,0.027027027027027,0.6761049556876052,3.1585127057293017,89713285.0,71,0.4465575757207903,0.6586825755943403,0.028169014084507,1.0,8023699.0,0.6586825755943403,1.0,0,cost_deviation_pct_mean,-3.6255662,num_works,-0.42758596,sor_match_confidence_mean,-0.26327935,0.01923265152921279,0.012428566,0.5,0,0.19423368740515934,agree
Shri Shantanu Thakur ,440,0.0,Low,0,"BANGAON, West Bengal",MAA KALI BUILDERS,1.0,0,cost_deviation_pct_max (-2.813); cost_deviation_pct_mean (-2.771); num_works (+0.858),8,0.1932110219803533,0.2125794536471094,0.0,0.0324875,0.1252,0.885625,0.2700013951267373,0.7443716995678015,0.375,3.0,0.0,0.375,West Bengal,BANGAON,1,0.0,0.0,0.0,5993836.0,2,0.6363472312001723,0.6429864253393665,0.0,0.0,22570655.0,0.6429864253393665,0.0,0,cost_deviation_pct_max,-2.8133235,cost_deviation_pct_mean,-2.7705376,num_works,0.8581454,0.01895624523361524,0.016039297,0.5,0,0.19423368740515934,agree
Suresh Kumar Kashyap,441,0.0,Low,0,"SHIMLA, Himachal Pradesh",Block Development officer Nahan,1.0,0,cost_deviation_pct_mean (-3.047); num_works (-0.385); cost_deviation_pct_max (-0.296),83,0.1814865231030777,0.2217882564906631,0.036144578313253,0.0869096385542168,2.857,0.8490481927710843,0.2211255576964841,0.7912039025094774,0.3132530120481928,27.0,0.036144578313253,0.3132530120481928,Himachal Pradesh,SHIMLA,24,0.0416666666666666,0.8410618530223136,3.139724882210763,90424211.0,174,0.3423019288764725,0.6640558787617611,0.0114942528735632,1.0,5250000.0,0.6640558787617611,1.0,0,cost_deviation_pct_mean,-3.0465124,num_works,-0.38494796,cost_deviation_pct_max,-0.2959169,0.01871228590607643,0.017330764,0.5,0,0.19423368740515934,agree
Santosh Pandey,442,0.0,Low,0,"RAJNANDGAON, Chhattisgarh",gagan book supplier,1.0,0,cost_deviation_pct_mean (-3.037); num_works (-0.401); sor_match_confidence_mean (-0.263),72,0.1817268448671704,0.2221282075653285,0.0277777777777777,0.0991472222222222,2.7384,0.8451805555555556,0.5940150534738187,0.8680000119209289,0.7638888888888888,60.0,0.0277777777777777,0.7638888888888888,Chhattisgarh,RAJNANDGAON,26,0.0384615384615384,0.815099388768737,3.5638618251143,62035049.0,124,0.4358353504760051,0.6495214752567693,0.0,0.0,5725593.0,0.600629354305825,0.0,0,cost_deviation_pct_mean,-3.036782,num_works,-0.40081412,sor_match_confidence_mean,-0.2632106,0.01857847347855568,0.016175205,0.5,0,0.19423368740515934,agree
SHER SINGH GHUBAYA,443,0.0,Low,0,"FIROZPUR, Punjab",The Gill Sehkari Kirat te Ussari Sabha Ltd,1.0,0,cost_deviation_pct_mean (-2.168); duplicate_score_max (-0.347); num_works (-0.297),361,0.1155477432661664,0.220458071924733,0.0720221606648199,0.1058598337950138,2.8004,0.8512936288088643,0.7754944858523822,0.8680000119209289,0.9390581717451524,209.0,0.0470914127423822,0.9390581717451524,Punjab,FIROZPUR,26,0.0384615384615384,0.3963286277448427,1.4620292663282786,94266196.0,39,0.3603356003808492,0.6914224664224664,0.0769230769230769,1.0,27677257.0,0.6914224664224664,1.0,0,cost_deviation_pct_mean,-2.1677785,duplicate_score_max,-0.34690204,num_works,-0.29697132,0.01854488564034303,0.02016721,0.5,0,0.19423368740515934,agree
E. TUKARAM,444,0.0,Low,0,"BELLARY, Karnataka",Bellary Nirmithi Kendra Bellary,1.0,0,cost_deviation_pct_mean (-2.912); cost_deviation_pct_max (-2.862); num_works (+0.798),2,0.2022330128918488,0.2096557428534849,0.0,-0.0791999999999999,-0.0685,0.916,0.7735974304676055,0.7735974304676055,1.0,7.0,0.0,1.0,Karnataka,BELLARY,21,0.0476190476190476,1.5976377761045972,10.699216448594724,19971722.0,4,0.6004284726711198,0.6681381526969763,0.25,1.0,10360093.0,0.6681381526969763,1.0,0,cost_deviation_pct_mean,-2.9121609,cost_deviation_pct_max,-2.8615556,num_works,0.7979315,0.01846994956334432,0.015620222,0.5,0,0.19423368740515934,agree
V. SOMANNA,445,0.0,Low,0,"TUMKUR, Karnataka",TUMKUR NIRMITHI KENDRA,0.0,0,cost_deviation_pct_mean (-2.906); cost_deviation_pct_max (-2.780); num_works (+0.845),4,0.1053558348422584,0.2019302017095229,0.0,-0.038075,0.0717,0.88025,0.0,0.0,0.0,1.0,0.0,0.0,Karnataka,TUMKUR,21,0.0,0.904896890050808,2.9025569619546188,32543790.0,6,0.5382581878905409,0.6436813186813187,0.0,0.0,22747500.0,0.6436813186813187,0.0,0,cost_deviation_pct_mean,-2.906019,cost_deviation_pct_max,-2.780023,num_works,0.84482807,0.0183860141163071,0.019701159,0.5,0,0.19423368740515934,agree
DHAVAL LAXMANBHAI PATEL,446,0.0,Low,0,"VALSAD, Gujarat",Swara Enterprises,1.0,0,cost_deviation_pct_mean (-3.513); num_works (-0.390); cost_deviation_pct_max (+0.242),60,0.1784280438392302,0.2181383769682905,0.0333333333333333,0.0645716666666666,2.3802,0.8538666666666667,0.5820745045735978,0.859690170764923,0.7333333333333333,69.0,0.0166666666666666,0.7333333333333333,Gujarat,VALSAD,18,0.0555555555555555,0.8632715211157753,3.5134877724045905,35423530.0,25,0.504112152553329,0.6494236156000862,0.0,0.0,16349190.0,0.6494236156000862,0.0,0,cost_deviation_pct_mean,-3.5129397,num_works,-0.3899815,cost_deviation_pct_max,0.24165161,0.018377383550008137,0.016920106,0.5,0,0.19423368740515934,agree
Janardan Mishra,447,0.0,Low,0,"REWA, Madhya Pradesh",MP STATE AGRO INDUSTRIES DEVELOPMENT CORP REWA,0.0,0,cost_deviation_pct_mean (-3.095); cost_deviation_pct_max (-2.499); num_works (+0.903),1,-0.0484028779236143,-0.0484028779236143,1.0,0.0142,0.0142,0.715,0.0,0.0,0.0,1.0,0.0,0.0,Madhya Pradesh,REWA,23,0.0434782608695652,1.048519538825948,2.731322604161507,86935425.0,34,0.4647405794897144,0.6939398836457661,0.088235294117647,1.0,23013646.0,0.6939398836457661,1.0,0,cost_deviation_pct_mean,-3.0952232,cost_deviation_pct_max,-2.498637,num_works,0.9030604,0.018357669624189537,0.009026816,0.5,0,0.19423368740515934,agree
S. Jagathrakshakan,448,0.0,Low,0,"ARAKKONAM, Tamil Nadu",AVN CONSTRUCTIONS,1.0,0,cost_deviation_pct_mean (-3.374); num_works (-0.696); cost_deviation_pct_max (+0.632),36,0.1477311801022272,0.2169007437764235,0.0555555555555555,0.0764361111111111,1.3861,0.8474166666666667,0.1011541060257474,0.7680000119209289,0.1388888888888889,2.0,0.0555555555555555,0.1388888888888889,Tamil Nadu,ARAKKONAM,27,0.037037037037037,0.9439761237466526,7.587069390731617,57167418.0,44,0.5159826692914928,0.6445584644114055,0.0,0.0,3389297.0,0.6445584644114055,0.0,0,cost_deviation_pct_mean,-3.37413,num_works,-0.69560057,cost_deviation_pct_max,0.63243693,0.01827954625089963,0.014536502,0.5,0,0.19423368740515934,agree
DR.MALLU RAVI,449,0.0,Low,0,"NAGARKURNOOL, Telangana",B Thirupathi Reddy,1.0,0,cost_deviation_pct_mean (-3.479); cost_deviation_pct_max (+0.564); num_works (-0.433),143,0.1784679423990333,0.2208701476783514,0.0279720279720279,0.0696391608391608,2.153,0.8391818181818181,0.6756122170650166,0.8680000119209289,0.8601398601398601,82.0,0.0209790209790209,0.8601398601398601,Telangana,NAGARKURNOOL,19,0.0526315789473684,0.6332776125651939,2.197282052172911,47000729.0,18,0.5701643762918273,0.6581205559146736,0.0555555555555555,1.0,10609141.0,0.6263305322128851,0.0,0,cost_deviation_pct_mean,-3.478506,cost_deviation_pct_max,0.5643749,num_works,-0.43276748,0.018251074478030205,0.017485056,0.5,0,0.19423368740515934,agree
Indra Hang Subba,450,0.0,Low,0,"SIKKIM, Sikkim",SHIV SHAKTI FURNITURE,1.0,0,cost_deviation_pct_mean (-3.304); num_works (-0.583); cost_deviation_pct_max (+0.436),38,0.1052038801151257,0.2047696778341913,0.0526315789473684,0.0738263157894736,2.2073,0.8453947368421053,0.3212377670133053,0.8680000119209289,0.3947368421052631,5.0,0.0263157894736842,0.3947368421052631,Sikkim,SIKKIM,25,0.08,0.7452027148049027,2.14430553750584,98023420.0,34,0.5539697326894558,0.6738131149895856,0.0588235294117647,1.0,17854724.0,0.6226468792645263,0.0,0,cost_deviation_pct_mean,-3.3036127,num_works,-0.58266085,cost_deviation_pct_max,0.43621647,0.018237680817643803,0.013604624,0.5,0,0.19423368740515934,agree
SELJA,451,0.0,Low,0,"SIRSA, Haryana",KIRPAL SINGH AND SONS,1.0,0,cost_deviation_pct_mean (-2.122); cost_deviation_pct_max (-0.265); sor_match_confidence_mean (-0.234),59,0.0955020634714176,0.2200700603181979,0.0677966101694915,0.1112864406779661,2.7601,0.8613050847457627,0.6526449474503129,0.8326237611770629,0.847457627118644,110.0,0.0338983050847457,0.847457627118644,Haryana,SIRSA,16,0.0625,0.6912142314465957,1.6497196635563105,26548478.0,33,0.4430567526155761,0.6406009839833369,0.0,0.0,14227993.0,0.6102644904115493,0.0,0,cost_deviation_pct_mean,-2.1216292,cost_deviation_pct_max,-0.2650599,sor_match_confidence_mean,-0.23364139,0.018155069711307686,0.023823295,0.5,0,0.19423368740515934,agree
PATHAN YUSUF,452,0.0,Low,0,"BAHARAMPUR, West Bengal",SG ENTERPRISE,0.0,0,cost_deviation_pct_mean (-2.863); cost_deviation_pct_max (-2.853); num_works (+0.805),1,0.113005353564053,0.113005353564053,0.0,-0.0217,-0.0217,0.931,0.0,0.0,0.0,1.0,0.0,0.0,West Bengal,BAHARAMPUR,24,0.0416666666666666,1.3113192908692264,14.165328718562051,9360897.0,5,0.6141492494433671,0.6501714788479495,0.2,1.0,18254979.0,0.6303706097823745,0.0,0,cost_deviation_pct_mean,-2.8630657,cost_deviation_pct_max,-2.853256,num_works,0.8053532,0.017876056333382923,0.01722765,0.5,0,0.19423368740515934,agree
MANI. A.,453,0.0,Low,0,"DHARAMAPURI, Tamil Nadu",SUCCESS ASSOCIATES,0.0,0,cost_deviation_pct_mean (-2.696); num_works (-0.390); anomaly_flag_rate (-0.334),63,0.1676473331959259,0.2176478248934633,0.0476190476190476,0.0885444444444444,2.7033,0.840126984126984,0.0,0.0,0.0,1.0,0.0317460317460317,0.0,Tamil Nadu,DHARAMAPURI,19,0.0,0.6595450491851325,1.5908958304362455,68465190.0,14,0.5233508788130636,0.6480167708108884,0.0,0.0,17215429.0,0.630146161028514,0.0,0,cost_deviation_pct_mean,-2.6960986,num_works,-0.3901845,anomaly_flag_rate,-0.33429232,0.01782576274126768,0.015244003,0.5,0,0.19423368740515934,agree
AFZAL ANSARI,454,0.0,Low,0,"GHAZIPUR, Uttar Pradesh",SHYAM SOLAR TRADING,1.0,0,cost_deviation_pct_mean (-3.355); cost_deviation_pct_max (+0.791); num_works (-0.728),35,0.1269796659096414,0.2194479245393491,0.0857142857142857,0.0371514285714285,0.6839,0.8324,0.6137492690551983,0.8503402285575866,0.8,81.0,0.0285714285714285,0.8,Uttar Pradesh,GHAZIPUR,22,0.0454545454545454,0.7502366665420371,2.630251330864969,107091112.0,33,0.4469910536087007,0.6697685484450191,0.0606060606060606,1.0,44735946.0,0.6697685484450191,1.0,0,cost_deviation_pct_mean,-3.355165,cost_deviation_pct_max,0.79116714,num_works,-0.7284661,0.01765533071011305,0.0249799,0.5,0,0.19423368740515934,agree
KULDEEP INDORA,455,0.0,Low,0,"GANGANAGAR, Rajasthan",Aen CSD 1 JDVVNL SGNR,0.0,0,cost_deviation_pct_max (-2.603); cost_deviation_pct_mean (-2.103); num_works (+0.873),2,0.1934999259952594,0.1968751644026047,0.0,0.08695,0.0986,0.9135,0.0,0.0,0.0,1.0,0.0,0.0,Rajasthan,GANGANAGAR,11,0.0,0.5754685666262521,1.368730324105936,11236750.0,45,0.3343519316558532,0.6504174746821806,0.0222222222222222,1.0,2385307.0,0.5765056022408963,0.0,0,cost_deviation_pct_max,-2.6032286,cost_deviation_pct_mean,-2.1027834,num_works,0.87346625,0.017328990623354912,0.018997129,0.5,0,0.19423368740515934,agree
K E PRAKASH,456,0.0,Low,0,"ERODE, Tamil Nadu",QUALITTY ENTERPRISES,1.0,0,cost_deviation_pct_mean (-2.906); num_works (-0.433); anomaly_flag_rate (-0.314),141,0.1682087540042118,0.2221516216811909,0.0567375886524822,0.0991382978723404,2.57,0.85777304964539,0.6152662470595724,0.8570026569366455,0.7730496453900709,58.0,0.0425531914893617,0.7730496453900709,Tamil Nadu,ERODE,24,0.0416666666666666,0.6859970071144674,2.8781128247586487,87182728.0,27,0.456196281931576,0.6478506787330317,0.0,0.0,52377382.0,0.6478506787330317,0.0,0,cost_deviation_pct_mean,-2.906354,num_works,-0.4332091,anomaly_flag_rate,-0.31370282,0.017312036516765755,0.024549663,0.5,0,0.19423368740515934,agree
RAJEEV RAI,457,0.0,Low,0,"GHOSI, Uttar Pradesh",ABHAY NARAYAN YADAV,1.0,0,cost_deviation_pct_mean (-2.886); cost_deviation_pct_max (-0.486); num_works (-0.400),108,0.1880701472437756,0.2190298935871082,0.0277777777777777,0.0859398148148148,2.9966,0.855712962962963,0.5908183873317051,0.8387242965698242,0.7850467289719626,175.0,0.037037037037037,0.7850467289719626,Uttar Pradesh,GHOSI,20,0.05,0.8083731851039765,3.961655859316313,66462043.0,20,0.4978221288515406,0.6332606119370825,0.0,0.0,6866297.0,0.565662034044387,0.0,0,cost_deviation_pct_mean,-2.8861938,cost_deviation_pct_max,-0.48550212,num_works,-0.40042737,0.01721486480285724,0.020301726,0.5,0,0.19423368740515934,agree
KALI CHARAN MUNDA,458,0.0,Low,0,"KHUNTI, Jharkhand",ASSISTANT ENGINEER ZILA PARISHAD KHUNTI,1.0,0,cost_deviation_pct_mean (-3.127); cost_deviation_pct_max (-1.777); sor_match_confidence_mean (+0.597),31,0.2012462758707989,0.2203388579687887,0.0,0.0337193548387096,0.1475,0.8731290322580645,0.3698462144887279,0.8497351222038269,0.4838709677419355,21.0,0.0,0.4838709677419355,Jharkhand,KHUNTI,26,0.0384615384615384,16.149891403370663,348.5318992177685,77772545.0,6,0.6399300318417965,0.6751804567981039,0.6666666666666666,1.0,30140000.0,0.6702749048337284,1.0,0,cost_deviation_pct_mean,-3.1273565,cost_deviation_pct_max,-1.7769201,sor_match_confidence_mean,0.59673053,0.0170758372793595,0.01197084,0.5,0,0.19423368740515934,agree
BAPI HALDAR,459,0.0,Low,0,"MATHURAPUR, West Bengal",S K CHATTERJEE ELECTRICALS PVT LTD,1.0,0,cost_deviation_pct_mean (-3.795); cost_deviation_pct_max (+0.536); num_works (-0.396),89,0.1928530879733236,0.2218378990044795,0.0112359550561797,0.0718348314606741,1.5772,0.8581573033707866,0.4911089864494214,0.8100609545261018,0.6629213483146067,71.0,0.0337078651685393,0.6629213483146067,West Bengal,MATHURAPUR,26,0.0384615384615384,0.6634825675011582,1.87137330367886,39420540.0,68,0.4162354345961612,0.6284089276736335,0.0,0.0,2510484.0,0.6090434891905481,0.0,0,cost_deviation_pct_mean,-3.7949297,cost_deviation_pct_max,0.5358411,num_works,-0.39604518,0.01695230385909478,0.014580626,0.5,0,0.19423368740515934,agree
DR. RAJ KUMAR CHABBEWAL,460,0.0,Low,0,"HOSHIARPUR, Punjab",Varinder Kumar Sood,1.0,0,cost_deviation_pct_mean (-2.176); cost_deviation_pct_max (-0.440); duplicate_score_max (-0.335),97,0.1626446514122655,0.2193883577512885,0.1030927835051546,0.1103123711340206,2.9763,0.8468556701030927,0.47846180973638,0.8680000119209289,0.6082474226804123,35.0,0.0412371134020618,0.6082474226804123,Punjab,HOSHIARPUR,25,0.08,0.5857839416333822,2.0411137600423945,75842759.0,369,0.2513440064372632,0.6472778855131796,0.0,0.0,7535810.0,0.6472778855131796,0.0,0,cost_deviation_pct_mean,-2.1758769,cost_deviation_pct_max,-0.44023633,duplicate_score_max,-0.33489215,0.016938540153205395,0.018989976,0.5,0,0.19423368740515934,agree
Prabhubhai Nagarbhai Vasava,461,0.0,Low,0,"BARDOLI, Gujarat",HD ENTERPRISE,1.0,0,cost_deviation_pct_mean (-2.847); num_works (-0.384); anomaly_flag_rate (-0.309),62,0.1704312606702338,0.2206140326423327,0.0483870967741935,0.1026258064516128,2.4069,0.8529516129032259,0.5077566469944454,0.8650136404037475,0.6290322580645161,73.0,0.0483870967741935,0.6290322580645161,Gujarat,BARDOLI,26,0.0,0.6644342344357622,1.349779697537295,27468376.0,42,0.4679525228894977,0.6525650003591179,0.0238095238095238,1.0,5841480.0,0.6525650003591179,1.0,0,cost_deviation_pct_mean,-2.846611,num_works,-0.3842512,anomaly_flag_rate,-0.3092817,0.01683062252899011,0.014656009,0.5,0,0.19423368740515934,agree
Smt Sajda Ahmed,462,0.0,Low,0,"ULUBERIA, West Bengal",MONIMOY SINGHA ROY,1.0,0,cost_deviation_pct_mean (-3.742); cost_deviation_pct_max (+0.505); num_works (-0.421),92,0.1723616581610713,0.221642998668228,0.0434782608695652,0.0764717391304347,2.0853,0.8434239130434783,0.2246194884923242,0.8091422133445739,0.3043478260869565,29.0,0.0326086956521739,0.3043478260869565,West Bengal,ULUBERIA,25,0.04,0.7034915289343691,2.396273341665415,47622814.0,57,0.4235500295484816,0.6533209437621202,0.0175438596491228,1.0,6925835.0,0.6533209437621202,1.0,0,cost_deviation_pct_mean,-3.7418387,cost_deviation_pct_max,0.5054715,num_works,-0.42061085,0.016697025236984093,0.014304345,0.5,0,0.19423368740515934,agree
BABU SINGH KUSHWAHA,463,0.0,Low,0,"JAUNPUR, Uttar Pradesh",SURAJ CONSTRUCTION,1.0,0,cost_deviation_pct_mean (-2.857); num_works (-0.486); cost_deviation_pct_max (-0.345),522,0.1762823164569185,0.2197366266751899,0.0210727969348659,0.1022971264367816,2.85,0.8464080459770115,0.7578804598316142,0.8680000119209289,0.942528735632184,581.0,0.0459770114942528,0.942528735632184,Uttar Pradesh,JAUNPUR,19,0.0526315789473684,0.6845186012074436,1.9161880722534248,47327917.0,17,0.5382581614848051,0.6576070171658407,0.0588235294117647,1.0,8716543.0,0.6576070171658407,1.0,0,cost_deviation_pct_mean,-2.8569672,num_works,-0.4855229,cost_deviation_pct_max,-0.34525764,0.016694774851202965,0.014861988,0.5,0,0.19423368740515934,agree
RAMBHUAL NISHAD,464,0.0,Low,0,"SULTANPUR, Uttar Pradesh",Ajay Kumar Singh,1.0,0,cost_deviation_pct_mean (-2.968); cost_deviation_pct_max (-2.686); num_works (+0.878),6,-0.0477341062021566,-0.0353695096524759,1.0,0.0342,0.1172,0.8689999999999999,0.3962121477229979,0.8293204302611175,0.5,3.0,0.0,0.5,Uttar Pradesh,SULTANPUR,26,0.0384615384615384,1.1737893351755115,5.226125200708824,87473694.0,14,0.5531560059921404,0.6545778567837391,0.2857142857142857,1.0,40808252.0,0.6187504488975077,0.0,0,cost_deviation_pct_mean,-2.9681756,cost_deviation_pct_max,-2.685949,num_works,0.8780748,0.016677132497231167,0.010573227,0.5,0,0.19423368740515934,agree
V S Matheswaran,465,0.0,Low,0,"NAMAKKAL, Tamil Nadu",Hindusthan Power Technology,1.0,0,cost_deviation_pct_mean (-2.189); duplicate_score_max (-0.263); cost_deviation_pct_max (-0.259),140,0.1628483595975655,0.2205647353596594,0.0857142857142857,0.1142228571428571,2.8396,0.8416142857142856,0.484790672536371,0.8664601259231567,0.6214285714285714,81.0,0.0428571428571428,0.6214285714285714,Tamil Nadu,NAMAKKAL,22,0.0454545454545454,0.5012237006637954,1.0562608599647614,90580955.0,30,0.498783547607077,0.6955217984629749,0.0333333333333333,1.0,35364803.0,0.6955217984629749,1.0,0,cost_deviation_pct_mean,-2.189427,duplicate_score_max,-0.2627152,cost_deviation_pct_max,-0.2590749,0.01663807810594638,0.01741836,0.5,0,0.19423368740515934,agree
Shri G.C. Chandrashekhar (2024-30),466,0.0,Low,0,"Sitting Rajya Sabha, Karnataka",N G GANESH BABU,0.0,0,cost_deviation_pct_mean (-3.490); num_works (-0.389); collusion_score_mean (-0.316),65,0.1933178837565594,0.2218580082461208,0.0153846153846153,0.0617830769230769,2.6442,0.8331846153846153,0.0,0.0,0.0,1.0,0.0153846153846153,0.0,Karnataka,Sitting Rajya Sabha,19,0.0,0.6503991805868364,1.9628703265651684,69767504.0,30,0.4491354533266298,0.6843011563599799,0.1,1.0,25853828.0,0.6705873374991023,1.0,0,cost_deviation_pct_mean,-3.4896314,num_works,-0.38866615,collusion_score_mean,-0.3161541,0.016593435779213905,0.017765399,0.5,0,0.19423368740515934,agree
Shri Deepak (Dev) Adhikari ,467,0.0,Low,0,"GHATAL, West Bengal",DUTTA ENTERPRISE,1.0,0,cost_deviation_pct_mean (-2.632); num_works (-0.463); duplicate_score_max (-0.303),165,0.1736762720867963,0.2088988421822815,0.0363636363636363,0.09268,2.4699,0.8542727272727273,0.8029017293424852,0.8680000119209289,0.9393939393939394,96.0,0.0363636363636363,0.9393939393939394,West Bengal,GHATAL,15,0.0,0.7977458570147516,1.3872243891791405,87788715.0,12,0.5595133352486293,0.6665706026000144,0.25,1.0,24502634.0,0.6665706026000144,1.0,0,cost_deviation_pct_mean,-2.631808,num_works,-0.4632648,duplicate_score_max,-0.30306938,0.016552512844403584,0.01611467,0.5,0,0.19423368740515934,agree
GOVIND MAKTHAPPA KARJOL,468,0.0,Low,0,"CHITRADURGA, Karnataka",Project Director Nirmithi Kendra Chitradrga,1.0,0,cost_deviation_pct_mean (-3.074); num_works (-0.741); cost_deviation_pct_max (+0.639),19,0.1612470750110104,0.216017342186027,0.0526315789473684,0.0698684210526315,1.5968,0.8432631578947367,0.4968969621343292,0.7579450124674866,0.6842105263157895,46.0,0.0526315789473684,0.6842105263157895,Karnataka,CHITRADURGA,17,0.0,0.4603754192308605,0.8337177830524215,46311790.0,38,0.4572116093400923,0.6715910723263665,0.0263157894736842,1.0,19375000.0,0.6715910723263665,1.0,0,cost_deviation_pct_mean,-3.0740345,num_works,-0.7413817,cost_deviation_pct_max,0.63902336,0.01652450238664945,0.012359454,0.5,0,0.19423368740515934,agree
VIVEK THAKUR,469,0.0,Low,0,"NAWADA, Bihar",ASSISTANT ENGINEER LAEO SHEIKHPURA,0.0,0,cost_deviation_pct_max (-2.896); cost_deviation_pct_mean (-2.718); num_works (+0.830),1,0.2044243547749494,0.2044243547749494,0.0,0.0724,0.0724,0.95,0.0,0.0,0.0,1.0,0.0,0.0,Bihar,NAWADA,11,0.0909090909090909,2.271687962948447,15.168480577484928,6537792.0,3,0.6133104096339391,0.6640442074265605,0.3333333333333333,1.0,7279521.0,0.5964833369245134,0.0,0,cost_deviation_pct_max,-2.8958256,cost_deviation_pct_mean,-2.7180548,num_works,0.82963604,0.01648361577341954,0.012360059,0.5,0,0.19423368740515934,agree
Vijay Kumar Dubey,470,0.0,Low,0,"KUSHI NAGAR, Uttar Pradesh",MAHI ENTERPRISES,0.0,0,cost_deviation_pct_mean (-2.928); num_works (-0.381); collusion_score_max (+0.279),132,0.1910151569567623,0.2184865099695089,0.0151515151515151,0.0958674242424242,2.6819,0.8486818181818182,0.0,0.0,0.0,1.0,0.0378787878787878,0.0,Uttar Pradesh,KUSHI NAGAR,25,0.08,0.8248601692500196,3.1097450293795226,80256423.0,19,0.4318371815662837,0.6736075199310494,0.1052631578947368,1.0,53641199.0,0.6736075199310494,1.0,0,cost_deviation_pct_mean,-2.9276853,num_works,-0.38139284,collusion_score_max,0.27874574,0.016361857764422894,0.026199207,0.5,0,0.19423368740515934,agree
Saumitra khan ,471,0.0,Low,0,"BISHNUPUR, West Bengal",MAA BHABANI CONSTRUCTION,1.0,0,cost_deviation_pct_mean (-3.267); cost_deviation_pct_max (+0.840); num_works (-0.385),48,0.1341750504997383,0.2174455346146346,0.0416666666666666,0.0383145833333333,0.5909,0.8428333333333334,0.6567424067723803,0.8680000119209289,0.8333333333333334,17.0,0.0208333333333333,0.8333333333333334,West Bengal,BISHNUPUR,17,0.0,0.733515876169049,1.8530320608903912,57558347.0,17,0.5595645271683334,0.6636401996696114,0.1176470588235294,1.0,14102877.0,0.6636401996696114,1.0,0,cost_deviation_pct_mean,-3.2674534,cost_deviation_pct_max,0.84023553,num_works,-0.38515308,0.016123336429397266,0.028112117,0.5,0,0.19423368740515934,agree
ANIL BALUNI,472,0.0,Low,0,"GARHWAL, Uttarakhand",BRANCH EARMARKED CAPITAL RECEIPT AC,0.0,0,cost_deviation_pct_max (-2.854); cost_deviation_pct_mean (-2.823); num_works (+0.850),1,0.2099136190155766,0.2099136190155766,0.0,-0.0163,-0.0163,0.919,0.0,0.0,0.0,1.0,0.0,0.0,Uttarakhand,GARHWAL,14,0.0714285714285714,1.0885862852468418,3.128686823480822,2739441.0,6,0.5933724771960066,0.6477276808159161,0.0,0.0,3700100.0,0.5920338648279825,0.0,0,cost_deviation_pct_max,-2.8541098,cost_deviation_pct_mean,-2.8229904,num_works,0.84962404,0.015887715232868988,0.013652732,0.5,0,0.19423368740515934,agree
DR C N MANJUNATH,473,0.0,Low,0,"BANGALORE RURAL, Karnataka",PROJECT MANAGER NIRMITHI KENDRA RAMANAGARA,1.0,0,cost_deviation_pct_mean (-3.671); cost_deviation_pct_max (+0.555); num_works (-0.411),66,0.1925356282085472,0.2231904696791557,0.0151515151515151,0.0715696969696969,1.9435,0.8637272727272727,0.4283057548323444,0.8422205439673529,0.5757575757575758,79.0,0.0303030303030303,0.5757575757575758,Karnataka,BANGALORE RURAL,22,0.0454545454545454,0.4389962352028578,1.2359960073160892,58422695.0,36,0.426401458019105,0.6409636931695756,0.0,0.0,29875000.0,0.6235177404295051,0.0,0,cost_deviation_pct_mean,-3.6713445,cost_deviation_pct_max,0.5550906,num_works,-0.41077912,0.01583829242736101,0.01300772,0.5,0,0.19423368740515934,agree
EATALA RAJENDER,474,0.0,Low,0,"MALKAJGIRI, Telangana",SPR Infra,1.0,0,cost_deviation_pct_mean (-2.994); cost_deviation_pct_max (+0.898); num_works (-0.386),29,0.1260675445403105,0.2158706524055423,0.0344827586206896,0.0407,0.7939,0.8468275862068966,0.4390942491618638,0.8672715835571289,0.5862068965517241,91.0,0.0344827586206896,0.5862068965517241,Telangana,MALKAJGIRI,18,0.0555555555555555,-0.234323676790543,1.252263447811935,34708670.0,25,0.5164790993320405,0.6362520649285355,0.0,0.0,4585986.0,0.6362520649285355,0.0,0,cost_deviation_pct_mean,-2.9941394,cost_deviation_pct_max,0.8975162,num_works,-0.38648424,0.015524943048755327,0.024893573,0.5,0,0.19423368740515934,agree
CHHOTELAL,475,0.0,Low,0,"ROBERTSGANJ, Uttar Pradesh",UP STATE AGRO INDUSTRIAL CORPORATION LTD BICHPAI URMAURA,1.0,0,cost_deviation_pct_mean (-2.888); num_works (-0.452); duplicate_score_max (-0.275),261,0.1736899751042235,0.2189769925591811,0.0306513409961685,0.1033157088122605,2.7486,0.843816091954023,0.7533354864169204,0.8679999523162841,0.9272030651340996,99.0,0.0459770114942528,0.9272030651340996,Uttar Pradesh,ROBERTSGANJ,22,0.0454545454545454,0.7445372046213133,2.880644943699136,90952339.0,21,0.5104881268746815,0.692481864540688,0.0476190476190476,1.0,35185476.0,0.692481864540688,1.0,0,cost_deviation_pct_mean,-2.8879411,num_works,-0.45160055,duplicate_score_max,-0.27501184,0.015521966231366,0.019386278,0.5,0,0.19423368740515934,agree
Ashok Kumar Rawat,476,0.0,Low,0,"MISRIKH, Uttar Pradesh",SHREE VISHNU TRADERS,1.0,0,cost_deviation_pct_mean (-3.063); cost_deviation_pct_max (-2.612); num_works (+0.876),2,-0.0883075174017718,-0.0743287714814112,1.0,0.07685,0.1418,0.8245,0.6843258547782898,0.6843258547782898,1.0,2.0,0.0,1.0,Uttar Pradesh,MISRIKH,21,0.0952380952380952,1.3960625932779331,4.532007925614853,121139986.0,3,0.6251014508367448,0.6878671981613158,0.6666666666666666,1.0,79363779.0,0.6878671981613158,1.0,0,cost_deviation_pct_mean,-3.0628266,cost_deviation_pct_max,-2.612354,num_works,0.87566626,0.015427193604409695,0.009057502,0.5,0,0.19423368740515934,agree
Asit Kumar Mal ,477,0.0,Low,0,"BOLPUR, West Bengal",BIDYUT BHANDARI,1.0,0,cost_deviation_pct_mean (-2.933); num_works (-0.430); anomaly_flag_rate (-0.302),134,0.1516907610767407,0.2214720635901741,0.0597014925373134,0.0979388059701492,2.6499,0.861544776119403,0.4567348813775444,0.8680000119209289,0.5895522388059702,17.0,0.044776119402985,0.5895522388059702,West Bengal,BOLPUR,25,0.04,0.5518248418517054,1.8221077543157451,167656043.0,77,0.4013465875860834,0.6646762551174317,0.0259740259740259,1.0,37112787.0,0.6646762551174317,1.0,0,cost_deviation_pct_mean,-2.932587,num_works,-0.4301036,anomaly_flag_rate,-0.3024396,0.01529259979724884,0.009950647,0.5,0,0.19423368740515934,agree
AWADHESH PRASAD,478,0.0,Low,0,"FAIZABAD, Uttar Pradesh",Manoj kumar Srivastava,1.0,0,cost_deviation_pct_mean (-3.682); cost_deviation_pct_max (+0.458); num_works (-0.428),108,0.1756687121344148,0.2211755423391783,0.0277777777777777,0.0659194444444444,2.2259,0.8436296296296296,0.4378639016838984,0.810433488368988,0.6018518518518519,42.0,0.0185185185185185,0.6018518518518519,Uttar Pradesh,FAIZABAD,20,0.0,0.567486931848475,1.761371258673241,92097873.0,26,0.5402890692766259,0.6549854557207498,0.0384615384615384,1.0,14443957.0,0.6549854557207498,1.0,0,cost_deviation_pct_mean,-3.6822147,cost_deviation_pct_max,0.45788783,num_works,-0.42768848,0.015201295415560404,0.015957145,0.5,0,0.19423368740515934,agree
Shri NK Premachandran,479,0.0,Low,0,"KOLLAM, Kerala",NIKHIL,1.0,0,cost_deviation_pct_mean (-3.579); cost_deviation_pct_max (+0.785); num_works (-0.395),53,0.17984282343059,0.2207034670726887,0.0377358490566037,0.0280301886792452,0.6719,0.8490566037735849,0.1506667333309364,0.8241404705047607,0.1886792452830188,56.0,0.0188679245283018,0.1886792452830188,Kerala,KOLLAM,29,0.0344827586206896,-0.8069014583591821,3.24449552668337,65801960.0,41,0.4332715825542224,0.6279043668749551,0.0,0.0,5553099.0,0.6279043668749551,0.0,0,cost_deviation_pct_mean,-3.5794375,cost_deviation_pct_max,0.78509265,num_works,-0.39502642,0.0149884686494867,0.0149958115,0.5,0,0.19423368740515934,agree
LAXMIKANT PAPPU NISHAD,480,0.0,Low,0,"SANT KABIR NAGAR, Uttar Pradesh",JAI MATA DI VP CONSTRUCTION,1.0,0,cost_deviation_pct_mean (-2.834); cost_deviation_pct_max (-2.823); num_works (+0.860),2,0.1690889380975184,0.1691279082492693,0.0,0.0349,0.0556,0.8885000000000001,0.6973285530281067,0.6973285530281067,1.0,2.0,0.0,1.0,Uttar Pradesh,SANT KABIR NAGAR,19,0.0526315789473684,0.4019709059063891,3.1645529995958057,27502127.0,6,0.5713938566879744,0.671118832148244,0.1666666666666666,1.0,21751540.0,0.671118832148244,1.0,0,cost_deviation_pct_mean,-2.834041,cost_deviation_pct_max,-2.8232508,num_works,0.8599243,0.014832637272775173,0.017056754,0.5,0,0.19423368740515934,agree
Manoj Tiwari,481,0.0,Low,0,"NORTH EAST DELHI, Delhi",Central Electronics Limited,1.0,0,cost_deviation_pct_max (-2.905); cost_deviation_pct_mean (-2.835); num_works (+0.826),6,0.1624615981243553,0.1872454950319794,0.0,0.00135,0.0843,0.934,0.2409397703001741,0.7228193109005224,0.3333333333333333,2.0,0.0,0.3333333333333333,Delhi,NORTH EAST DELHI,13,0.0769230769230769,12.260638435724532,118.292050951403,29733175.0,4,0.6004960317460317,0.6719465991524816,0.25,1.0,22498131.0,0.6719465991524816,1.0,0,cost_deviation_pct_max,-2.905054,cost_deviation_pct_mean,-2.8349288,num_works,0.8261042,0.014700910697380701,0.01271177,0.5,0,0.19423368740515934,agree
Shri Lahar Singh Siroya (2022-28),482,0.0,Low,0,"Sitting Rajya Sabha, Karnataka",YASHODA R,0.0,0,cost_deviation_pct_max (-2.877); cost_deviation_pct_mean (-2.766); num_works (+0.853),2,0.1603572019251943,0.203221754351098,0.0,0.0619,0.1485,0.915,0.0,0.0,0.0,1.0,0.0,0.0,Karnataka,Sitting Rajya Sabha,15,0.0666666666666666,0.1198743280581349,1.911649914791851,9964305.0,4,0.601160175608705,0.7000215470803707,0.25,1.0,12962993.0,0.7000215470803707,1.0,0,cost_deviation_pct_max,-2.8765616,cost_deviation_pct_mean,-2.7660763,num_works,0.8530199,0.01458455373843511,0.013167258,0.5,0,0.19423368740515934,agree
Sanjay Kumar Bandi,483,0.0,Low,0,"KARIMNAGAR, Telangana",Ahmed Raza,1.0,0,cost_deviation_pct_mean (-2.873); num_works (-0.432); sor_match_confidence_mean (-0.272),173,0.093312240418097,0.2175078008040572,0.0867052023121387,0.0882329479768786,2.4406,0.8568728323699423,0.6844197069669126,0.864791924593388,0.8497109826589595,346.0,0.0346820809248554,0.8497109826589595,Telangana,KARIMNAGAR,19,0.0,0.5580094551644552,1.8904772351564496,65663959.0,59,0.430308890179279,0.6859548947784242,0.0508474576271186,1.0,19407839.0,0.6839366515837104,1.0,0,cost_deviation_pct_mean,-2.873372,num_works,-0.43228102,sor_match_confidence_mean,-0.27159905,0.0145332474882404,0.01973134,0.5,0,0.19423368740515934,agree
Chandra Prakash Joshi,484,0.0,Low,0,"CHITTORGARH, Rajasthan",KRISHNA BRICKS,1.0,0,cost_deviation_pct_mean (-3.008); cost_deviation_pct_max (-2.737); num_works (+0.908),10,0.2014178505057983,0.2226293858413077,0.0,0.0366299999999999,0.1157,0.8724999999999999,0.361571831780665,0.7884360663890838,0.5,37.0,0.0,0.5,Rajasthan,CHITTORGARH,24,0.0416666666666666,1.0312612957499572,3.9382552383499023,4980185.0,32,0.3243152068519715,0.6381948933419521,0.0,0.0,983854.0,0.6381948933419521,0.0,0,cost_deviation_pct_mean,-3.0075762,cost_deviation_pct_max,-2.7374709,num_works,0.90841234,0.014514029957354069,0.010287767,0.5,0,0.19423368740515934,agree
DEEPENDER SINGH HOODA,485,0.0,Low,0,"ROHTAK, Haryana",JOGINDER GOVT CONTRACTOR,1.0,0,cost_deviation_pct_mean (-3.627); cost_deviation_pct_max (+0.622); num_works (-0.403),70,0.1833976124042518,0.2194479245393491,0.0285714285714285,0.0731457142857142,1.957,0.8620428571428571,0.1553614357950444,0.7720130255586837,0.2142857142857142,8.0,0.0428571428571428,0.2142857142857142,Haryana,ROHTAK,22,0.0,0.3309346845849983,1.0,59066490.0,80,0.442276774491848,0.6590093729799612,0.0125,1.0,7952996.0,0.6590093729799612,1.0,0,cost_deviation_pct_mean,-3.6270158,cost_deviation_pct_max,0.62217945,num_works,-0.4025907,0.014329236621658007,0.014026477,0.5,0,0.19423368740515934,agree
Shri Satnam Singh Sandhu (2024-30),486,0.0,Low,0,"Nominated Rajya Sabha, Chandigarh",Shivin Construction and Co,0.0,0,cost_deviation_pct_mean (-2.927); cost_deviation_pct_max (-2.736); num_works (+0.892),4,0.1804841160976152,0.2068008793328956,0.0,0.03695,0.0865,0.88425,0.0,0.0,0.0,1.0,0.0,0.0,Chandigarh,Nominated Rajya Sabha,18,0.0555555555555555,0.7882292746352206,2.419362088777972,9104144.0,27,0.4541549953314658,0.6437001723766429,0.0,0.0,3550169.0,0.5734135962077138,0.0,0,cost_deviation_pct_mean,-2.9273517,cost_deviation_pct_max,-2.7361152,num_works,0.8915134,0.01423766246686379,0.01022419,0.5,0,0.19423368740515934,agree
Shri B. Parthasaradhi Reddy (2022-28),487,0.0,Low,0,"Sitting Rajya Sabha, Telangana",CARTEL_CORP_A,0.0,0,cost_deviation_pct_max (-2.871); cost_deviation_pct_mean (-2.651); num_works (+0.852),6,0.2087899994734836,0.2164855548284068,0.0,0.0681833333333333,0.1463,0.8845000000000001,0.0,0.0,0.0,1.0,0.0,0.0,Telangana,Sitting Rajya Sabha,2,0.0,0.0,0.0,5945528.0,2,0.7225297170150111,0.8975939093586153,0.5,1.0,65954701.0,0.8975939093586153,1.0,0,cost_deviation_pct_max,-2.8705883,cost_deviation_pct_mean,-2.6507673,num_works,0.8520494,0.013733236429591974,0.017032651,0.5,0,0.19423368740515934,agree
SUNIL BOSE,488,0.0,Low,0,"CHAMARAJANAGAR, Karnataka",NIRMITHI KENDRA CHAMARAJANAGAR,1.0,0,cost_deviation_pct_mean (-2.927); cost_deviation_pct_max (-1.831); sor_match_confidence_mean (+0.570),24,0.187529335545368,0.2205436645897613,0.0,0.0481541666666666,0.1378,0.8699166666666667,0.247460464322929,0.7919243777186077,0.3333333333333333,12.0,0.0,0.3333333333333333,Karnataka,CHAMARAJANAGAR,16,0.0625,1.1524436083725331,4.556315534818054,50427615.0,4,0.5268059146735617,0.665802090066796,0.25,1.0,13862500.0,0.665802090066796,1.0,0,cost_deviation_pct_mean,-2.926976,cost_deviation_pct_max,-1.8313156,sor_match_confidence_mean,0.5702165,0.01372934877872467,0.0114784725,0.5,0,0.19423368740515934,agree
Shri Harsh Mahajan (2024-30),489,0.0,Low,0,"Sitting Rajya Sabha, Himachal Pradesh",BDO MASHOBRA RAJYA SABHA,0.0,0,cost_deviation_pct_mean (-3.039); num_works (-0.471); cost_deviation_pct_max (-0.323),154,0.1930316743348143,0.223185475213901,0.0129870129870129,0.0888428571428571,2.8831,0.8457402597402598,0.0,0.0,0.0,1.0,0.0389610389610389,0.0,Himachal Pradesh,Sitting Rajya Sabha,28,0.0357142857142857,0.547208647575069,1.696783657281863,75761105.0,124,0.4015444029141847,0.6623805932629462,0.0080645161290322,1.0,7810000.0,0.6623805932629462,1.0,0,cost_deviation_pct_mean,-3.0385373,num_works,-0.4710374,cost_deviation_pct_max,-0.32296327,0.01369350217282772,0.014524342,0.5,0,0.19423368740515934,agree
Dr. Sangeeta Balwant (2024-30),490,0.0,Low,0,"Sitting Rajya Sabha, Uttar Pradesh",SHRI SAI ENGINEERING WORKS,0.0,0,cost_deviation_pct_mean (-3.211); cost_deviation_pct_max (-2.593); num_works (+0.890),2,0.2131907158318593,0.2187665289633421,0.0,0.0421,0.1197,0.8465,0.0,0.0,0.0,1.0,0.0,0.0,Uttar Pradesh,Sitting Rajya Sabha,20,0.0,0.9209162902460796,1.8721223033106371,68851419.5,6,0.6156259726112667,0.6665131437190261,0.1666666666666666,1.0,50590664.5,0.6476046828988006,0.0,0,cost_deviation_pct_mean,-3.2106605,cost_deviation_pct_max,-2.5929325,num_works,0.8900631,0.013512189500033855,0.008641281,0.5,0,0.19423368740515934,agree
Shri Karti P Chidambaram ,491,0.0,Low,0,"SIVAGANGA, Tamil Nadu",M KARTHIKEYAN,1.0,0,cost_deviation_pct_mean (-3.033); num_works (-0.372); cost_deviation_pct_max (-0.285),117,0.1825115070535758,0.2202404229899532,0.0256410256410256,0.0955504273504273,2.8491,0.8487863247863248,0.5232047074248525,0.8389971666336059,0.7094017094017094,32.0,0.0341880341880341,0.7094017094017094,Tamil Nadu,SIVAGANGA,27,0.037037037037037,0.7428216503052397,2.7598036883613157,98344507.0,77,0.4118394793814962,0.6832345758816347,0.0259740259740259,1.0,23133429.0,0.6832345758816347,1.0,0,cost_deviation_pct_mean,-3.0326295,num_works,-0.37204376,cost_deviation_pct_max,-0.2854567,0.01346470353504022,0.024641918,0.5,0,0.19423368740515934,agree
Shri Birendra Prasad Baishya (2025-31),492,0.0,Low,0,"Sitting Rajya Sabha, Assam",Shyama Gaon Bazar to Shyama Gaon Field,0.0,0,cost_deviation_pct_mean (-2.986); cost_deviation_pct_max (-2.803); num_works (+0.854),1,0.1588879807052294,0.1588879807052294,0.0,-0.0608,-0.0608,0.974,0.0,0.0,0.0,1.0,0.0,0.0,Assam,Sitting Rajya Sabha,12,0.0,0.7412939560683435,2.4450909093291457,27790330.0,17,0.58813447701856,0.6398432449903038,0.0,0.0,4500000.0,0.5700414781297134,0.0,0,cost_deviation_pct_mean,-2.986477,cost_deviation_pct_max,-2.802969,num_works,0.85376954,0.013452627696096897,0.010776843,0.5,0,0.19423368740515934,agree
Vijay Baghel,493,0.0,Low,0,"DURG, Chhattisgarh",ARHAM CONSTRUCTION,1.0,0,cost_deviation_pct_mean (-2.810); num_works (-0.394); duplicate_score_max (-0.275),70,0.1812784466586216,0.2195195013076483,0.0428571428571428,0.08954,2.4582,0.8386,0.7527386466422387,0.8680000119209289,0.9,63.0,0.0285714285714285,0.9,Chhattisgarh,DURG,28,0.0357142857142857,1.3423893372365088,17.438641295278025,58735103.0,81,0.4567672906452862,0.6364980607627666,0.0,0.0,4879417.0,0.6364980607627666,0.0,0,cost_deviation_pct_mean,-2.8095832,num_works,-0.39442724,duplicate_score_max,-0.27489778,0.013422505309184393,0.0150734,0.5,0,0.19423368740515934,agree
Kangana Ranaut,494,0.0,Low,0,"MANDI, Himachal Pradesh",Block Development  Office Rampur  Lok Sabha,1.0,0,cost_deviation_pct_mean (-3.675); num_works (-0.419); cost_deviation_pct_max (+0.402),73,0.1847317337800043,0.2228024951541972,0.0136986301369863,0.058104109589041,2.2616,0.8623287671232878,0.3579903176574329,0.8641939573287963,0.4794520547945205,45.0,0.0410958904109589,0.4794520547945205,Himachal Pradesh,MANDI,28,0.0357142857142857,0.4818422878849345,1.8707095813442636,56986009.0,239,0.3231640918356399,0.6401700423759247,0.0,0.0,6650000.0,0.6047861452273217,0.0,0,cost_deviation_pct_mean,-3.6751175,num_works,-0.41859266,cost_deviation_pct_max,0.40241104,0.013382548776765665,0.012345975,0.5,0,0.19423368740515934,agree
Sivanath Kesineni,495,0.0,Low,0,"VIJAYAWADA, Andhra Pradesh",Power Solutions,0.0,0,cost_deviation_pct_mean (-2.852); cost_deviation_pct_max (-2.623); num_works (+0.859),1,-0.0734269388270461,-0.0734269388270461,1.0,0.0072,0.0072,0.736,0.0,0.0,0.0,1.0,0.0,0.0,Andhra Pradesh,VIJAYAWADA,10,0.0,1.2154507962192918,1.7246757397460577,6329561.0,3,0.6544737125619479,0.7005772821949292,0.3333333333333333,1.0,3290032.0,0.6409205990088344,0.0,0,cost_deviation_pct_mean,-2.851793,cost_deviation_pct_max,-2.6234212,num_works,0.8591922,0.013337286189198494,0.008907413,0.5,0,0.19423368740515934,agree
M.K. VISHNUPRASAD,496,0.0,Low,0,"CUDDALORE, Tamil Nadu",VDH ENGINEERING SERVICES,1.0,0,cost_deviation_pct_mean (-3.027); anomaly_score_max (+0.403); num_works (-0.384),74,0.1729772509692139,0.2216920595319264,0.027027027027027,0.0850067567567567,2.6931,0.8476216216216216,0.4529280700526491,0.8263253383636474,0.6081081081081081,36.0,0.027027027027027,0.6081081081081081,Tamil Nadu,CUDDALORE,21,0.0,0.6133030862584444,1.042228304463204,71744686.0,45,0.4816925431141117,0.631338432809021,0.0,0.0,6269246.0,0.631338432809021,0.0,0,cost_deviation_pct_mean,-3.0268,anomaly_score_max,0.4025844,num_works,-0.38378045,0.013298536806056896,0.019201342,0.5,0,0.19423368740515934,agree
Shri Satish Chandra Dubey (2022-28),497,0.0,Low,0,"Sitting Rajya Sabha, Bihar",ASSISTANT ENGINEER SIKTA,0.0,0,cost_deviation_pct_mean (-3.467); num_works (-0.488); collusion_score_mean (-0.277),162,0.1863441576130116,0.2219844324320921,0.0061728395061728,0.0630820987654321,2.8195,0.8256419753086419,0.0,0.0,0.0,1.0,0.0185185185185185,0.0,Bihar,Sitting Rajya Sabha,39,0.0,-0.0799141640320318,0.7571277839474772,160336407.0,26,0.4539164926325559,0.6649680384974503,0.0384615384615384,1.0,12099824.0,0.6649680384974503,1.0,0,cost_deviation_pct_mean,-3.4667444,num_works,-0.48783857,collusion_score_mean,-0.27671653,0.013189754138390223,0.008946119,0.5,0,0.19423368740515934,agree
Shri Hanuman Beniwal,498,0.0,Low,0,"NAGAUR, Rajasthan",MAHADEV CONSTRUCTION COMPANY,1.0,0,cost_deviation_pct_mean (-3.006); num_works (-0.458); cost_deviation_pct_max (-0.283),177,0.1745651485721733,0.2185385454761391,0.0282485875706214,0.0987435028248587,2.8235,0.849774011299435,0.4561666266510358,0.8410043530464172,0.6045197740112994,67.0,0.0451977401129943,0.6045197740112994,Rajasthan,NAGAUR,25,0.04,0.6626007162188184,2.0271886036278253,68636220.0,101,0.3732466241129607,0.61950639230051,0.0,0.0,5788458.0,0.5888009049773757,0.0,0,cost_deviation_pct_mean,-3.0063157,num_works,-0.45784995,cost_deviation_pct_max,-0.28267407,0.013098790620764097,0.013661724,0.5,0,0.19423368740515934,agree
Dr. Laxmikant Bajpayee (2022-28),499,0.0,Low,0,"Sitting Rajya Sabha, Uttar Pradesh",DHIRENDRA SINGH,0.0,0,cost_deviation_pct_mean (-3.034); cost_deviation_pct_max (-2.751); num_works (+0.868),4,0.1435378737808066,0.1935370500253979,0.0,0.041675,0.1145,0.9145,0.0,0.0,0.0,1.0,0.0,0.0,Uttar Pradesh,Sitting Rajya Sabha,21,0.0,0.8831915462351406,3.800667474974547,39061207.0,19,0.5189898294000461,0.6634660274366158,0.0526315789473684,1.0,12994196.0,0.6634660274366158,1.0,0,cost_deviation_pct_mean,-3.0339136,cost_deviation_pct_max,-2.7507808,num_works,0.8683092,0.013029965882500013,0.012390645,0.5,0,0.19423368740515934,agree
CHANDUBHAI CHHAGANBHAI SHIHORA,500,0.0,Low,0,"SURENDRANAGAR, Gujarat",LATUDA GRAM PANCHAYAT,1.0,0,cost_deviation_pct_mean (-3.593); cost_deviation_pct_max (+0.588); num_works (-0.417),100,0.196496738025859,0.2211899725970905,0.02,0.054181,1.9771,0.8541500000000001,0.5514756421635216,0.8337509258276948,0.76,39.0,0.03,0.76,Gujarat,SURENDRANAGAR,21,0.0476190476190476,0.4869746462484332,1.2108390087049887,59546562.0,141,0.3814370947506116,0.6143925518925519,0.0,0.0,1498877.0,0.5534394527041586,0.0,0,cost_deviation_pct_mean,-3.5932333,cost_deviation_pct_max,0.5881918,num_works,-0.41699854,0.012994624363879362,0.012071685,0.5,0,0.19423368740515934,agree
Shri Subhasish Khuntia (2024-30),501,0.0,Low,0,"Sitting Rajya Sabha, Odisha",TAPABANTA SAHOO,0.0,0,cost_deviation_pct_mean (-3.042); cost_deviation_pct_max (-2.559); num_works (+0.918),3,0.2015861931266645,0.204133475915788,0.0,0.0619333333333333,0.1312,0.8556666666666667,0.0,0.0,0.0,1.0,0.0,0.0,Odisha,Sitting Rajya Sabha,12,0.0,0.7840797185225786,1.650043375710593,6285385.0,11,0.5392667789726613,0.678720462543992,0.1818181818181818,1.0,3807643.0,0.678720462543992,1.0,0,cost_deviation_pct_mean,-3.0417783,cost_deviation_pct_max,-2.5589037,num_works,0.91847044,0.012834351509809494,0.011754788,0.5,0,0.19423368740515934,agree
Dr Jayanta Kumar Roy,502,0.0,Low,0,"JALPAIGURI, West Bengal",CONSTRUCON POWER ENGINEERING,0.0,0,cost_deviation_pct_mean (-2.912); cost_deviation_pct_max (-2.569); num_works (+0.897),2,0.0670983729713713,0.087353657047743,0.0,-0.0029999999999999,0.0317,0.8069999999999999,0.0,0.0,0.0,1.0,0.0,0.0,West Bengal,JALPAIGURI,4,0.0,0.0,0.0,12082736.0,3,0.6374814455696808,0.6499667815844286,0.0,0.0,17352260.0,0.6230311355311355,0.0,0,cost_deviation_pct_mean,-2.9119318,cost_deviation_pct_max,-2.5687888,num_works,0.8966027,0.012691966257989407,0.008925883,0.5,0,0.19423368740515934,agree
Shri Pabitra Margherita (2022-28),503,0.0,Low,0,"Sitting Rajya Sabha, Assam",MS Allied Construction Co,0.0,0,cost_deviation_pct_mean (-3.128); cost_deviation_pct_max (-2.726); num_works (+0.852),5,0.1536330652221312,0.1957078197523515,0.0,0.0018,0.1154,0.8911999999999999,0.0,0.0,0.0,1.0,0.0,0.0,Assam,Sitting Rajya Sabha,23,0.0,0.7063383103630619,2.3618521214704864,63765614.44,46,0.5254458918461475,0.6501122243769303,0.0217391304347826,1.0,5000000.0,0.6470902463549522,0.0,0,cost_deviation_pct_mean,-3.1281874,cost_deviation_pct_max,-2.7256637,num_works,0.8524788,0.012612306202451387,0.010538783,0.5,0,0.19423368740515934,agree
DR. MANSUKH MANDAVIYA,504,0.0,Low,0,"PORBANDAR, Gujarat",MSS MEDITECHNO,1.0,0,cost_deviation_pct_mean (-2.937); num_works (-0.391); residual_pct_max (-0.237),74,0.1635744949509124,0.2195536940721706,0.081081081081081,0.0843581081081081,2.485,0.8514324324324324,0.4029010408663886,0.8351489119529724,0.5540540540540541,26.0,0.0405405405405405,0.5540540540540541,Gujarat,PORBANDAR,20,0.05,0.6344541521632132,1.2114890503971325,35557268.0,70,0.4492119668380173,0.6033676291029233,0.0,0.0,10091324.0,0.5992808661926309,0.0,0,cost_deviation_pct_mean,-2.936681,num_works,-0.3909434,residual_pct_max,-0.23677951,0.012277410676081976,0.01296219,0.5,0,0.19423368740515934,agree
Giridhari Yadav,505,0.0,Low,0,"BANKA, Bihar",kavya construction,1.0,0,cost_deviation_pct_mean (-3.201); num_works (-0.436); sor_match_confidence_mean (-0.325),92,0.1381089946973998,0.2191731294213847,0.0326086956521739,0.0788771739130434,2.7173,0.8547282608695653,0.7285997440367159,0.8680000119209289,0.8804347826086957,16.0,0.0326086956521739,0.8804347826086957,Bihar,BANKA,22,0.0,0.88315191523986,1.990439969488712,114805889.0,3,0.5016642126936245,0.608564066652302,0.0,0.0,2464011.0,0.608564066652302,0.0,0,cost_deviation_pct_mean,-3.2008212,num_works,-0.43576953,sor_match_confidence_mean,-0.32549682,0.012233799323439598,0.011550444,0.5,0,0.19423368740515934,agree
DR. RAJESH MISHRA,506,0.0,Low,0,"SIDHI, Madhya Pradesh",SADGURU SAI INFRA WORLD PVT LTD REWA,1.0,0,cost_deviation_pct_mean (-2.956); num_works (-0.418); cost_deviation_pct_max (-0.350),172,0.1574917622657392,0.2197918642231252,0.0348837209302325,0.1029465116279069,2.8623,0.8584244186046511,0.7957183842209986,0.8680000119209289,0.9709302325581396,80.0,0.0348837209302325,0.9709302325581396,Madhya Pradesh,SIDHI,24,0.0416666666666666,0.8088522726268741,3.93125543058403,184983789.0,78,0.4119190805842389,0.6709338863750629,0.0256410256410256,1.0,62151236.0,0.6262524240465417,0.0,0,cost_deviation_pct_mean,-2.9556873,num_works,-0.41764408,cost_deviation_pct_max,-0.3495537,0.01214243502666553,0.0155816795,0.5,0,0.19423368740515934,agree
BALRAM NAIK PORIKA,507,0.0,Low,0,"MAHABUBABAD, Telangana",CARD Box Company,1.0,0,cost_deviation_pct_mean (-2.877); num_works (-0.432); anomaly_flag_rate (-0.330),238,0.1386892119489811,0.2212260084088324,0.0504201680672268,0.0911756302521008,2.9218,0.8462268907563024,0.6338517370063846,0.8504540138244628,0.819327731092437,117.0,0.0336134453781512,0.819327731092437,Telangana,MAHABUBABAD,18,0.0555555555555555,0.6679931497812663,2.605276198213802,72320239.0,30,0.5352786157197922,0.6699014221073045,0.1333333333333333,1.0,10000000.0,0.6588082668965022,1.0,0,cost_deviation_pct_mean,-2.8769355,num_works,-0.43239352,anomaly_flag_rate,-0.33025864,0.012091645350058874,0.014912478,0.5,0,0.19423368740515934,agree
Shri A. A. Rahim (2022-28),508,0.0,Low,0,"Sitting Rajya Sabha, Kerala",CHANDRAKUMAR R,0.0,0,cost_deviation_pct_mean (-3.145); cost_deviation_pct_max (-1.582); sor_match_confidence_mean (+0.494),17,0.1371653070237568,0.2151498471090002,0.0,0.0322294117647058,0.1473,0.8811764705882353,0.0,0.0,0.0,1.0,0.0,0.0,Kerala,Sitting Rajya Sabha,27,0.037037037037037,0.9382157616935388,3.0619513611657907,56944903.0,20,0.5369562504488975,0.6653092006033183,0.05,1.0,6504186.0,0.6653092006033183,1.0,0,cost_deviation_pct_mean,-3.1445906,cost_deviation_pct_max,-1.5824952,sor_match_confidence_mean,0.49408108,0.012046761189897856,0.009347404,0.5,0,0.19423368740515934,agree
Dilip Saikia,509,0.0,Low,0,"Darrang-Udalguri, Assam",Firose Khakhlari,0.0,0,cost_deviation_pct_mean (-2.901); cost_deviation_pct_max (-2.457); num_works (+0.946),5,0.1979179199871966,0.2066095005741498,0.0,0.08018,0.1455,0.788,0.0,0.0,0.0,1.0,0.0,0.0,Assam,Darrang-Udalguri,14,0.0,0.6771200050665146,1.6219246826711722,26230389.0,38,0.4897020312848486,0.6392695539754363,0.0,0.0,3970879.0,0.6361497162967751,0.0,0,cost_deviation_pct_mean,-2.9005504,cost_deviation_pct_max,-2.4568512,num_works,0.9456952,0.011981383276482424,0.010487404,0.5,0,0.19423368740515934,agree
GANAPATHY RAJKUMAR P,510,0.0,Low,0,"COIMBATORE, Tamil Nadu",Sathya Enterprises,1.0,0,cost_deviation_pct_mean (-2.917); cost_deviation_pct_max (-2.756); num_works (+0.885),7,0.1248015813901024,0.2072659486119063,0.1428571428571428,-0.0090857142857142,0.1382,0.8807142857142857,0.224869067123958,0.7870417349338531,0.2857142857142857,2.0,0.0,0.2857142857142857,Tamil Nadu,COIMBATORE,16,0.0,1.1142568533862638,4.136046542042276,43662823.0,15,0.5690381024204554,0.6531180420886303,0.0666666666666666,1.0,9625000.0,0.595458952811894,0.0,0,cost_deviation_pct_mean,-2.9169567,cost_deviation_pct_max,-2.7555099,num_works,0.885162,0.011921614408493042,0.00968356,0.5,0,0.19423368740515934,agree
Dr. Dinesh Sharma (2023-26),511,0.0,Low,0,"Sitting Rajya Sabha, Uttar Pradesh",Ramesh Kumar Thekedar,0.0,0,cost_deviation_pct_mean (-3.062); cost_deviation_pct_max (-2.754); num_works (+0.853),2,0.1812748440764479,0.2130562252337266,0.0,0.0053999999999999,0.0774,0.8905000000000001,0.0,0.0,0.0,1.0,0.0,0.0,Uttar Pradesh,Sitting Rajya Sabha,33,0.0303030303030303,1.344621513980598,5.400228020562484,57084177.0,18,0.5421887843456471,0.6523225957049487,0.0555555555555555,1.0,9375262.0,0.6523225957049487,1.0,0,cost_deviation_pct_mean,-3.0617063,cost_deviation_pct_max,-2.753873,num_works,0.8529144,0.011858050090571245,0.009790198,0.5,0,0.19423368740515934,agree
BIPLAB KUMAR DEB,512,0.0,Low,0,"TRIPURA WEST, Tripura",Soumen Adhikary,1.0,0,cost_deviation_pct_mean (-3.074); cost_deviation_pct_max (-2.484); num_works (+0.967),7,0.0847409688251184,0.211529857040543,0.4285714285714285,0.0690857142857142,0.1476,0.8045714285714285,0.1933772251319079,0.6768202879616777,0.2857142857142857,2.0,0.0,0.2857142857142857,Tripura,TRIPURA WEST,18,0.0555555555555555,0.8670793980600523,3.618872877556781,52876465.0,17,0.5011356050715913,0.6661881419234361,0.1764705882352941,1.0,11322689.0,0.6615016519428285,1.0,0,cost_deviation_pct_mean,-3.073655,cost_deviation_pct_max,-2.4840786,num_works,0.96681356,0.01184531394392252,0.009126725,0.5,0,0.19423368740515934,agree
THARANIVENTHAN M S,513,0.0,Low,0,"ARANI, Tamil Nadu",Royal Furniture Electricals,1.0,0,cost_deviation_pct_mean (-2.111); cost_deviation_pct_max (-0.322); anomaly_flag_rate (-0.311),192,0.1704279478167182,0.220654878015385,0.046875,0.11338125,2.8274,0.846015625,0.6463869915282424,0.8626469187736511,0.8333333333333334,45.0,0.0572916666666666,0.8333333333333334,Tamil Nadu,ARANI,24,0.0416666666666666,0.4790499664005029,1.59044670594323,111465790.0,68,0.4051223166491332,0.6380745888098829,0.0,0.0,8700000.0,0.6380745888098829,0.0,0,cost_deviation_pct_mean,-2.1112752,cost_deviation_pct_max,-0.32209176,anomaly_flag_rate,-0.31068093,0.011373518345256647,0.016072601,0.5,0,0.19423368740515934,agree
Shri Anil Firojiya,514,0.0,Low,0,"UJJAIN, Madhya Pradesh",NEW MALWA AGRO AND FABRICATORS DHAR,1.0,0,cost_deviation_pct_mean (-3.405); cost_deviation_pct_max (+0.570); num_works (-0.405),152,0.1019863494139207,0.2206588403666649,0.0592105263157894,0.0605059210526315,1.6341,0.8476513157894736,0.7530869147700024,0.8680000119209289,0.90625,72.0,0.0394736842105263,0.90625,Madhya Pradesh,UJJAIN,22,0.0,0.5695153432107525,1.2603007782294189,77471399.0,72,0.4104272032887228,0.6714698699992818,0.0138888888888888,1.0,12144590.0,0.6714698699992818,1.0,0,cost_deviation_pct_mean,-3.4046476,cost_deviation_pct_max,0.5695395,num_works,-0.40536124,0.01136326091364026,0.01213576,0.5,0,0.19423368740515934,agree
Ajay Tamta,515,0.0,Low,0,"ALMORA, Uttarakhand",LAL SINGH JALAL,1.0,0,cost_deviation_pct_mean (-2.920); cost_deviation_pct_max (-2.696); num_works (+0.864),3,0.2004553566974926,0.2147045327591357,0.0,0.0463333333333333,0.1045,0.8696666666666667,0.2338091125576584,0.7014273376729753,0.3333333333333333,83.0,0.0,0.3333333333333333,Uttarakhand,ALMORA,20,0.0,1.2303283904938611,4.047252821409009,4183680.0,86,0.2893542912096263,0.6010764562235151,0.0,0.0,964470.0,0.5982376283846872,0.0,0,cost_deviation_pct_mean,-2.9195726,cost_deviation_pct_max,-2.695883,num_works,0.86377543,0.011345907424887022,0.010506378,0.5,0,0.19423368740515934,agree
Pratima Mondal ,516,0.0,Low,0,"JOYNAGAR, West Bengal",ZIAD CONSTRUCTION,1.0,0,cost_deviation_pct_mean (-2.806); num_works (-0.459); anomaly_flag_rate (-0.296),170,0.1719448824300815,0.2202046598349512,0.0470588235294117,0.1012311764705882,2.5147,0.8597764705882354,0.5385723709552301,0.8661094285103026,0.6882352941176471,27.0,0.0470588235294117,0.6882352941176471,West Bengal,JOYNAGAR,24,0.0,0.7169803160896018,3.0846097157572108,74379705.0,16,0.3502575549450549,0.4626993104934281,0.0,0.0,1147219.0,0.4626993104934281,0.0,0,cost_deviation_pct_mean,-2.8064823,num_works,-0.45941994,anomaly_flag_rate,-0.29645735,0.011325488798320293,0.010538047,0.5,0,0.19423368740515934,agree
Shri Kapil Sibal (2022-28),517,0.0,Low,0,"Sitting Rajya Sabha, Uttar Pradesh",J R Group,0.0,0,cost_deviation_pct_mean (-2.784); num_works (-0.384); anomaly_flag_rate (-0.316),64,0.1625265318540636,0.2174245010368616,0.046875,0.0915859375,2.6019,0.84209375,0.0,0.0,0.0,1.0,0.03125,0.0,Uttar Pradesh,Sitting Rajya Sabha,34,0.0,0.5707037009589757,1.4647271926596732,94339935.12,29,0.4877322502829602,0.6659457372692668,0.0344827586206896,1.0,32065040.0,0.6659457372692668,1.0,0,cost_deviation_pct_mean,-2.7839677,num_works,-0.38351676,anomaly_flag_rate,-0.31568033,0.011256254588564238,0.017203012,0.5,0,0.19423368740515934,agree
MANOHAR LAL,518,0.0,Low,0,"KARNAL, Haryana",The Bandh Coop LC Soc Ltd Bandh,1.0,0,cost_deviation_pct_mean (-2.869); cost_deviation_pct_max (-2.775); num_works (+0.879),1,0.2100055405745512,0.2100055405745512,0.0,-0.0049,-0.0049,0.981,0.6607527047780355,0.6607527047780355,1.0,2.0,0.0,1.0,Haryana,KARNAL,13,0.0,0.5095139534612888,1.702520713488595,16619897.0,10,0.5595735473676651,0.6658990519284638,0.2,1.0,6134355.0,0.6658990519284638,1.0,0,cost_deviation_pct_mean,-2.868754,cost_deviation_pct_max,-2.7753477,num_works,0.8788031,0.01122452582543095,0.015042276,0.5,0,0.19423368740515934,agree
Shri P. Wilson (2025-31),519,0.0,Low,0,"Sitting Rajya Sabha, Tamil Nadu",SARAVANAN S,0.0,0,cost_deviation_pct_mean (-2.888); cost_deviation_pct_max (-2.603); num_works (+0.853),1,-0.0117886612531756,-0.0117886612531756,1.0,0.0061,0.0061,0.7,0.0,0.0,0.0,1.0,0.0,0.0,Tamil Nadu,Sitting Rajya Sabha,10,0.0,1.5210148804392905,3.9317690408021706,9998159.0,2,0.6427251669898729,0.6672367665014725,0.5,1.0,7885928.0,0.6182135674782734,0.0,0,cost_deviation_pct_mean,-2.8876567,cost_deviation_pct_max,-2.6027498,num_works,0.85330224,0.011203295240799585,0.010205031,0.5,0,0.19423368740515934,agree
RAMASAHAYAM RAGHURAM REDDY,520,0.0,Low,0,"KHAMMAM, Telangana",ANUDEEP REDDY YARRAPU,1.0,0,cost_deviation_pct_mean (-3.189); cost_deviation_pct_max (-1.398); num_works (-0.457),18,0.1789134687682883,0.2205502497780845,0.0,0.0267222222222222,0.1497,0.8664999999999999,0.606334445888433,0.8081779197247455,0.8333333333333334,79.0,0.0,0.8333333333333334,Telangana,KHAMMAM,19,0.0526315789473684,0.1786993569837931,1.5122187648068002,21423748.0,27,0.5145397902750845,0.6504318394024275,0.037037037037037,1.0,2842095.0,0.6504318394024275,1.0,0,cost_deviation_pct_mean,-3.1894689,cost_deviation_pct_max,-1.3976232,num_works,-0.4574882,0.0111862663179636,0.0058598444,0.5,0,0.19423368740515934,agree
Bhagirath Chaudhary,521,0.0,Low,0,"AJMER, Rajasthan",Jai Mata Rani Construction,1.0,0,cost_deviation_pct_mean (-3.499); num_works (-0.377); collusion_score_max (+0.270),58,0.1851715892681094,0.2210818153464614,0.0344827586206896,0.0770620689655172,2.8659,0.8507241379310344,0.2207875567382781,0.7965102809000367,0.3103448275862069,23.0,0.0172413793103448,0.3103448275862069,Rajasthan,AJMER,23,0.0434782608695652,0.5290273646910102,1.0,47945999.0,404,0.2227438744601673,0.6864684335272571,0.0024752475247524,1.0,5114270.0,0.642721575809811,0.0,0,cost_deviation_pct_mean,-3.4988923,num_works,-0.37686807,collusion_score_max,0.26960272,0.011151225616534552,0.010594194,0.5,0,0.19423368740515934,agree
BHARAT SINGH KUSHWAH,522,0.0,Low,0,"GWALIOR, Madhya Pradesh",SHIV TRADERS,0.0,0,cost_deviation_pct_mean (-2.901); cost_deviation_pct_max (-2.706); num_works (+0.872),4,0.0808165715400707,0.2025555129923564,0.25,0.02925,0.1461,0.88525,0.0,0.0,0.0,1.0,0.0,0.0,Madhya Pradesh,GWALIOR,15,0.0,0.6310842220411385,1.59486930426822,13676652.0,31,0.4787513640692008,0.6056911226028873,0.0,0.0,2463014.0,0.5903262587086117,0.0,0,cost_deviation_pct_mean,-2.9006739,cost_deviation_pct_max,-2.7057421,num_works,0.8717258,0.011105204932391644,0.008335641,0.5,0,0.19423368740515934,agree
D Ravikumar ,523,0.0,Low,0,"VILUPPURAM, Tamil Nadu",Sankaran,1.0,0,cost_deviation_pct_mean (-3.396); num_works (-0.483); cost_deviation_pct_max (-0.351),222,0.1801480992005314,0.2194216926284417,0.0315315315315315,0.0780522522522522,2.984,0.8565405405405405,0.7530547236350515,0.8680000119209289,0.918918918918919,127.0,0.0405405405405405,0.918918918918919,Tamil Nadu,VILUPPURAM,20,0.05,0.6519073931317991,2.2951328716907486,105671025.0,30,0.5122205164116929,0.6637218990160167,0.0333333333333333,1.0,8644615.0,0.6330648926237161,0.0,0,cost_deviation_pct_mean,-3.3955853,num_works,-0.4832547,cost_deviation_pct_max,-0.35140043,0.010943694816281399,0.009110265,0.5,0,0.19423368740515934,agree
NEERAJ MAURYA,524,0.0,Low,0,"AONLA, Uttar Pradesh",SHRI GURU KRIPA NARSINGH ASSOCIATES,1.0,0,cost_deviation_pct_mean (-3.102); cost_deviation_pct_max (-1.451); num_works (-0.392),17,0.0553118379633556,0.1762936004150771,0.1176470588235294,0.0276294117647058,0.1365,0.8099411764705883,0.6171208356896571,0.8680000119209289,0.7647058823529411,12.0,0.0,0.7647058823529411,Uttar Pradesh,AONLA,25,0.04,3.2784151242302286,58.95814666350505,97488644.0,1,0.6931067298714357,0.6931067298714357,1.0,1.0,170167010.0,0.6931067298714357,1.0,0,cost_deviation_pct_mean,-3.1016102,cost_deviation_pct_max,-1.4513276,num_works,-0.39229524,0.010934339215358099,0.0063854433,0.5,0,0.19423368740515934,agree
BUNTY VIVEK SAHU,525,0.0,Low,0,"CHHINDWARA, Madhya Pradesh",TELI SAMAJ SANGHTAN PANDURNA,1.0,0,cost_deviation_pct_mean (-3.433); cost_deviation_pct_max (+0.763); num_works (-0.423),100,0.1398925768166,0.221292103673279,0.06,0.0429279999999999,0.9943,0.84941,0.5799631261831389,0.8549762778282165,0.78,102.0,0.03,0.78,Madhya Pradesh,CHHINDWARA,25,0.0,0.3995138781348432,1.5741444463697905,55619616.0,271,0.3102021913884297,0.6126957193133663,0.0,0.0,2000000.0,0.6126957193133663,0.0,0,cost_deviation_pct_mean,-3.4332583,cost_deviation_pct_max,0.7631991,num_works,-0.42269078,0.010743954529364904,0.0126654385,0.5,0,0.19423368740515934,agree
Mansukhbhai Dhanjibhai Vasava,526,0.0,Low,0,"BHARUCH, Gujarat",D R KUKADIA,1.0,0,cost_deviation_pct_mean (-3.381); num_works (-0.464); cost_deviation_pct_max (+0.419),208,0.195232238059951,0.221076627158809,0.0096153846153846,0.0808336538461538,2.3521,0.8539326923076923,0.5494034394888866,0.8316435805426703,0.7403846153846154,70.0,0.0336538461538461,0.7403846153846154,Gujarat,BHARUCH,21,0.0,0.5139216767196292,1.1650357775048372,70528294.0,162,0.3639590831584295,0.612128312863607,0.0,0.0,3130066.0,0.612128312863607,0.0,0,cost_deviation_pct_mean,-3.381445,num_works,-0.46436384,cost_deviation_pct_max,0.41883036,0.010521316900849342,0.012318422,0.5,0,0.19423368740515934,agree
Shri Samik Bhattacharya (2024-30),527,0.0,Low,0,"Sitting Rajya Sabha, West Bengal",ROY CONSTRUCTION,0.0,0,cost_deviation_pct_mean (-3.164); cost_deviation_pct_max (-2.553); num_works (+0.965),10,0.1352196528492645,0.2042337062657401,0.0,0.06267,0.1315,0.845,0.0,0.0,0.0,1.0,0.0,0.0,West Bengal,Sitting Rajya Sabha,18,0.0,0.6459561451739231,1.7508198684467011,28774223.0,15,0.578289999760588,0.6572209653092007,0.0666666666666666,1.0,4817985.0,0.5692532141061553,0.0,0,cost_deviation_pct_mean,-3.1640048,cost_deviation_pct_max,-2.5529637,num_works,0.96538025,0.010495594081779322,0.008215212,0.5,0,0.19423368740515934,agree
TRIVENDRA SINGH RAWAT,528,0.0,Low,0,"HARDWAR, Uttarakhand",Satyam Construction,0.0,0,cost_deviation_pct_mean (-2.987); cost_deviation_pct_max (-2.762); num_works (+0.860),3,0.1479449138805231,0.218421039745832,0.0,0.0152333333333333,0.0352,0.9103333333333332,0.0,0.0,0.0,1.0,0.0,0.0,Uttarakhand,HARDWAR,13,0.0,0.819911747299758,2.098684498308153,9309458.0,13,0.5358804468532975,0.634662967751203,0.0,0.0,7146301.0,0.626271277741866,0.0,0,cost_deviation_pct_mean,-2.9873593,cost_deviation_pct_max,-2.762336,num_works,0.8600061,0.010491210656861464,0.010692689,0.5,0,0.19423368740515934,agree
PHANI BHUSAN CHOUDHURY,529,0.0,Low,0,"BARPETA, Assam",MAA ENTERPRISE,0.0,0,cost_deviation_pct_mean (-3.062); cost_deviation_pct_max (-2.708); num_works (+0.854),3,0.1334395607071042,0.1858282830273142,0.0,-0.0017333333333333,0.0325,0.8953333333333333,0.0,0.0,0.0,1.0,0.0,0.0,Assam,BARPETA,23,0.0,0.6607672656143755,1.546325603315461,42756247.0,61,0.4674826740279971,0.6203179989944696,0.0,0.0,2917983.0,0.564297385620915,0.0,0,cost_deviation_pct_mean,-3.0620358,cost_deviation_pct_max,-2.7081206,num_works,0.85392207,0.010475990362465382,0.008303522,0.5,0,0.19423368740515934,agree
DHARMENDRA PRADHAN,530,0.0,Low,0,"SAMBALPUR, Odisha",RTO SAMBALPUR,1.0,0,cost_deviation_pct_mean (-2.871); cost_deviation_pct_max (-2.486); num_works (+0.935),2,-0.2264700837639715,-0.21060035828843,1.0,0.0681,0.0746,0.8065,0.7293983213901519,0.7293983213901519,1.0,2.0,0.0,1.0,Odisha,SAMBALPUR,9,0.0,3.3568613203230515,17.242978287375006,9704141.0,10,0.4942486353515765,0.6537447030094089,0.1,1.0,5753000.0,0.6537447030094089,1.0,0,cost_deviation_pct_mean,-2.8709126,cost_deviation_pct_max,-2.4860978,num_works,0.9347432,0.01045642172296842,0.00757996,0.5,0,0.19423368740515934,agree
BHAUSAHEB RAJARAM WAKCHAURE,531,0.0,Low,0,"SHIRDI, Maharashtra",S V Tech Corporation,1.0,0,cost_deviation_pct_mean (-2.919); cost_deviation_pct_max (-2.734); num_works (+0.937),11,0.1863143442811057,0.2173916830818431,0.0,0.0532818181818181,0.1451,0.911,0.3172495900384894,0.7680000119209289,0.4545454545454545,38.0,0.0,0.4545454545454545,Maharashtra,SHIRDI,15,0.0,-6.257969097828528,2.3796430411006675,19420448.0,21,0.5400069001959759,0.6280857214680744,0.0,0.0,2698000.0,0.5763673418085183,0.0,0,cost_deviation_pct_mean,-2.9193895,cost_deviation_pct_max,-2.7336168,num_works,0.93672913,0.010425963439047337,0.010210452,0.5,0,0.19423368740515934,agree
Dr. Sudhanshu Trivedi (2024-30),532,0.0,Low,0,"Sitting Rajya Sabha, Uttar Pradesh",EXCEL CONSTRUCTION,0.0,0,cost_deviation_pct_mean (-3.111); cost_deviation_pct_max (-2.572); num_works (+0.961),14,0.1647985723210762,0.2188767824845141,0.0,0.0064857142857142,0.1484,0.8547142857142856,0.0,0.0,0.0,1.0,0.0,0.0,Uttar Pradesh,Sitting Rajya Sabha,19,0.0526315789473684,0.9861121235788364,3.8579717876133697,33646948.0,7,0.589828110731472,0.6418785462903109,0.0,0.0,17908752.0,0.6418785462903109,0.0,0,cost_deviation_pct_mean,-3.1107051,cost_deviation_pct_max,-2.5717444,num_works,0.9608745,0.010411228984594345,0.009320688,0.5,0,0.19423368740515934,agree
Smt S Jothimani,533,0.0,Low,0,"KARUR, Tamil Nadu",P S STALIN,1.0,0,cost_deviation_pct_mean (-3.220); num_works (-0.425); sor_match_confidence_mean (-0.287),87,0.1569966588306976,0.2084124391456088,0.0804597701149425,0.0805482758620689,2.6182,0.8278965517241379,0.6499482699110222,0.8680000119209289,0.8160919540229885,94.0,0.0344827586206896,0.8160919540229885,Tamil Nadu,KARUR,22,0.0454545454545454,0.552880314389351,2.254657645983092,48601252.0,26,0.4948214838203525,0.6530569920275803,0.0769230769230769,1.0,10629196.0,0.632485814838756,0.0,0,cost_deviation_pct_mean,-3.219555,num_works,-0.42499483,sor_match_confidence_mean,-0.28713286,0.01035685216387113,0.011442947,0.5,0,0.19423368740515934,agree
MALVINDER SINGH KANG,534,0.0,Low,0,"ANANDPUR SAHIB, Punjab",RS Industries,1.0,0,cost_deviation_pct_mean (-3.519); num_works (-0.404); collusion_score_max (+0.264),109,0.1815149300859231,0.2210652448137736,0.0275229357798165,0.0753064220183486,2.8303,0.8497614678899083,0.4878736403778301,0.825104754447937,0.6513761467889908,47.0,0.0275229357798165,0.6513761467889908,Punjab,ANANDPUR SAHIB,25,0.08,0.3592445173993934,1.0294294400451756,80974799.0,279,0.2998264810013703,0.6714231846584788,0.007168458781362,1.0,12175000.0,0.6714231846584788,1.0,0,cost_deviation_pct_mean,-3.5188355,num_works,-0.40426776,collusion_score_max,0.26433784,0.010344246091941992,0.008314847,0.5,0,0.19423368740515934,agree
NILESH DNYANDEV LANKE,535,0.0,Low,0,"AHMEDNAGAR, Maharashtra",SUNIL DATTATRAY KUDALE,1.0,0,cost_deviation_pct_mean (-2.940); cost_deviation_pct_max (-2.779); num_works (+0.890),12,0.1470870274982957,0.1958117258951301,0.0833333333333333,0.0159249999999999,0.139,0.8800833333333333,0.4482795528052714,0.7502117154420217,0.6363636363636364,26.0,0.0,0.6363636363636364,Maharashtra,AHMEDNAGAR,17,0.0,1.086321185837288,5.238463287503953,23809461.0,12,0.5914368311427135,0.6469771241830065,0.0,0.0,4776925.0,0.6418022337139984,0.0,0,cost_deviation_pct_mean,-2.9395955,cost_deviation_pct_max,-2.7794902,num_works,0.88962716,0.010275138386835655,0.008348058,0.5,0,0.19423368740515934,agree
DR. HEMANG JOSHI,536,0.0,Low,0,"VADODARA, Gujarat",NEELAM CONSTRUCTION,1.0,0,cost_deviation_pct_mean (-3.596); cost_deviation_pct_max (+0.417); num_works (-0.396),72,0.1826839423876713,0.222520968518177,0.0555555555555555,0.0662444444444444,2.1581,0.8559861111111111,0.4868770792570874,0.859678249835968,0.6388888888888888,86.0,0.0138888888888888,0.6388888888888888,Gujarat,VADODARA,22,0.0454545454545454,0.870277376422653,3.0684990304368864,69015565.0,63,0.4319861420351616,0.6171128707893414,0.0,0.0,5941108.0,0.583547906342024,0.0,0,cost_deviation_pct_mean,-3.5956817,cost_deviation_pct_max,0.41661194,num_works,-0.39631158,0.010190159392853579,0.010932702,0.5,0,0.19423368740515934,agree
DR. PRASHANT YADAORAO PADOLE,537,0.0,Low,0,"BHANDARA-GONDIYA, Maharashtra",GRAM PANCHAYAT SARANDI,1.0,0,cost_deviation_pct_mean (-3.068); cost_deviation_pct_max (-2.532); num_works (+0.949),8,0.1959875469948059,0.2121945640873315,0.0,0.0240875,0.1375,0.809875,0.4141071553129337,0.8489004446723851,0.5,10.0,0.0,0.5,Maharashtra,BHANDARA-GONDIYA,10,0.0,0.6613025532620137,1.4811424882802182,15660951.0,21,0.5620929995929996,0.6371965452847806,0.0,0.0,1198867.0,0.504455756661639,0.0,0,cost_deviation_pct_mean,-3.0675054,cost_deviation_pct_max,-2.532375,num_works,0.94883364,0.010169338434934616,0.007775458,0.5,0,0.19423368740515934,agree
Lavu Sri Krishna Devarayalu,538,0.0,Low,0,"NARASARAOPET, Andhra Pradesh",ASHOK CONSTRUCTIONS,0.0,0,cost_deviation_pct_mean (-3.195); cost_deviation_pct_max (-2.545); num_works (+0.891),1,0.1423286521159098,0.1423286521159098,0.0,-0.028,-0.028,0.778,0.0,0.0,0.0,1.0,0.0,0.0,Andhra Pradesh,NARASARAOPET,20,0.05,0.3918702638291826,4.627243016421713,2402685.0,4,0.5717930762048409,0.6539960856137327,0.25,1.0,1599870.0,0.6539960856137327,1.0,0,cost_deviation_pct_mean,-3.195164,cost_deviation_pct_max,-2.5446603,num_works,0.89134955,0.010100445710122585,0.008442221,0.5,0,0.19423368740515934,agree
VISHAL,539,0.0,Low,0,"SANGLI, Maharashtra",GANESH MAJUR SAHAKARI SANSTHALTD LINGNOOR,1.0,0,cost_deviation_pct_mean (-3.025); cost_deviation_pct_max (-2.520); num_works (+0.978),11,0.1690456543211891,0.1860324342235808,0.0,0.0508636363636363,0.1467,0.854909090909091,0.4489824980788182,0.861821829424964,0.5454545454545454,63.0,0.0,0.5454545454545454,Maharashtra,SANGLI,16,0.0,1.1056564767684665,3.2156557243741832,21614077.0,19,0.5794332645338837,0.627130467571644,0.0,0.0,1995413.0,0.627130467571644,0.0,0,cost_deviation_pct_mean,-3.025259,cost_deviation_pct_max,-2.520275,num_works,0.9780879,0.010063935071229935,0.0073651564,0.5,0,0.19423368740515934,agree
Ms. Dola Sen (2023-29),540,0.0,Low,0,"Sitting Rajya Sabha, West Bengal",Meril Diagnostics Private Limited,0.0,0,cost_deviation_pct_mean (-3.079); cost_deviation_pct_max (-2.520); num_works (+0.902),1,0.1651689333675148,0.1651689333675148,0.0,-0.0789,-0.0789,0.78,0.0,0.0,0.0,1.0,0.0,0.0,West Bengal,Sitting Rajya Sabha,19,0.0526315789473684,1.1349859399211908,3.394913435681798,69414332.0,6,0.4742754794225381,0.651115061409179,0.1666666666666666,1.0,7753200.0,0.651115061409179,1.0,0,cost_deviation_pct_mean,-3.0787446,cost_deviation_pct_max,-2.51952,num_works,0.90154684,0.010053228897353014,0.00824089,0.5,0,0.19423368740515934,agree
DR BYREDDY SHABARI,541,0.0,Low,0,"NANDYAL, Andhra Pradesh",JAGADEESWARA REDDY DEKIREDDY,1.0,0,cost_deviation_pct_mean (-2.830); anomaly_score_max (+0.461); num_works (-0.415),70,0.0962438589553057,0.2229841117397057,0.1714285714285714,0.0934057142857142,2.8707,0.8374428571428572,0.6433128988590137,0.8676999879190088,0.8142857142857143,68.0,0.0285714285714285,0.8142857142857143,Andhra Pradesh,NANDYAL,18,0.0,0.4868939100644091,1.3014638501429086,50709419.0,32,0.5090182948179272,0.6572586726998492,0.03125,1.0,8432672.0,0.6572586726998492,1.0,0,cost_deviation_pct_mean,-2.8301733,anomaly_score_max,0.46084887,num_works,-0.4146478,0.01004544614503781,0.013170636,0.5,0,0.19423368740515934,agree
Prasun Banerjee,542,0.0,Low,0,"HOWRAH, West Bengal",PRAYAS,1.0,0,cost_deviation_pct_mean (-2.992); num_works (-0.409); sor_match_confidence_mean (-0.251),136,0.1818840131182333,0.2213302427162304,0.0367647058823529,0.0821632352941176,2.799,0.8429191176470588,0.6984977764568293,0.8552297399318153,0.875,120.0,0.0294117647058823,0.875,West Bengal,HOWRAH,21,0.0,0.5783699736325264,1.4692810361733504,70699743.0,21,0.5378664713748748,0.6572389212095094,0.0476190476190476,1.0,14533429.0,0.6572389212095094,1.0,0,cost_deviation_pct_mean,-2.9916525,num_works,-0.4094317,sor_match_confidence_mean,-0.25091746,0.010029688477516174,0.016493991,0.5,0,0.19423368740515934,agree
Shri Banshilal Gurjar (2024-30),543,0.0,Low,0,"Sitting Rajya Sabha, Madhya Pradesh",Chief MANAGER OFFICE MEGA PLANning LOcal Area MAndsaur,0.0,0,cost_deviation_pct_mean (-3.284); cost_deviation_pct_max (-2.512); num_works (+0.946),10,0.1660273861823291,0.2005535326134516,0.0,0.0201,0.1109,0.8318,0.0,0.0,0.0,1.0,0.0,0.0,Madhya Pradesh,Sitting Rajya Sabha,25,0.04,0.5157583560216084,3.445240121399677,41674435.0,15,0.5289618496971438,0.6897094735330029,0.2,1.0,14988000.0,0.6897094735330029,1.0,0,cost_deviation_pct_mean,-3.2837582,cost_deviation_pct_max,-2.512418,num_works,0.9458692,0.009992175114651522,0.009793425,0.5,0,0.19423368740515934,agree
TANGELLA UDAY SRINIVAS,544,0.0,Low,0,"KAKINADA, Andhra Pradesh",SRI MURALI KRISHNA CONSTRUCTIONS,0.0,0,cost_deviation_pct_mean (-2.997); cost_deviation_pct_max (-2.560); num_works (+0.968),6,0.1194530483988349,0.2063440491607444,0.1666666666666666,0.0554833333333333,0.1456,0.8643333333333333,0.0,0.0,0.0,1.0,0.0,0.0,Andhra Pradesh,KAKINADA,18,0.0555555555555555,1.2634749737908564,2.786564824878966,18078040.0,10,0.6055293399411047,0.6526547798606622,0.1,1.0,5958963.0,0.6526547798606622,1.0,0,cost_deviation_pct_mean,-2.9968362,cost_deviation_pct_max,-2.5597262,num_works,0.9683757,0.00998504382247726,0.0077277934,0.5,0,0.19423368740515934,agree
Devendra Alias Bhole Singh,545,0.0,Low,0,"AKBARPUR, Uttar Pradesh",Ms GANPATI CONSTRUCTIONS,1.0,0,cost_deviation_pct_mean (-3.328); num_works (-0.388); sor_match_confidence_mean (-0.375),62,0.171789893841405,0.2142631640287152,0.032258064516129,0.066616129032258,2.9371,0.8603225806451612,0.7361475495970916,0.8642305545806884,0.8870967741935484,115.0,0.0161290322580645,0.8870967741935484,Uttar Pradesh,AKBARPUR,18,0.1111111111111111,1.125485118308653,4.882501734110971,62000186.0,10,0.6007550456079869,0.6693340156575451,0.1,1.0,32509859.0,0.6693340156575451,1.0,0,cost_deviation_pct_mean,-3.3280246,num_works,-0.3879532,sor_match_confidence_mean,-0.37519684,0.009927464183419943,0.009553527,0.5,0,0.19423368740515934,agree
Shri Ajay Makan (2024-30),546,0.0,Low,0,"Sitting Rajya Sabha, Karnataka",Kodagu Nirmithi Kendra,0.0,0,cost_deviation_pct_max (-2.890); cost_deviation_pct_mean (-2.846); num_works (+0.808),2,0.1937312248964825,0.1981575940446073,0.0,-0.0116999999999999,0.068,0.9055,0.0,0.0,0.0,1.0,0.0,0.0,Karnataka,Sitting Rajya Sabha,13,0.0769230769230769,1.335333208707402,5.082937719356761,35435523.0,4,0.6049533595489478,0.6635495223730518,0.25,1.0,44137000.0,0.6272310206133735,0.0,0,cost_deviation_pct_max,-2.8903246,cost_deviation_pct_mean,-2.846408,num_works,0.807739,0.009899869871636232,0.011366199,0.5,0,0.19423368740515934,agree
Shri Naveen Jain (2024-30),547,0.0,Low,0,"Sitting Rajya Sabha, Uttar Pradesh",SAI ENTERPRISES,0.0,0,cost_deviation_pct_mean (-3.026); cost_deviation_pct_max (-2.604); num_works (+0.896),10,0.1288945027547196,0.1873156956835452,0.0,0.0436099999999999,0.1234,0.8355,0.0,0.0,0.0,1.0,0.0,0.0,Uttar Pradesh,Sitting Rajya Sabha,19,0.0,1.0173400805614277,4.754420994112949,64773227.0,2,0.6518741470947353,0.6585514975220857,0.5,1.0,140502022.0,0.6451967966673849,0.0,0,cost_deviation_pct_mean,-3.0264525,cost_deviation_pct_max,-2.6040988,num_works,0.8956465,0.009872741376360258,0.007879856,0.5,0,0.19423368740515934,agree
Shri Sarbananda Sonowal (18LS),548,0.0,Low,0,"DIBRUGARH, Assam",BIRAJ DIHINGIA,1.0,0,cost_deviation_pct_mean (-3.024); cost_deviation_pct_max (-2.752); num_works (+0.857),3,0.1683574837135243,0.1777372721800523,0.0,-0.0219,0.04,0.8836666666666666,0.4635666543077928,0.6953499814616892,0.6666666666666666,2.0,0.0,0.6666666666666666,Assam,DIBRUGARH,16,0.0,0.729087439329881,2.0927984045121555,23919705.0,25,0.5541704014939309,0.6497153989801049,0.0,0.0,3350151.0,0.5826124039359334,0.0,0,cost_deviation_pct_mean,-3.0243995,cost_deviation_pct_max,-2.7522385,num_works,0.85686314,0.009845044774313768,0.010436868,0.5,0,0.19423368740515934,agree
PRANITI SUSHILKUMAR SHINDE,549,0.0,Low,0,"SOLAPUR, Maharashtra",MILAN SAHAKARI MAJUR SANSTHA MARYADIT SOLAPUR,0.0,0,cost_deviation_pct_mean (-2.997); cost_deviation_pct_max (-2.547); num_works (+0.931),2,0.2030044168672664,0.2048347001467001,0.0,-0.0026,0.018,0.8235,0.0,0.0,0.0,1.0,0.0,0.0,Maharashtra,SOLAPUR,5,0.0,0.0,0.0,8440395.0,8,0.6043679971988796,0.6473380377792142,0.0,0.0,1993976.0,0.6473380377792142,0.0,0,cost_deviation_pct_mean,-2.9972625,cost_deviation_pct_max,-2.5467942,num_works,0.9305698,0.00978446938097477,0.008783542,0.5,0,0.19423368740515934,agree
Magunta Sreenivasulu Reddy,550,0.0,Low,0,"ONGOLE, Andhra Pradesh",V V SAMBASIVA SRI KRISHNA,0.0,0,cost_deviation_pct_mean (-3.030); cost_deviation_pct_max (-2.565); num_works (+0.906),1,0.0744157362181644,0.0744157362181644,0.0,-0.0292,-0.0292,0.812,0.0,0.0,0.0,1.0,0.0,0.0,Andhra Pradesh,ONGOLE,16,0.0,0.7965934107507748,1.5880533172755578,12375873.0,7,0.5910688634428131,0.6466215973568914,0.0,0.0,4683391.0,0.5977653882065647,0.0,0,cost_deviation_pct_mean,-3.030388,cost_deviation_pct_max,-2.5649068,num_works,0.9063315,0.00969401312371095,0.008177546,0.5,0,0.19423368740515934,agree
Arvind Dharmapuri,551,0.0,Low,0,"NIZAMABAD, Telangana",GUTHI SRINIVAS,1.0,0,cost_deviation_pct_mean (-2.966); num_works (-0.516); cost_deviation_pct_max (-0.297),476,0.1854607789841683,0.2216607220852968,0.0210084033613445,0.0910936974789916,2.9629,0.8543844537815126,0.6056089708773775,0.8680000119209289,0.8067226890756303,338.0,0.0357142857142857,0.8067226890756303,Telangana,NIZAMABAD,26,0.0769230769230769,0.3947983361188956,0.969237400410496,158096817.0,181,0.3676153036650274,0.6443447891977303,0.0,0.0,11032350.0,0.6443447891977303,0.0,0,cost_deviation_pct_mean,-2.9664989,num_works,-0.51649797,cost_deviation_pct_max,-0.29652613,0.00968023327489694,0.008895257,0.5,0,0.19423368740515934,agree
Smt. Sadhna Singh (2024-30),552,0.0,Low,0,"Sitting Rajya Sabha, Uttar Pradesh",UNITED GROUP OF CONSTRUCTION,0.0,0,cost_deviation_pct_mean (-3.191); cost_deviation_pct_max (-2.434); num_works (+0.906),5,-0.0404227745248063,0.154126075217782,0.8,-0.0011399999999999,0.1496,0.8428000000000001,0.0,0.0,0.0,1.0,0.0,0.0,Uttar Pradesh,Sitting Rajya Sabha,25,0.0,1.0960231660927433,2.563846424270743,101298179.0,6,0.5179725095166271,0.6443618473030238,0.0,0.0,76323378.0,0.6443618473030238,0.0,0,cost_deviation_pct_mean,-3.1912608,cost_deviation_pct_max,-2.4341304,num_works,0.9064718,0.009666918156047663,0.007807725,0.5,0,0.19423368740515934,agree
M. MALLESH BABU,553,0.0,Low,0,"KOLAR, Karnataka",Kolar District Nirmithi Kendra,1.0,0,cost_deviation_pct_mean (-3.020); cost_deviation_pct_max (-2.710); num_works (+0.854),3,0.1748102183280609,0.2153594546615874,0.0,-0.0094999999999999,0.0853,0.8743333333333334,0.2324371029921349,0.6973113089764047,0.3333333333333333,15.0,0.0,0.3333333333333333,Karnataka,KOLAR,19,0.0,0.6967259891078198,1.634139583451605,40766132.0,37,0.4607269276386924,0.640071284924226,0.0,0.0,5274249.0,0.640071284924226,0.0,0,cost_deviation_pct_mean,-3.020467,cost_deviation_pct_max,-2.7096186,num_works,0.85426635,0.009662049356848001,0.009298502,0.5,0,0.19423368740515934,agree
Bidyut Baran Mahato,554,0.0,Low,0,"JAMSHEDPUR, Jharkhand",KANHAIYA KUMAR SINGH,0.0,0,cost_deviation_pct_mean (-3.039); cost_deviation_pct_max (-2.630); num_works (+0.852),2,0.1966099609591154,0.1997060692623448,0.0,0.0548499999999999,0.0676,0.8155,0.0,0.0,0.0,1.0,0.0,0.0,Jharkhand,JAMSHEDPUR,18,0.0555555555555555,1.4790644942886657,10.388460635324275,75745972.0,4,0.627534475328593,0.6693555627379157,0.5,1.0,36742422.0,0.668824068088774,1.0,0,cost_deviation_pct_mean,-3.0386953,cost_deviation_pct_max,-2.6300619,num_works,0.85244936,0.009651582688093185,0.0083052935,0.5,0,0.19423368740515934,agree
Shri Narain Dass Gupta (2024-30),555,0.0,Low,0,"Sitting Rajya Sabha, Delhi",BANSAL ELECTRIC STORE,0.0,0,cost_deviation_pct_mean (-3.064); cost_deviation_pct_max (-2.587); num_works (+0.932),11,0.1257635093728721,0.2156442132677677,0.0909090909090909,0.0053727272727272,0.1228,0.8556363636363635,0.0,0.0,0.0,1.0,0.0,0.0,Delhi,Sitting Rajya Sabha,12,0.0,0.7494054577929574,1.9432996070958128,24703922.0,7,0.6080705359066704,0.6683742727860376,0.2857142857142857,1.0,9621962.0,0.6575136464842347,1.0,0,cost_deviation_pct_mean,-3.063922,cost_deviation_pct_max,-2.5870059,num_works,0.93153894,0.009611938614398241,0.009071611,0.5,0,0.19423368740515934,agree
P C Mohan,556,0.0,Low,0,"BANGALORE CENTRAL, Karnataka",M CUBE INFRATECH PRIVATE LIMITED,0.0,0,cost_deviation_pct_max (-2.818); cost_deviation_pct_mean (-2.801); num_works (+0.832),2,0.0884029857536092,0.1725506711113956,0.0,-0.05005,-0.0253,0.874,0.0,0.0,0.0,1.0,0.0,0.0,Karnataka,BANGALORE CENTRAL,18,0.1111111111111111,1.525717120949649,5.59341655909178,10439505.0,5,0.4822471809236515,0.6620852187028659,0.2,1.0,13094338.0,0.6209446599152482,0.0,0,cost_deviation_pct_max,-2.8180242,cost_deviation_pct_mean,-2.8007097,num_works,0.8321721,0.009606831862280766,0.011447846,0.5,0,0.19423368740515934,agree
Mr Gopal Jee Thakur,557,0.0,Low,0,"DARBHANGA, Bihar",BIOLUNAR ENERGY SOLUTION,1.0,0,cost_deviation_pct_mean (-3.337); num_works (-0.382); sor_match_confidence_mean (-0.334),59,0.1831516117141613,0.2153216121987332,0.0169491525423728,0.0667016949152542,2.8739,0.8443728813559321,0.7491273994280947,0.8609651141166687,0.8813559322033898,162.0,0.0338983050847457,0.8813559322033898,Bihar,DARBHANGA,19,0.0,1.0077576598266194,5.553850185105087,75767756.0,5,0.4778598362421892,0.6212983911513323,0.0,0.0,130529300.0,0.6212983911513323,0.0,0,cost_deviation_pct_mean,-3.3374586,num_works,-0.38212097,sor_match_confidence_mean,-0.3339744,0.009511768507460753,0.011474274,0.5,0,0.19423368740515934,agree
Shatrughan Sinha,558,0.0,Low,0,"ASANSOL, West Bengal",TECHNO BEST,0.0,0,cost_deviation_pct_mean (-2.964); cost_deviation_pct_max (-2.501); num_works (+0.909),5,0.0539114414826951,0.1608342018809914,0.4,0.01662,0.1114,0.8295999999999999,0.0,0.0,0.0,1.0,0.0,0.0,West Bengal,ASANSOL,12,0.0,0.5630335622577882,1.7568857074174224,66966504.0,8,0.5529393808805574,0.6568295266824679,0.125,1.0,27228057.0,0.6178131509013862,0.0,0,cost_deviation_pct_mean,-2.964448,cost_deviation_pct_max,-2.501105,num_works,0.90935606,0.009502520163853964,0.009021729,0.5,0,0.19423368740515934,agree
Shri Ramji Lal Suman (2024-30),559,0.0,Low,0,"Sitting Rajya Sabha, Uttar Pradesh",ASHOK KUMAR,0.0,0,cost_deviation_pct_mean (-3.406); cost_deviation_pct_max (-1.650); num_works (-0.292),29,0.1360480583339517,0.2075075137929181,0.0,0.0292310344827586,0.1415,0.8375862068965517,0.0,0.0,0.0,1.0,0.0,0.0,Uttar Pradesh,Sitting Rajya Sabha,22,0.0,0.86312398519718,3.024718882532559,93005621.0,4,0.6577064479638008,0.6873033828916182,0.5,1.0,41983379.0,0.6873033828916182,1.0,0,cost_deviation_pct_mean,-3.406488,cost_deviation_pct_max,-1.6495371,num_works,-0.29156908,0.009498579427599907,0.0077014575,0.5,0,0.19423368740515934,agree
Manickam Tagore B,560,0.0,Low,0,"VIRUDHUNAGAR, Tamil Nadu",Sathess kumar,1.0,0,cost_deviation_pct_mean (-3.436); cost_deviation_pct_max (+0.463); num_works (-0.417),69,0.13717216731009,0.2107636651619809,0.0579710144927536,0.0766550724637681,2.2703,0.8480144927536232,0.5233598204296044,0.817788408320951,0.7101449275362319,18.0,0.0289855072463768,0.7101449275362319,Tamil Nadu,VIRUDHUNAGAR,20,0.0,0.5374043334982785,1.3041398401302031,90165437.0,48,0.470916341964136,0.6222500538677009,0.0,0.0,6796524.0,0.6222500538677009,0.0,0,cost_deviation_pct_mean,-3.4361584,cost_deviation_pct_max,0.4627012,num_works,-0.41700402,0.009426895529031754,0.007489572,0.5,0,0.19423368740515934,agree
DR. HEMANT VISHNU SAVARA,561,0.0,Low,0,"PALGHAR, Maharashtra",TEERTHRAJ VISHWANATH PATIL,0.0,0,cost_deviation_pct_mean (-2.883); cost_deviation_pct_max (-2.767); num_works (+0.876),1,0.1708278311588771,0.1708278311588771,0.0,-0.0012,-0.0012,0.944,0.0,0.0,0.0,1.0,0.0,0.0,Maharashtra,PALGHAR,9,0.0,0.2248345844592503,0.3627897495509047,12275200.0,11,0.611330417948065,0.652146627881922,0.0909090909090909,1.0,1874000.0,0.652146627881922,1.0,0,cost_deviation_pct_mean,-2.8832104,cost_deviation_pct_max,-2.767453,num_works,0.87570304,0.009285117499530315,0.008335514,0.5,0,0.19423368740515934,agree
AZAD KIRTI JHA,562,0.0,Low,0,"BARDHAMAN-DURGAPUR, West Bengal",SIDDHESWARI CONCERN AND CONSTRUCTION,0.0,0,cost_deviation_pct_mean (-3.148); cost_deviation_pct_max (-2.559); num_works (+0.944),6,0.1257023462236217,0.2194543884440528,0.0,-0.0214666666666666,0.0793,0.846,0.0,0.0,0.0,1.0,0.0,0.0,West Bengal,BARDHAMAN-DURGAPUR,16,0.0,0.9375093208232675,2.5108217776632045,33156887.0,13,0.5753477229155962,0.6515846082022552,0.0769230769230769,1.0,5971640.0,0.598736802413273,0.0,0,cost_deviation_pct_mean,-3.148121,cost_deviation_pct_max,-2.5593653,num_works,0.94370145,0.009284235537052155,0.0077309166,0.5,0,0.19423368740515934,agree
Daggubati Purandeshwari,563,0.0,Low,0,"RAJAHMUNDRY, Andhra Pradesh",Palepu Vishnu Phani Srikanth,0.0,0,cost_deviation_pct_mean (-2.968); cost_deviation_pct_max (-2.610); num_works (+0.904),3,0.1207052749487019,0.1371262981493274,0.0,0.0602,0.1357,0.8450000000000001,0.0,0.0,0.0,1.0,0.0,0.0,Andhra Pradesh,RAJAHMUNDRY,11,0.0,0.5593451813570911,1.0,14394558.0,6,0.617869412722354,0.6668112116641529,0.1666666666666666,1.0,9905552.0,0.6058132227249875,0.0,0,cost_deviation_pct_mean,-2.968437,cost_deviation_pct_max,-2.6097565,num_works,0.9041806,0.009282178400705257,0.008926351,0.5,0,0.19423368740515934,agree
SK NURUL ISLAM,564,0.0,Low,0,"BASIRHAT, West Bengal",MA ENTERPRISE,1.0,0,cost_deviation_pct_mean (-3.158); cost_deviation_pct_max (-2.489); num_works (+0.939),8,0.0334300786891005,0.2018786016408567,0.5,0.0011,0.1155,0.806,0.3607109775068409,0.7529890073178609,0.5,3.0,0.0,0.5,West Bengal,BASIRHAT,22,0.0,-0.3922304454422902,1.8642237452126684,30740105.0,9,0.553219592680377,0.6696141277023631,0.1111111111111111,1.0,21184305.0,0.6696141277023631,1.0,0,cost_deviation_pct_mean,-3.1584933,cost_deviation_pct_max,-2.4891114,num_works,0.93890256,0.009276546072214842,0.00740809,0.5,0,0.19423368740515934,agree
JUNE MALIAH,565,0.0,Low,0,"MEDINIPUR, West Bengal",SUJIT KUMAR CHAKRABORTY,0.0,0,cost_deviation_pct_mean (-3.056); cost_deviation_pct_max (-2.537); num_works (+0.961),7,0.0940196878755885,0.1786100734495067,0.2857142857142857,0.0466857142857142,0.114,0.8131428571428572,0.0,0.0,0.0,1.0,0.0,0.0,West Bengal,MEDINIPUR,19,0.0,0.8617585987254264,2.25502652060223,36949288.0,14,0.5966781584428643,0.656068196509373,0.1428571428571428,1.0,5970760.0,0.656068196509373,1.0,0,cost_deviation_pct_mean,-3.0564055,cost_deviation_pct_max,-2.5366378,num_works,0.9606,0.00926207285374403,0.0077520665,0.5,0,0.19423368740515934,agree
BACHHAV SHOBHA DINESH,566,0.0,Low,0,"DHULE, Maharashtra",YADNYESH ENTERPRISES NASHIK,1.0,0,cost_deviation_pct_mean (-3.201); cost_deviation_pct_max (-2.472); num_works (+0.996),13,0.1748360180619143,0.2109464091558025,0.0,0.0622538461538461,0.1496,0.8364615384615385,0.360825393379244,0.8180973939895629,0.4615384615384615,2.0,0.0,0.4615384615384615,Maharashtra,DHULE,25,0.08,1.36413782700731,9.839168829105729,15131243.0,11,0.5984570168393698,0.6478533721180779,0.0,0.0,5000000.0,0.5924917402858579,0.0,0,cost_deviation_pct_mean,-3.2010674,cost_deviation_pct_max,-2.4720275,num_works,0.9963525,0.009234788517157236,0.005139514,0.5,0,0.19423368740515934,agree
Shri S Niranjan Reddy (2022-28),567,0.0,Low,0,"Sitting Rajya Sabha, Andhra Pradesh",IMMALRAJU VENKATASATYA NARAYANARAJU,0.0,0,cost_deviation_pct_mean (-3.151); cost_deviation_pct_max (-2.593); num_works (+0.887),3,0.1127321419409482,0.1258753436184116,0.0,-0.0533333333333333,-0.026,0.805,0.0,0.0,0.0,1.0,0.0,0.0,Andhra Pradesh,Sitting Rajya Sabha,32,0.0,2.6675716007086328,42.57937071348036,29522116.0,11,0.6132756948933419,0.6963432809021044,0.0909090909090909,1.0,5911605.0,0.6963432809021044,1.0,0,cost_deviation_pct_mean,-3.151104,cost_deviation_pct_max,-2.5926878,num_works,0.8873815,0.009180625590185324,0.0072270753,0.5,0,0.19423368740515934,agree
VISHWESHWAR HEGDE KAGERI,568,0.0,Low,0,"UTTARA KANNADA, Karnataka",ZILLA NIRMITi KENDRA,1.0,0,cost_deviation_pct_mean (-3.460); cost_deviation_pct_max (-1.484); num_works (-0.427),30,0.1943288381116593,0.2159135425233542,0.0,0.0397166666666666,0.1496,0.8141999999999999,0.1624715736274366,0.7315089396105872,0.2333333333333333,9.0,0.0,0.2333333333333333,Karnataka,UTTARA KANNADA,20,0.05,0.8036571277290292,2.6748936940533032,34850000.0,1,0.6433033469798175,0.6433033469798175,0.0,0.0,3787500.0,0.6433033469798175,0.0,0,cost_deviation_pct_mean,-3.4603407,cost_deviation_pct_max,-1.4836221,num_works,-0.42710733,0.009177279813836018,0.0064998404,0.5,0,0.19423368740515934,agree
Ms Mahua Moitra,569,0.0,Low,0,"KRISHNANAGAR, West Bengal",PANKAJ SARKAR,1.0,0,cost_deviation_pct_mean (-3.218); cost_deviation_pct_max (-1.635); sor_match_confidence_mean (+0.445),23,0.072973339715439,0.2197080167854659,0.2608695652173913,0.0342826086956521,0.1494,0.8654347826086957,0.089326622540049,0.6901409556158448,0.1304347826086956,2.0,0.0,0.1304347826086956,West Bengal,KRISHNANAGAR,23,0.0,0.6116876174863487,2.363083602233944,57382120.0,29,0.4742473381925715,0.6572209653092006,0.0689655172413793,1.0,12363402.0,0.6572209653092006,1.0,0,cost_deviation_pct_mean,-3.2183478,cost_deviation_pct_max,-1.635128,sor_match_confidence_mean,0.4451709,0.009160355354348818,0.008436288,0.5,0,0.19423368740515934,agree
RAMASHANKAR RAJBHAR,570,0.0,Low,0,"SALEMPUR, Uttar Pradesh",GAURI ENTER PRISES,1.0,0,cost_deviation_pct_mean (-3.505); num_works (-0.394); sor_match_confidence_mean (-0.260),84,0.1926815175802684,0.2201887408613559,0.0119047619047619,0.069475,2.6001,0.8478809523809523,0.5577489188596048,0.8335841708183288,0.7261904761904762,68.0,0.0238095238095238,0.7261904761904762,Uttar Pradesh,SALEMPUR,24,0.0416666666666666,0.5063747037422227,1.3425298829251455,61281620.0,23,0.4912501288140674,0.6518431731667026,0.0869565217391304,1.0,10907971.0,0.6518431731667026,1.0,0,cost_deviation_pct_mean,-3.5054529,num_works,-0.3939074,sor_match_confidence_mean,-0.26049978,0.00915826732913653,0.009895863,0.5,0,0.19423368740515934,agree
Jagdambika Pal,571,0.0,Low,0,"DOMARIYAGANJ, Uttar Pradesh",Nistha Enterprises,0.0,0,cost_deviation_pct_mean (-3.034); cost_deviation_pct_max (-2.502); num_works (+0.940),1,0.2009917977513514,0.2009917977513514,0.0,-0.057,-0.057,0.769,0.0,0.0,0.0,1.0,0.0,0.0,Uttar Pradesh,DOMARIYAGANJ,4,0.0,0.0,0.0,38873088.0,10,0.4756983947425124,0.6628375709258062,0.2,1.0,26482386.0,0.6508098111039288,1.0,0,cost_deviation_pct_mean,-3.0339503,cost_deviation_pct_max,-2.502199,num_works,0.9400387,0.009071795890728632,0.0084433,0.5,0,0.19423368740515934,agree
Shri Ashok Singh (2024-30),572,0.0,Low,0,"Sitting Rajya Sabha, Madhya Pradesh",janpad panchayat kasrawad,0.0,0,cost_deviation_pct_mean (-3.041); cost_deviation_pct_max (-2.719); num_works (+0.884),11,0.2059782964687172,0.2195255174929931,0.0,0.0218818181818181,0.128,0.8741818181818182,0.0,0.0,0.0,1.0,0.0,0.0,Madhya Pradesh,Sitting Rajya Sabha,21,0.0476190476190476,0.6875687687549769,1.500446763876007,18362339.0,31,0.4873891367961576,0.6261033900739783,0.0,0.0,4317000.0,0.588702147525677,0.0,0,cost_deviation_pct_mean,-3.0412745,cost_deviation_pct_max,-2.7191389,num_works,0.8842564,0.008993150666356087,0.008516053,0.5,0,0.19423368740515934,agree
Arvind Ganpat Sawant,573,0.0,Low,0,"MUMBAI SOUTH, Maharashtra",Priti Infratech,1.0,0,cost_deviation_pct_mean (-3.019); cost_deviation_pct_max (-2.585); num_works (+0.967),14,0.1193454136348615,0.1912890867545387,0.0714285714285714,-0.00285,0.0714,0.8557857142857143,0.4030277756290469,0.726213484755383,0.5714285714285714,2.0,0.0,0.5714285714285714,Maharashtra,MUMBAI SOUTH,12,0.0833333333333333,1.883426007850116,7.995468762351077,28859509.0,7,0.6254890417705544,0.660840874811463,0.2857142857142857,1.0,10319132.0,0.6094492925375279,0.0,0,cost_deviation_pct_mean,-3.0192907,cost_deviation_pct_max,-2.5849884,num_works,0.9673273,0.008958820874492327,0.006480449,0.5,0,0.19423368740515934,agree
Jai Prakash,574,0.0,Low,0,"HARDOI, Uttar Pradesh",BALAJI ENTERPRISES,1.0,0,cost_deviation_pct_mean (-3.161); cost_deviation_pct_max (-2.448); num_works (+0.935),3,0.0253466555294324,0.1638317264828183,0.6666666666666666,0.0239333333333333,0.0834,0.723,0.2560793962013347,0.7682381886040043,0.3333333333333333,6.0,0.0,0.3333333333333333,Uttar Pradesh,HARDOI,25,0.0,0.7789090945629714,2.469524228525994,85755277.0,20,0.4369345686992745,0.6583378223084106,0.1,1.0,25744548.0,0.6182871866695396,0.0,0,cost_deviation_pct_mean,-3.1613054,cost_deviation_pct_max,-2.4475212,num_works,0.9349478,0.00893056501323978,0.007260151,0.5,0,0.19423368740515934,agree
Shri Sanjay Kumar Jha (2024-30),575,0.0,Low,0,"Sitting Rajya Sabha, Bihar",ASSISTANT ENGINEER PHULPARAS,0.0,0,cost_deviation_pct_mean (-3.041); cost_deviation_pct_max (-2.604); num_works (+0.880),4,0.1697188309860634,0.2003361581250492,0.0,0.0090499999999999,0.1198,0.85575,0.0,0.0,0.0,1.0,0.0,0.0,Bihar,Sitting Rajya Sabha,14,0.0,0.9587197980741036,1.58826840510204,5078584.0,3,0.6221393258157965,0.6290382819794584,0.0,0.0,6204490.0,0.620318896789485,0.0,0,cost_deviation_pct_mean,-3.0410433,cost_deviation_pct_max,-2.6037514,num_works,0.87968427,0.00891931060080727,0.0074941246,0.5,0,0.19423368740515934,agree
Shri Akhilesh Prasad Singh (2024-30),576,0.0,Low,0,"Sitting Rajya Sabha, Bihar",VAIBHAV VATSHALYA,0.0,0,cost_deviation_pct_mean (-3.513); cost_deviation_pct_max (-1.515); num_works (-0.333),38,0.1462066527799757,0.2107260820216192,0.0,0.0275657894736842,0.146,0.8553421052631579,0.0,0.0,0.0,1.0,0.0,0.0,Bihar,Sitting Rajya Sabha,22,0.0454545454545454,0.9627306381154286,5.497105636895348,62309563.0,10,0.5859179954032896,0.6862655318537672,0.4,1.0,47535089.0,0.6862655318537672,1.0,0,cost_deviation_pct_mean,-3.5134532,cost_deviation_pct_max,-1.5152665,num_works,-0.33348054,0.008871909230947495,0.00670405,0.5,0,0.19423368740515934,agree
KRITI DEVI DEBBARMAN,577,0.0,Low,0,"TRIPURA EAST, Tripura",Senior Deputy Magistrate Khowai,0.0,0,cost_deviation_pct_mean (-3.045); cost_deviation_pct_max (-2.622); num_works (+0.912),13,0.159403626835207,0.2055569148756914,0.0769230769230769,0.0282384615384615,0.1444,0.8484615384615384,0.0,0.0,0.0,1.0,0.0,0.0,Tripura,TRIPURA EAST,17,0.0,2.660754751501213,20.055719534894266,32934783.0,5,0.6572874021403433,0.6723254686489981,0.8,1.0,13000000.0,0.6717885872297638,1.0,0,cost_deviation_pct_mean,-3.0450222,cost_deviation_pct_max,-2.622499,num_works,0.9123035,0.008863771489510933,0.008102421,0.5,0,0.19423368740515934,agree
Shri Golla Baburao (2024-30),578,0.0,Low,0,"Sitting Rajya Sabha, Andhra Pradesh",C RAJA REDDY,0.0,0,cost_deviation_pct_mean (-3.182); cost_deviation_pct_max (-2.574); num_works (+0.934),2,0.1805407531543833,0.2201556699571696,0.0,0.04165,0.0757,0.733,0.0,0.0,0.0,1.0,0.0,0.0,Andhra Pradesh,Sitting Rajya Sabha,23,0.0434782608695652,0.300317652982415,1.771788999722836,20341881.0,11,0.5744468766527591,0.6979646986999928,0.1818181818181818,1.0,4704726.0,0.6979646986999928,1.0,0,cost_deviation_pct_mean,-3.1818235,cost_deviation_pct_max,-2.5744371,num_works,0.93419623,0.008818072266876698,0.008483707,0.5,0,0.19423368740515934,agree
Shri Rajeev Shukla (2022-28),579,0.0,Low,0,"Sitting Rajya Sabha, Chhattisgarh",Samriddhi Enterprises,0.0,0,cost_deviation_pct_mean (-3.204); cost_deviation_pct_max (-2.520); num_works (+0.885),4,0.1330835374648585,0.2177583385873391,0.25,0.0007,0.1034,0.79125,0.0,0.0,0.0,1.0,0.0,0.0,Chhattisgarh,Sitting Rajya Sabha,24,0.0416666666666666,0.8677538273691655,4.742254417980178,40599928.0,17,0.4564681377830166,0.6706430007900597,0.0588235294117647,1.0,30000000.0,0.6706430007900597,1.0,0,cost_deviation_pct_mean,-3.2043555,cost_deviation_pct_max,-2.5200837,num_works,0.88476,0.008723815437406301,0.008762208,0.5,0,0.19423368740515934,agree
MUHAMMED HAMDULLAH SAYEED,580,0.0,Low,0,"LAKSHADWEEP, Lakshadweep",The Mananging Director Kerala Medical Service Coporation Ltd,0.0,0,cost_deviation_pct_mean (-2.931); cost_deviation_pct_max (-2.796); num_works (+0.856),2,0.176828491947885,0.1966304072430711,0.0,-0.0353,0.0005,0.8785000000000001,0.0,0.0,0.0,1.0,0.0,0.0,Lakshadweep,LAKSHADWEEP,13,0.0769230769230769,1.4740024489540386,7.38942273139913,39337535.0,16,0.3421532715650363,0.6744586296056885,0.0625,1.0,32562250.0,0.6744586296056885,1.0,0,cost_deviation_pct_mean,-2.9307714,cost_deviation_pct_max,-2.7964463,num_works,0.85628986,0.00870952553426226,0.0075124404,0.5,0,0.19423368740515934,agree
SAGAR ESHWAR KHANDRE,581,0.0,Low,0,"BIDAR, Karnataka",PRAKASH,1.0,0,cost_deviation_pct_mean (-3.031); cost_deviation_pct_max (-2.690); num_works (+0.861),5,0.2057833346438243,0.2176218576183617,0.0,-0.01356,0.0921,0.8725999999999999,0.6171628343800168,0.7991110634273952,0.8,25.0,0.0,0.8,Karnataka,BIDAR,17,0.0588235294117647,0.7010139536631161,1.5668418742363104,15422826.0,33,0.5014293712823125,0.6515711412770236,0.0303030303030303,1.0,2765040.0,0.6515711412770236,1.0,0,cost_deviation_pct_mean,-3.0312102,cost_deviation_pct_max,-2.690289,num_works,0.86064506,0.008696775417774916,0.00840139,0.5,0,0.19423368740515934,agree
RABINDRA NARAYAN BEHERA,582,0.0,Low,0,"JAJPUR, Odisha",GLOBAL LOGISTICS AND SUPPLIER,0.0,0,cost_deviation_pct_mean (-3.144); cost_deviation_pct_max (-2.510); num_works (+0.919),3,0.200289155778886,0.2050923625296525,0.0,0.0053666666666666,0.0743,0.7826666666666666,0.0,0.0,0.0,1.0,0.0,0.0,Odisha,JAJPUR,14,0.0,0.7815023150250672,2.424966215467912,9146086.0,26,0.4959360272708689,0.632246103569633,0.0,0.0,1794004.0,0.5624057315233786,0.0,0,cost_deviation_pct_mean,-3.1441455,cost_deviation_pct_max,-2.5103686,num_works,0.9193023,0.008522618872423967,0.0074113053,0.5,0,0.19423368740515934,agree
Shri Arun Kumar Sagar ,583,0.0,Low,0,"SHAHJAHANPUR, Uttar Pradesh",Rajeev Kumar Trivedi,1.0,0,cost_deviation_pct_mean (-3.084); cost_deviation_pct_max (-2.501); num_works (+0.865),4,-0.0583769096749146,-0.0190851885842781,1.0,-0.017925,0.065,0.80675,0.7246936949334963,0.7324439356543802,1.0,2.0,0.0,1.0,Uttar Pradesh,SHAHJAHANPUR,27,0.037037037037037,1.5658869668878277,5.025539974245637,138723000.0,1,0.4973236730589672,0.4973236730589672,0.0,0.0,1800000.0,0.4973236730589672,0.0,0,cost_deviation_pct_mean,-3.0836508,cost_deviation_pct_max,-2.5005314,num_works,0.8652253,0.00851756939664483,0.0054517793,0.5,0,0.19423368740515934,agree
Shri I.S. Inbadurai (2025-31),584,0.0,Low,0,"Sitting Rajya Sabha, Tamil Nadu",P VELLAIYAN CONTRACTOR,0.0,0,cost_deviation_pct_mean (-2.994); cost_deviation_pct_max (-2.538); num_works (+0.874),15,0.1494396410303029,0.2105349950796312,0.0666666666666666,-0.0031733333333333,0.0976,0.8157333333333333,0.0,0.0,0.0,1.0,0.0,0.0,Tamil Nadu,Sitting Rajya Sabha,3,0.0,0.0,0.0,15065385.0,7,0.5839483229189112,0.6453790490555196,0.0,0.0,7815039.0,0.6335990806579042,0.0,0,cost_deviation_pct_mean,-2.9938927,cost_deviation_pct_max,-2.538155,num_works,0.8735792,0.008512364700436592,0.0059813876,0.5,0,0.19423368740515934,agree
Asaduddin Owaisi,585,0.0,Low,0,"HYDERABAD, Telangana",A F Construction op by Ismail,0.0,0,cost_deviation_pct_mean (-2.933); cost_deviation_pct_max (-2.534); num_works (+0.900),1,-0.0059579641905238,-0.0059579641905238,1.0,0.0736,0.0736,0.792,0.0,0.0,0.0,1.0,0.0,0.0,Telangana,HYDERABAD,15,0.0666666666666666,1.4891098353948145,6.707421043023632,11172317.0,3,0.4779785845962316,0.6625430941607412,0.3333333333333333,1.0,10263845.0,0.6625430941607412,1.0,0,cost_deviation_pct_mean,-2.933361,cost_deviation_pct_max,-2.5341167,num_works,0.9004993,0.008490827089796463,0.005993272,0.5,0,0.19423368740515934,agree
DR. PRABHA MALLIKARJUN,586,0.0,Low,0,"DAVANAGERE, Karnataka",NIRMITHI KENDRA DAVANGERE,1.0,0,cost_deviation_pct_mean (-3.176); cost_deviation_pct_max (-2.551); num_works (+0.874),5,0.1673462324171893,0.2134345389494732,0.0,0.0079,0.0848,0.7752,0.141808338022232,0.7090416901111602,0.2,2.0,0.0,0.2,Karnataka,DAVANAGERE,21,0.0476190476190476,1.0851303368060965,2.6077820521819706,57444696.0,3,0.5207208096913979,0.627301048624578,0.0,0.0,57200000.0,0.627301048624578,0.0,0,cost_deviation_pct_mean,-3.1762238,cost_deviation_pct_max,-2.5509696,num_works,0.8736118,0.008398076829810938,0.007330384,0.5,0,0.19423368740515934,agree
BAIJAYANT PANDA,587,0.0,Low,0,"KENDRAPARA, Odisha",SAKTI SWARUP DAS,1.0,0,cost_deviation_pct_mean (-2.937); cost_deviation_pct_max (-2.732); num_works (+0.892),8,0.1721443048298588,0.187783101787237,0.0,-0.00665,0.0849,0.8725,0.6611842451194923,0.8546666785875956,0.875,7.0,0.0,0.875,Odisha,KENDRAPARA,15,0.0,0.7290504318617913,1.2754432409861696,17127535.0,20,0.5653091557135675,0.6510917187387776,0.05,1.0,3840000.0,0.6489406018817784,0.0,0,cost_deviation_pct_mean,-2.9367101,cost_deviation_pct_max,-2.7321346,num_works,0.8924233,0.008351488038897514,0.007796119,0.5,0,0.19423368740515934,agree
Bharatsinhji Shankarji Dabhi,588,0.0,Low,0,"PATAN, Gujarat",YUG ENTERPRISE,1.0,0,cost_deviation_pct_mean (-3.442); num_works (-0.474); sor_match_confidence_mean (-0.278),160,0.1904380461664156,0.2211613961510865,0.01875,0.068405,2.8876,0.8571,0.5131566667856013,0.8680000119209289,0.70625,57.0,0.03125,0.70625,Gujarat,PATAN,22,0.0454545454545454,0.8061462058187626,2.866117943857943,72505536.0,123,0.3720209044635156,0.6251966171083818,0.0,0.0,13979550.0,0.6064362924657043,0.0,0,cost_deviation_pct_mean,-3.441517,num_works,-0.47374192,sor_match_confidence_mean,-0.27821314,0.008335760794579983,0.0070035337,0.5,0,0.19423368740515934,agree
BALYA MAMA SURESH GOPINATH MHATRE,589,0.0,Low,0,"BHIWANDI, Maharashtra",Hindustan Enterprises,1.0,0,cost_deviation_pct_mean (-3.056); cost_deviation_pct_max (-2.698); num_works (+0.903),11,0.1732714626276476,0.2205903233043638,0.0,0.0129636363636363,0.1273,0.8788181818181818,0.4827729481857561,0.8521428518295288,0.6363636363636364,13.0,0.0,0.6363636363636364,Maharashtra,BHIWANDI,18,0.0,0.6092006687519168,1.5357073070726566,61343128.0,35,0.5034270887842316,0.6528487035839977,0.0285714285714285,1.0,13384543.0,0.6069731738849387,0.0,0,cost_deviation_pct_mean,-3.0563538,cost_deviation_pct_max,-2.6977766,num_works,0.902687,0.008327432597676912,0.0075003444,0.5,0,0.19423368740515934,agree
Thalikkottai Rajuthevar Baalu,590,0.0,Low,0,"SRIPERUMBUDUR, Tamil Nadu",EVEREST ENTERPRISES,1.0,0,cost_deviation_pct_mean (-3.230); num_works (-0.420); anomaly_flag_rate (-0.302),63,0.1645826642580101,0.2065581473821161,0.0476190476190476,0.0777666666666666,2.7568,0.8456507936507937,0.791159903159799,0.8680000119209289,0.9365079365079364,81.0,0.0158730158730158,0.9365079365079364,Tamil Nadu,SRIPERUMBUDUR,21,0.0,0.9435153529639586,3.68876469136388,71998395.0,25,0.5302675070028011,0.6565781440781441,0.04,1.0,14618795.0,0.5880835667600374,0.0,0,cost_deviation_pct_mean,-3.2300394,num_works,-0.4202822,anomaly_flag_rate,-0.301627,0.008325946827729544,0.0078772325,0.5,0,0.19423368740515934,agree
ASHISH DUBEY,591,0.0,Low,0,"JABALPUR, Madhya Pradesh",MP AGRO JABALPUR,1.0,0,cost_deviation_pct_mean (-3.162); cost_deviation_pct_max (-2.444); num_works (+0.890),15,0.1975930910567471,0.2134301437251355,0.0,0.0735466666666666,0.1467,0.8316666666666667,0.5458471468136042,0.7795399995911579,0.7333333333333333,28.0,0.0,0.7333333333333333,Madhya Pradesh,JABALPUR,18,0.0555555555555555,0.7846073475553964,3.8283088596858823,23263814.0,26,0.437358804468533,0.6426632191338074,0.0,0.0,13090166.0,0.6426632191338074,0.0,0,cost_deviation_pct_mean,-3.1619852,cost_deviation_pct_max,-2.443841,num_works,0.8897464,0.008320664366086325,0.0064441296,0.5,0,0.19423368740515934,agree
Dr. Syed Naseer Hussain (2024-30),592,0.0,Low,0,"Sitting Rajya Sabha, Karnataka",SIDDARAM BELKOTI,0.0,0,cost_deviation_pct_mean (-3.122); cost_deviation_pct_max (-2.580); num_works (+0.882),3,0.1974329563264043,0.2061107151495377,0.0,0.0341666666666666,0.1355,0.8073333333333332,0.0,0.0,0.0,1.0,0.0,0.0,Karnataka,Sitting Rajya Sabha,16,0.0625,0.9687493981612344,2.1046144719484987,52745755.0,5,0.5552982475041298,0.654687387775623,0.4,1.0,6525000.0,0.6509723120017237,1.0,0,cost_deviation_pct_mean,-3.1215007,cost_deviation_pct_max,-2.5797336,num_works,0.88167745,0.008318925431619087,0.006271513,0.5,0,0.19423368740515934,agree
MANOJ TIGGA,593,0.0,Low,0,"ALIPURDUARS, West Bengal",SUBRATA SAHA,0.0,0,cost_deviation_pct_mean (-2.914); cost_deviation_pct_max (-2.572); num_works (+0.940),10,0.137239854099734,0.2144308429793026,0.1,0.03796,0.125,0.8010999999999999,0.0,0.0,0.0,1.0,0.0,0.0,West Bengal,ALIPURDUARS,1,0.0,0.0,0.0,11379773.0,5,0.6287166918049272,0.6662922861452274,0.4,1.0,4410180.0,0.6662922861452274,1.0,0,cost_deviation_pct_mean,-2.9139736,cost_deviation_pct_max,-2.5719051,num_works,0.93956983,0.00830119987949729,0.007241798,0.5,0,0.19423368740515934,agree
Shri Ilaiyaraaja (2022-28),594,0.0,Low,0,"Nominated Rajya Sabha, Tamil Nadu",K VANARAJ,0.0,0,cost_deviation_pct_mean (-3.306); cost_deviation_pct_max (-1.407); num_works (-0.436),17,0.1230669622659424,0.2061355729963419,0.1176470588235294,0.0055294117647058,0.14,0.8291176470588235,0.0,0.0,0.0,1.0,0.0,0.0,Tamil Nadu,Nominated Rajya Sabha,34,0.0294117647058823,1.2473185357140553,3.34873133657136,44381022.0,6,0.5794928655222773,0.664685233067586,0.3333333333333333,1.0,14604764.0,0.6208782230841055,0.0,0,cost_deviation_pct_mean,-3.306391,cost_deviation_pct_max,-1.4068432,num_works,-0.4361802,0.008264667044083277,0.0055170255,0.5,0,0.19423368740515934,agree
Adv Dean Kuriakose,595,0.0,Low,0,"IDUKKI, Kerala",KALLOOR ELECTRONICS AND  LIGHTING PVT LTD,1.0,0,cost_deviation_pct_mean (-3.328); num_works (-0.404); sor_match_confidence_mean (-0.235),95,0.1770853078013632,0.2170640942070713,0.0210526315789473,0.0639,2.6752,0.8418210526315789,0.6771513473796545,0.8612570576667785,0.8315789473684211,103.0,0.031578947368421,0.8315789473684211,Kerala,IDUKKI,16,0.0,0.5027784606498926,1.4189972043033896,58754261.0,28,0.4138615702691332,0.6934353228470875,0.0714285714285714,1.0,15081737.0,0.6934353228470875,1.0,0,cost_deviation_pct_mean,-3.327809,num_works,-0.4036229,sor_match_confidence_mean,-0.23526828,0.008085793349891901,0.008623302,0.5,0,0.19423368740515934,agree
MANJU SHARMA,596,0.0,Low,0,"JAIPUR, Rajasthan",SHRI LAXMI CONSTRUCTION,1.0,0,cost_deviation_pct_mean (-3.286); cost_deviation_pct_max (-2.514); num_works (+0.978),13,0.1734875955278979,0.2140298593888884,0.0,0.0067384615384615,0.1265,0.837923076923077,0.1316325799946298,0.8556117699650939,0.1538461538461538,2.0,0.0,0.1538461538461538,Rajasthan,JAIPUR,24,0.0,0.6945022657894052,1.9076616657693728,21994861.0,18,0.5623991476932653,0.6382290095525389,0.0,0.0,4187421.0,0.585129821159233,0.0,0,cost_deviation_pct_mean,-3.2863503,cost_deviation_pct_max,-2.5138407,num_works,0.97796035,0.008031716259817282,0.006704486,0.5,0,0.19423368740515934,agree
Vaithilingam Ve,597,0.0,Low,0,"Puducherry, Puducherry",SHINOJ T A,0.0,0,cost_deviation_pct_mean (-3.191); cost_deviation_pct_max (-2.515); num_works (+0.998),13,0.130841810446262,0.2120211028059409,0.0,0.0458615384615384,0.1362,0.8493076923076923,0.0,0.0,0.0,1.0,0.0,0.0,Puducherry,Puducherry,25,0.08,1.1600098314361669,5.207141495997804,33557935.0,19,0.5181918786407951,0.6462229763700351,0.0,0.0,5692691.0,0.6462229763700351,0.0,0,cost_deviation_pct_mean,-3.190846,cost_deviation_pct_max,-2.514731,num_works,0.99807024,0.008015908300876617,0.005584218,0.5,0,0.19423368740515934,agree
Shri M K Raghavan,598,0.0,Low,0,"KOZHIKODE, Kerala",Nisar T P,1.0,0,cost_deviation_pct_mean (-3.138); cost_deviation_pct_max (-2.557); num_works (+0.869),15,0.2103555531571759,0.2214104651535953,0.0,0.00152,0.1028,0.8615333333333334,0.2683711715065439,0.686934264980952,0.4,66.0,0.0,0.4,Kerala,KOZHIKODE,10,0.0,1.3419157639163148,6.326204337847859,9365325.0,14,0.5562023527359662,0.6388969690440278,0.0,0.0,1688480.0,0.6388969690440278,0.0,0,cost_deviation_pct_mean,-3.1376004,cost_deviation_pct_max,-2.5569577,num_works,0.8694313,0.00796401035040617,0.012183076,0.5,0,0.19423368740515934,agree
Krishan Pal Gurjar,599,0.0,Low,0,"FARIDABAD, Haryana",Mentiz Infratech India,0.0,0,cost_deviation_pct_mean (-3.056); cost_deviation_pct_max (-2.531); num_works (+0.976),6,0.1590808526972383,0.2119082854012416,0.1666666666666666,0.0527,0.1426,0.8325,0.0,0.0,0.0,1.0,0.0,0.0,Haryana,FARIDABAD,13,0.0,0.7209693556362587,1.593335367809174,24858831.0,14,0.5686988898123352,0.6509848811319399,0.0714285714285714,1.0,9603968.0,0.6352995044171514,0.0,0,cost_deviation_pct_mean,-3.0561721,cost_deviation_pct_max,-2.530615,num_works,0.9761203,0.007935189021130403,0.0068629165,0.5,0,0.19423368740515934,agree
Shri Narendra Modi,600,0.0,Low,0,"VARANASI, Uttar Pradesh",NEETU CONSTRUCTION,1.0,0,cost_deviation_pct_mean (-2.941); num_works (-0.473); collusion_score_mean (-0.273),192,0.1907612777828904,0.2225054899396514,0.03125,0.0825072916666666,2.6135,0.8645833333333334,0.3943960379873996,0.7697761558486701,0.5677083333333334,37.0,0.0364583333333333,0.5677083333333334,Uttar Pradesh,VARANASI,17,0.0,0.6422396659263769,1.6233031437991208,89119541.0,81,0.4131900164307571,0.6276547798606622,0.0,0.0,7003903.0,0.6276547798606622,0.0,0,cost_deviation_pct_mean,-2.940851,num_works,-0.47289371,collusion_score_mean,-0.27316552,0.007814531369755665,0.013944625,0.5,0,0.19423368740515934,agree
Yogendra Chandoliya,601,0.0,Low,0,"NORTH WEST DELHI, Delhi",MASTER ELECTRIC STORE,1.0,0,cost_deviation_pct_mean (-3.065); cost_deviation_pct_max (-2.615); num_works (+0.918),11,0.1588391184305339,0.2105877259792933,0.0,0.0061818181818181,0.1154,0.8278181818181818,0.1354626620919271,0.7450446415055995,0.1818181818181818,2.0,0.0,0.1818181818181818,Delhi,NORTH WEST DELHI,13,0.0,0.0291467697181021,1.0,12505354.0,4,0.6427200046685341,0.6785355167708109,0.75,1.0,6488745.0,0.6785355167708109,1.0,0,cost_deviation_pct_mean,-3.06514,cost_deviation_pct_max,-2.6146085,num_works,0.9180445,0.007758797301600377,0.007405033,0.5,0,0.19423368740515934,agree
Shri Raghav Chadha (2022-28),602,0.0,Low,0,"Sitting Rajya Sabha, Punjab",Brightway Contractor and Developers,0.0,0,cost_deviation_pct_mean (-3.105); cost_deviation_pct_max (-2.499); num_works (+0.912),4,0.1435917736878826,0.2017114729437873,0.25,0.0034999999999999,0.0833,0.7935,0.0,0.0,0.0,1.0,0.0,0.0,Punjab,Sitting Rajya Sabha,28,0.0357142857142857,1.4425677540230617,12.68684952899278,35563356.0,19,0.3269326691540313,0.6676605257487611,0.1052631578947368,1.0,21078330.0,0.6676605257487611,1.0,0,cost_deviation_pct_mean,-3.1045036,cost_deviation_pct_max,-2.4993768,num_works,0.9119936,0.007666917362560828,0.0071398914,0.5,0,0.19423368740515934,agree
NARESH CHANDRA UTTAM PATEL,603,0.0,Low,0,"FATEHPUR, Uttar Pradesh",MS YASH CONTRACTOR AND SUPPLIERS,1.0,0,cost_deviation_pct_mean (-3.061); cost_deviation_pct_max (-2.529); num_works (+1.007),13,0.1654488013721559,0.2146256777266018,0.0,0.0122615384615384,0.1457,0.8641538461538462,0.2705135107409572,0.7437037439903249,0.3846153846153846,9.0,0.0,0.3846153846153846,Uttar Pradesh,FATEHPUR,11,0.0,0.5194170156148861,1.1818513747159696,28783210.0,12,0.5664116928822811,0.6584347841700783,0.1666666666666666,1.0,7362256.0,0.6491336278100983,0.0,0,cost_deviation_pct_mean,-3.061368,cost_deviation_pct_max,-2.528665,num_works,1.0066739,0.007621875188002984,0.0074685924,0.5,0,0.19423368740515934,agree
Virendra Kumar,604,0.0,Low,0,"TIKAMGARH, Madhya Pradesh",DEEPAK KUMAR SHARMA,1.0,0,cost_deviation_pct_mean (-3.273); cost_deviation_pct_max (-2.457); num_works (+0.953),12,0.1985362232641373,0.2169811609746631,0.0,-0.0161083333333333,0.1351,0.8251666666666666,0.5390152083591179,0.8613332856496175,0.6666666666666666,145.0,0.0,0.6666666666666666,Madhya Pradesh,TIKAMGARH,24,0.0,0.5646703850378053,1.7560403752429017,49785240.0,172,0.36244098563695,0.6620133951016305,0.005813953488372,1.0,3528574.0,0.6620133951016305,1.0,0,cost_deviation_pct_mean,-3.27281,cost_deviation_pct_max,-2.4565315,num_works,0.9525645,0.007465060024211804,0.006829558,0.5,0,0.19423368740515934,agree
Shri Jayant Chaudhary (2022-28),605,0.0,Low,0,"Sitting Rajya Sabha, Uttar Pradesh",Vaid Associates,0.0,0,cost_deviation_pct_mean (-3.232); cost_deviation_pct_max (-2.545); num_works (+0.947),8,0.115022851779863,0.1987087876312595,0.125,0.023475,0.1085,0.815375,0.0,0.0,0.0,1.0,0.0,0.0,Uttar Pradesh,Sitting Rajya Sabha,27,0.1111111111111111,0.7773918040293036,2.849526073535744,43141697.0,14,0.5904389319830496,0.651876391582274,0.1428571428571428,1.0,10427081.0,0.6103093801623214,0.0,0,cost_deviation_pct_mean,-3.2316184,cost_deviation_pct_max,-2.5447457,num_works,0.94710445,0.0073074656538665295,0.005836612,0.5,0,0.19423368740515934,agree
Shri Imran Pratapgarhi (2022-28),606,0.0,Low,0,"Sitting Rajya Sabha, Maharashtra",UNITY ENTERPRISES,0.0,0,cost_deviation_pct_mean (-3.555); cost_deviation_pct_max (-1.489); collusion_score_max (-0.195),53,0.1687565548926136,0.2178677301653152,0.0377358490566037,0.0330169811320754,0.1467,0.8382075471698113,0.0,0.0,0.0,1.0,0.0,0.0,Maharashtra,Sitting Rajya Sabha,23,0.0434782608695652,1.0014577322063023,3.5074205421811238,102738277.0,20,0.571359530991884,0.6270712131006249,0.0,0.0,28498934.0,0.6166531997414351,0.0,0,cost_deviation_pct_mean,-3.5551987,cost_deviation_pct_max,-1.488874,collusion_score_max,-0.1945602,0.007265861456592877,0.0047334726,0.5,0,0.19423368740515934,agree
Priyanka Gandhi Vadra,607,0.0,Low,0,"WAYANAD, Kerala",Mahindra And Mahindra Limited,1.0,0,cost_deviation_pct_mean (-3.163); cost_deviation_pct_max (-2.517); num_works (+0.959),11,0.1411690695917392,0.2173604756712972,0.0,0.0488818181818181,0.1379,0.8439090909090908,0.3998667876790323,0.7741484092076619,0.5454545454545454,10.0,0.0,0.5454545454545454,Kerala,WAYANAD,18,0.0,0.7718097233156154,2.0729878630335263,34714501.0,16,0.3714717778136895,0.6717122746534511,0.0625,1.0,16692987.0,0.6717122746534511,1.0,0,cost_deviation_pct_mean,-3.1632137,cost_deviation_pct_max,-2.5171552,num_works,0.9587256,0.0071435195083419485,0.008323139,0.5,0,0.19423368740515934,agree
JAGADISH SHETTAR,608,0.0,Low,0,"BELGAUM, Karnataka",PRIYESH GOUNDADKAR,1.0,0,cost_deviation_pct_mean (-2.838); cost_deviation_pct_max (-2.783); num_works (+0.867),1,0.2024220568846114,0.2024220568846114,0.0,0.0655,0.0655,0.889,0.7386687786229452,0.7386687786229452,1.0,131.0,0.0,1.0,Karnataka,BELGAUM,11,0.0,2.421744600412972,14.537630743030466,10222651.0,20,0.5508353982618688,0.6143117503411621,0.0,0.0,999405.0,0.6143117503411621,0.0,0,cost_deviation_pct_mean,-2.8375793,cost_deviation_pct_max,-2.7826815,num_works,0.8669932,0.00691881279150645,0.008175249,0.5,0,0.19423368740515934,agree
Shri Ashwini Vaishnaw (2024-30),609,0.0,Low,0,"Sitting Rajya Sabha, Odisha",VALUABLE WHEELS INDIA PRIVATE LIMITED,0.0,0,cost_deviation_pct_mean (-3.048); cost_deviation_pct_max (-2.474); num_works (+0.947),4,0.107154747216666,0.1904959313680926,0.25,-0.038625,0.0033,0.78875,0.0,0.0,0.0,1.0,0.0,0.0,Odisha,Sitting Rajya Sabha,14,0.0,-0.9631185211104228,1.300751827364392,20469117.0,15,0.4816196820608585,0.6463989441930618,0.0,0.0,5569600.0,0.6463989441930618,0.0,0,cost_deviation_pct_mean,-3.0484307,cost_deviation_pct_max,-2.4736443,num_works,0.94703496,0.0069166299266119795,0.0050875065,0.5,0,0.19423368740515934,agree
Smt. Rekha Sharma (2024-28),610,0.0,Low,0,"Sitting Rajya Sabha, Haryana",SUNIL KUMAR,0.0,0,cost_deviation_pct_mean (-2.894); cost_deviation_pct_max (-2.697); num_works (+0.887),1,0.2203606847352298,0.2203606847352298,0.0,0.0237,0.0237,0.906,0.0,0.0,0.0,1.0,0.0,0.0,Haryana,Sitting Rajya Sabha,13,0.0,0.3853868130444409,0.7068256280211681,14183077.0,47,0.3899839122774041,0.6262093298858005,0.0,0.0,3807405.0,0.5259067729655965,0.0,0,cost_deviation_pct_mean,-2.8937423,cost_deviation_pct_max,-2.6968591,num_works,0.88747454,0.006880086846649647,0.006304786,0.5,0,0.19423368740515934,agree
T Sumathy (A) Thamizhachi Thangapandian ,611,0.0,Low,0,"CHENNAI SOUTH, Tamil Nadu",L N DREAMWAY CONSTRUCTION,0.0,0,cost_deviation_pct_mean (-3.037); cost_deviation_pct_max (-2.550); num_works (+0.911),5,0.0875519852956945,0.146652630657421,0.2,0.0279,0.1134,0.8248000000000001,0.0,0.0,0.0,1.0,0.0,0.0,Tamil Nadu,CHENNAI SOUTH,14,0.0,0.9999230706200104,2.61031477179466,28530278.0,8,0.6075796344178697,0.6624604970193206,0.125,1.0,10478968.0,0.6624604970193206,1.0,0,cost_deviation_pct_mean,-3.0365617,cost_deviation_pct_max,-2.5499327,num_works,0.9112987,0.006875184054176013,0.006829228,0.5,0,0.19423368740515934,agree
Smt Supriya Sadanand Sule,612,0.0,Low,0,"BARAMATI, Maharashtra",SAMARTHA ENTERPRISES,1.0,0,cost_deviation_pct_mean (-3.241); cost_deviation_pct_max (-2.513); num_works (+0.952),10,0.1813754984379269,0.2194740353005007,0.0,0.01065,0.1434,0.8641,0.1451923396643956,0.7752075107663473,0.2,13.0,0.0,0.2,Maharashtra,BARAMATI,17,0.0,0.5521341208815629,1.8601060652297805,25041557.0,25,0.5490958485958486,0.6207166199813259,0.0,0.0,1995224.0,0.6192155067155067,0.0,0,cost_deviation_pct_mean,-3.2412496,cost_deviation_pct_max,-2.5134182,num_works,0.9515139,0.006812501233071089,0.005748761,0.5,0,0.19423368740515934,agree
H.D. KUMARASWAMY,613,0.0,Low,0,"MANDYA, Karnataka",PROJECT MANAGER NIRMITHI KENDRA MANDYA,1.0,0,cost_deviation_pct_mean (-3.132); cost_deviation_pct_max (-2.597); num_works (+0.878),7,0.1998874416996701,0.2098096740663408,0.0,0.0321285714285714,0.1099,0.8474285714285715,0.6084473871919843,0.7680000119209289,0.8571428571428571,102.0,0.0,0.8571428571428571,Karnataka,MANDYA,17,0.0588235294117647,1.063845987209781,4.350723331064956,46075000.0,1,0.6266923436041083,0.6266923436041083,0.0,0.0,40200000.0,0.6266923436041083,0.0,0,cost_deviation_pct_mean,-3.1324122,cost_deviation_pct_max,-2.5971408,num_works,0.87771183,0.0066911903365204735,0.005749614,0.5,0,0.19423368740515934,agree
SANJNA JATAV,614,0.0,Low,0,"BHARATPUR, Rajasthan",SHARMA CONTRACTOR,1.0,0,cost_deviation_pct_mean (-3.693); cost_deviation_pct_max (-1.458); num_works (-0.150),76,0.1946978347324149,0.2209542433321394,0.0131578947368421,0.0301065789473684,0.1468,0.836671052631579,0.458755913769462,0.8422394222678605,0.631578947368421,32.0,0.0,0.631578947368421,Rajasthan,BHARATPUR,25,0.04,0.6893736894516515,2.813477506851561,66932558.1,437,0.199634496760624,0.6924495439201321,0.0022883295194508,1.0,24819319.1,0.6924495439201321,1.0,0,cost_deviation_pct_mean,-3.6926997,cost_deviation_pct_max,-1.4579735,num_works,-0.15006994,0.006656071947266658,0.0050751492,0.5,0,0.19423368740515934,agree
AJENDRA SINGH LODHI,615,0.0,Low,0,"HAMIRPUR, Uttar Pradesh",Lakshya Contruction,1.0,0,cost_deviation_pct_mean (-3.310); cost_deviation_pct_max (-1.275); num_works (-0.413),19,0.1695809490720761,0.2080235578267713,0.0,0.0289578947368421,0.1463,0.8221052631578948,0.4717857918707432,0.8680000119209289,0.5789473684210527,32.0,0.0,0.5789473684210527,Uttar Pradesh,HAMIRPUR,21,0.0,0.6960712637074659,1.6358475244187671,48355823.0,19,0.5286604047826957,0.6424306902248078,0.0,0.0,24947262.0,0.641925231631114,0.0,0,cost_deviation_pct_mean,-3.310333,cost_deviation_pct_max,-1.2748034,num_works,-0.41312283,0.006610881847639878,0.0044771344,0.5,0,0.19423368740515934,agree
SHIVRAJ SINGH CHOUHAN,616,0.0,Low,0,"VIDISHA, Madhya Pradesh",CEO JANPAD KHATEGAON,1.0,0,cost_deviation_pct_mean (-3.179); cost_deviation_pct_max (-2.453); num_works (+0.940),10,0.1960920654203879,0.2185150295326829,0.0,0.02476,0.1131,0.7929,0.6253484941694472,0.83911112303204,0.8,33.0,0.0,0.8,Madhya Pradesh,VIDISHA,19,0.0526315789473684,0.5987200062381586,3.2107276864404843,38851625.0,66,0.4501531828737711,0.604973784385549,0.0,0.0,4915876.0,0.604973784385549,0.0,0,cost_deviation_pct_mean,-3.1789262,cost_deviation_pct_max,-2.453169,num_works,0.9395195,0.006589110319813092,0.005761667,0.5,0,0.19423368740515934,agree
R.K. CHAUDHARY,617,0.0,Low,0,"MOHANLALGANJ, Uttar Pradesh",SHREE HARIOM INFOTECH,1.0,0,cost_deviation_pct_mean (-3.126); cost_deviation_pct_max (-2.576); num_works (+0.934),14,0.1955363732290745,0.2044644224129653,0.0,0.0143857142857142,0.1383,0.8102857142857143,0.6506943641730717,0.8499725275039672,0.7857142857142857,58.0,0.0,0.7857142857142857,Uttar Pradesh,MOHANLALGANJ,17,0.0588235294117647,0.7302250278296796,2.856356444921784,34622708.0,3,0.597879707438531,0.6266618185735833,0.0,0.0,31012776.0,0.6266618185735833,0.0,0,cost_deviation_pct_mean,-3.1261814,cost_deviation_pct_max,-2.5757089,num_works,0.93378335,0.0065360671530167265,0.006440812,0.5,0,0.19423368740515934,agree
Smt Harsimrat Kaur Badal,618,0.0,Low,0,"BHATINDA, Punjab",MANU KRISHI UDHYOG,1.0,0,cost_deviation_pct_mean (-2.791); num_works (-0.428); cost_deviation_pct_max (-0.373),147,0.1537699886281316,0.220350035204697,0.0680272108843537,0.1006938775510204,2.9664,0.8459795918367347,0.3458461940660961,0.8680000119209289,0.4489795918367347,24.0,0.0408163265306122,0.4489795918367347,Punjab,BHATINDA,24,0.0,0.5097351830547604,0.9380300545132728,86764668.0,408,0.2925207425856214,0.6649536737772032,0.0024509803921568,1.0,3740000.0,0.6649536737772032,1.0,0,cost_deviation_pct_mean,-2.791178,num_works,-0.42809588,cost_deviation_pct_max,-0.37330505,0.006519721355289221,0.0080236215,0.5,0,0.19423368740515934,agree
Praveen Khandelwal,619,0.0,Low,0,"CHANDINI CHOWK, Delhi",KHALSA EXPORTS PRIVATE LIMITED,0.0,0,cost_deviation_pct_mean (-3.277); cost_deviation_pct_max (-1.480); num_works (-0.460),35,0.1900367779760019,0.2196319168947501,0.0,0.0190714285714285,0.1461,0.8225714285714285,0.0,0.0,0.0,1.0,0.0,0.0,Delhi,CHANDINI CHOWK,11,0.0,0.4587490386279783,0.8562332058139909,26487847.0,9,0.5720596215694255,0.6879892982834159,0.2222222222222222,1.0,16896339.0,0.6879892982834159,1.0,0,cost_deviation_pct_mean,-3.2772677,cost_deviation_pct_max,-1.4800903,num_works,-0.46006233,0.006494214215005438,0.0059257834,0.5,0,0.19423368740515934,agree
Smt Hema Malini,620,0.0,Low,0,"MATHURA, Uttar Pradesh",JAY MAHAVEER INFRAVENTURE PRIVATE LIMITED,1.0,0,cost_deviation_pct_mean (-3.539); cost_deviation_pct_max (-1.465); num_works (-0.465),33,0.1758898410565073,0.2151080133069458,0.0,0.0205818181818181,0.1366,0.8474242424242424,0.3421302346375285,0.7842127792835235,0.4545454545454545,10.0,0.0,0.4545454545454545,Uttar Pradesh,MATHURA,22,0.0454545454545454,0.734503114619152,2.402544285980836,40721168.0,11,0.5598745209039326,0.6925788264023558,0.2727272727272727,1.0,26805440.0,0.6925788264023558,1.0,0,cost_deviation_pct_mean,-3.5394235,cost_deviation_pct_max,-1.4653372,num_works,-0.46509033,0.006438954888532559,0.004475753,0.5,0,0.19423368740515934,agree
Shri Subhash Barala (2024-30),621,0.0,Low,0,"Sitting Rajya Sabha, Haryana",THE BARTA CO OP  L AND C SOCIETY,0.0,0,cost_deviation_pct_mean (-3.129); cost_deviation_pct_max (-2.487); num_works (+0.941),4,0.1245648199688428,0.1762761126074035,0.0,0.0026249999999999,0.0501,0.8505,0.0,0.0,0.0,1.0,0.0,0.0,Haryana,Sitting Rajya Sabha,14,0.0,0.4710744457231717,1.4555337594679654,29532538.0,25,0.5168243194713783,0.6550824175824176,0.04,1.0,3571195.0,0.6550824175824176,1.0,0,cost_deviation_pct_mean,-3.128942,cost_deviation_pct_max,-2.4865522,num_works,0.9410735,0.006268797752757867,0.005905294,0.5,0,0.19423368740515934,agree
KALIPADA SAREN,622,0.0,Low,0,"JHARGRAM, West Bengal",MADHUMITA MANDAL,1.0,0,cost_deviation_pct_mean (-3.432); cost_deviation_pct_max (-1.619); sor_match_confidence_mean (+0.477),40,0.113067917322266,0.203229078373495,0.075,0.01515,0.1494,0.8710000000000001,0.4314674289722323,0.8595788888931274,0.55,7.0,0.0,0.55,West Bengal,JHARGRAM,21,0.0,0.5959308857531556,1.2105930126100064,71784126.0,13,0.5368406731528904,0.6451546003016592,0.0,0.0,10683215.0,0.606719995690584,0.0,0,cost_deviation_pct_mean,-3.431639,cost_deviation_pct_max,-1.619139,sor_match_confidence_mean,0.4774116,0.006205379186818997,0.006120533,0.5,0,0.19423368740515934,agree
Nityanand Rai,623,0.0,Low,0,"UJJARPUR, Bihar",DARVESHWAR NATH CONSTRUCTION,0.0,0,cost_deviation_pct_mean (-3.381); cost_deviation_pct_max (-1.576); sor_match_confidence_mean (-0.181),40,0.0192061739666959,0.1843509523497892,0.275,0.0127025,0.1478,0.8650499999999999,0.0,0.0,0.0,1.0,0.0,0.0,Bihar,UJJARPUR,15,0.1333333333333333,1.2720879285993587,5.0233250129090194,22994739.0,6,0.6203036342742225,0.6652723910076852,0.1666666666666666,1.0,13650000.0,0.6652723910076852,1.0,0,cost_deviation_pct_mean,-3.381379,cost_deviation_pct_max,-1.5755415,sor_match_confidence_mean,-0.18058132,0.006179370762159427,0.0041994634,0.5,0,0.19423368740515934,agree
VAMSI KRISHNA GADDAM,624,0.0,Low,0,"PEDDAPALLE, Telangana",SVR CONSTRUCTIONS,1.0,0,cost_deviation_pct_mean (-3.068); cost_deviation_pct_max (-2.520); num_works (+0.949),9,0.0844602486330338,0.2172181383371123,0.3333333333333333,0.0058444444444444,0.1293,0.8526666666666667,0.2709778195783638,0.8357822113037109,0.3333333333333333,2.0,0.0,0.3333333333333333,Telangana,PEDDAPALLE,17,0.1176470588235294,1.0203025418816474,3.968283500494164,16373473.0,13,0.574652691451334,0.6653657616892912,0.1538461538461538,1.0,5683700.0,0.6653657616892912,1.0,0,cost_deviation_pct_mean,-3.067884,cost_deviation_pct_max,-2.5201821,num_works,0.94856125,0.0061401134977738065,0.00572535,0.5,0,0.19423368740515934,agree
Shri Satish Kumar Gautam ,625,0.0,Low,0,"ALIGARH, Uttar Pradesh",S K CONSTRUCTION,1.0,0,cost_deviation_pct_mean (-3.268); cost_deviation_pct_max (-1.472); num_works (-0.411),21,0.1619696508377085,0.2209300749710708,0.0,0.0229047619047619,0.1176,0.8496190476190476,0.327148077658116,0.7455804201197699,0.4761904761904761,17.0,0.0,0.4761904761904761,Uttar Pradesh,ALIGARH,17,0.0,0.612556780704462,1.1986169459113545,87713538.0,4,0.6500767614738203,0.6626903325432737,0.75,1.0,41328211.0,0.6250601522660346,0.0,0,cost_deviation_pct_mean,-3.2680783,cost_deviation_pct_max,-1.4716401,num_works,-0.4108638,0.006118503399193287,0.004338207,0.5,0,0.19423368740515934,agree
UJJWAL RAMAN SINGH,626,0.0,Low,0,"ALLAHABAD, Uttar Pradesh",MS VIDYARTHI CONSTRUCTION,1.0,0,cost_deviation_pct_mean (-2.993); cost_deviation_pct_max (-2.467); num_works (+0.943),3,-0.0129336605576295,0.0371874446424385,0.6666666666666666,-0.0046666666666666,0.061,0.7866666666666666,0.2250244054698518,0.6750732164095555,0.3333333333333333,2.0,0.0,0.3333333333333333,Uttar Pradesh,ALLAHABAD,14,0.0,0.5175745755254163,1.3440823668995914,64478327.0,17,0.5250169524823505,0.6620977878330819,0.1176470588235294,1.0,18359603.0,0.6620977878330819,1.0,0,cost_deviation_pct_mean,-2.9925518,cost_deviation_pct_max,-2.4671166,num_works,0.943002,0.006043589363495509,0.0053756447,0.5,0,0.19423368740515934,agree
Dr. M. Dhanapal (2025-31),627,0.0,Low,0,"Sitting Rajya Sabha, Tamil Nadu",RAK INDUSTRIES,0.0,0,cost_deviation_pct_mean (-3.211); cost_deviation_pct_max (-1.622); num_works (-0.261),27,0.1733318190070573,0.2009201295558815,0.037037037037037,0.016637037037037,0.1322,0.8168148148148148,0.0,0.0,0.0,1.0,0.0,0.0,Tamil Nadu,Sitting Rajya Sabha,11,0.0909090909090909,0.7862830976349667,2.208708407902282,23989964.0,4,0.6051719726352079,0.6400398620986857,0.0,0.0,27252754.0,0.6400398620986857,0.0,0,cost_deviation_pct_mean,-3.2105687,cost_deviation_pct_max,-1.6224327,num_works,-0.26129773,0.006024463257441918,0.005377414,0.5,0,0.19423368740515934,agree
MUKESHKUMAR CHANDRAKAANT DALAL,628,0.0,Low,0,"SURAT, Gujarat",Nutra Marketing,1.0,0,cost_deviation_pct_mean (-3.323); num_works (-0.438); sor_match_confidence_mean (-0.264),92,0.1866076127935766,0.2129904226403926,0.0217391304347826,0.0768880434782608,2.8478,0.8485108695652174,0.755308420532188,0.8657178692817687,0.9130434782608696,41.0,0.0217391304347826,0.9130434782608696,Gujarat,SURAT,18,0.0555555555555555,1.028059521902133,2.2143367402358662,26395724.0,28,0.4463336937339038,0.6601343101343102,0.0714285714285714,1.0,3747760.0,0.6246785893844717,0.0,0,cost_deviation_pct_mean,-3.3226392,num_works,-0.4376021,sor_match_confidence_mean,-0.2638186,0.005846581421792507,0.006678607,0.5,0,0.19423368740515934,agree
Smt Dimple Yadav,629,0.0,Low,0,"MAINPURI, Uttar Pradesh",KRISHNA CONSTRUCTION,1.0,0,cost_deviation_pct_mean (-3.629); cost_deviation_pct_max (-1.464); sor_match_confidence_mean (-0.232),53,0.1680871110313795,0.2156640905233569,0.0,0.0263698113207547,0.1486,0.8591509433962263,0.3086851389169759,0.8063186114191783,0.4339622641509434,16.0,0.0,0.4339622641509434,Uttar Pradesh,MAINPURI,17,0.0588235294117647,0.672835387758141,2.0552060625822417,71873231.0,16,0.5368372028298499,0.6822110895640308,0.1875,1.0,19822080.0,0.5912725346548876,0.0,0,cost_deviation_pct_mean,-3.6291552,cost_deviation_pct_max,-1.4641179,sor_match_confidence_mean,-0.23202124,0.005536811581502358,0.00436742,0.5,0,0.19423368740515934,agree
Appalanaidu Kalisetti,630,0.0,Low,0,"VIZIANAGARAM, Andhra Pradesh",SVSST INFRASTRUCTURE,1.0,0,cost_deviation_pct_mean (-3.204); cost_deviation_pct_max (-1.565); sor_match_confidence_mean (+0.444),36,0.1870578408175564,0.2191300563195172,0.0277777777777777,0.0227583333333333,0.1333,0.8689722222222223,0.1735500193578164,0.7863056906708843,0.2222222222222222,5.0,0.0,0.2222222222222222,Andhra Pradesh,VIZIANAGARAM,18,0.0,0.4980505609830731,1.314644695742555,22622767.0,23,0.5131891942953324,0.6505413703943116,0.0434782608695652,1.0,2778328.0,0.6176030668677728,0.0,0,cost_deviation_pct_mean,-3.2036762,cost_deviation_pct_max,-1.565485,sor_match_confidence_mean,0.4444743,0.005476850705842177,0.0045424835,0.5,0,0.19423368740515934,agree
DHARMENDRA YADAV,631,0.0,Low,0,"AZAMGARH, Uttar Pradesh",JAI SHREE BALAJI CONSTRUCTION,1.0,0,cost_deviation_pct_mean (-3.389); cost_deviation_pct_max (-1.324); num_works (-0.413),16,0.1328068922329044,0.218573197849948,0.0,0.0282625,0.1293,0.8399375,0.2554494866502572,0.7680000119209289,0.3571428571428571,3.0,0.0,0.3571428571428571,Uttar Pradesh,AZAMGARH,17,0.0,0.8009745044121889,2.5145139729300667,61248647.0,26,0.533168000928182,0.6383026287438052,0.0,0.0,7629103.0,0.6383026287438052,0.0,0,cost_deviation_pct_mean,-3.389024,cost_deviation_pct_max,-1.3244755,num_works,-0.41298917,0.0053751942080756026,0.004331031,0.5,0,0.19423368740515934,agree
Shri Jairam Ramesh (2022-28),632,0.0,Low,0,"Sitting Rajya Sabha, Karnataka",KRIDL BHUSIRI ACCOUNT WORKS,0.0,0,cost_deviation_pct_mean (-3.345); cost_deviation_pct_max (-1.337); num_works (-0.427),18,0.1359132112992349,0.2155332035824217,0.0555555555555555,0.0170499999999999,0.1493,0.8421666666666666,0.0,0.0,0.0,1.0,0.0,0.0,Karnataka,Sitting Rajya Sabha,33,0.0303030303030303,0.7774811042404998,6.491882443383507,73553485.0,3,0.5429104120280591,0.6454194498312146,0.0,0.0,248889848.0,0.6454194498312146,0.0,0,cost_deviation_pct_mean,-3.344865,cost_deviation_pct_max,-1.3370078,num_works,-0.42673635,0.005319482336441676,0.0041222414,0.5,0,0.19423368740515934,agree
Kanimozhi Karunanidhi,633,0.0,Low,0,"THOOTHUKKUDI, Tamil Nadu",Antony Selvan M,1.0,0,cost_deviation_pct_mean (-3.257); cost_deviation_pct_max (-2.488); num_works (+0.975),12,0.1056563409351683,0.2026373891532312,0.0833333333333333,-0.0191333333333333,0.0503,0.8562500000000001,0.4223693797491845,0.7734501885837979,0.5833333333333334,12.0,0.0,0.5833333333333334,Tamil Nadu,THOOTHUKKUDI,20,0.05,0.2907304644560776,3.0518414354001457,58344698.0,23,0.5637925906148413,0.636476513682396,0.0,0.0,5742866.0,0.636476513682396,0.0,0,cost_deviation_pct_mean,-3.2565496,cost_deviation_pct_max,-2.4875772,num_works,0.9745495,0.005280764773488045,0.005741687,0.5,0,0.19423368740515934,agree
KARAN BHUSHAN SINGH,634,0.0,Low,0,"KAISERGANJ, Uttar Pradesh",SRIJAN CONSTRUCTION,1.0,0,cost_deviation_pct_mean (-3.403); cost_deviation_pct_max (-1.110); num_works (-0.530),33,0.1435421968206914,0.2076486939238506,0.0303030303030303,0.0269696969696969,0.15,0.822969696969697,0.5225174529778874,0.8077635877132415,0.7272727272727273,51.0,0.0,0.7272727272727273,Uttar Pradesh,KAISERGANJ,23,0.0,1.0470189963529817,2.23370823981077,95454825.0,6,0.4415322966793555,0.6511159592041945,0.1666666666666666,1.0,82624494.0,0.6260243841126194,0.0,0,cost_deviation_pct_mean,-3.4025955,cost_deviation_pct_max,-1.1096736,num_works,-0.53017247,0.005093587717662255,0.003910176,0.5,0,0.19423368740515934,agree
Shri Manas Ranjan Mangaraj (2022-28),635,0.0,Low,0,"Sitting Rajya Sabha, Odisha",BALAKRUSHNA JENA,0.0,0,cost_deviation_pct_mean (-3.374); cost_deviation_pct_max (-1.458); num_works (-0.298),23,0.1877781820655389,0.2194479245393491,0.0,0.0268695652173913,0.148,0.8339565217391305,0.0,0.0,0.0,1.0,0.0,0.0,Odisha,Sitting Rajya Sabha,27,0.037037037037037,0.2542299670331098,2.448594724977876,13305000.0,20,0.5501802772391008,0.6150353731236085,0.0,0.0,1600000.0,0.512329418947066,0.0,0,cost_deviation_pct_mean,-3.3744702,cost_deviation_pct_max,-1.4577333,num_works,-0.2977983,0.005018447292968631,0.004072539,0.5,0,0.19423368740515934,agree
YADUVEER KRISHNADATTA CHAMARAJA WADIYAR,636,0.0,Low,0,"MYSORE, Karnataka",Mysore Nirmithi Kendra,1.0,0,cost_deviation_pct_mean (-3.250); cost_deviation_pct_max (-1.527); num_works (-0.382),34,0.1952044451425713,0.2205442860372878,0.0,0.011135294117647,0.1437,0.8549411764705883,0.3942546474302515,0.8679999523162841,0.5294117647058824,36.0,0.0,0.5294117647058824,Karnataka,MYSORE,19,0.0,0.6862102279561939,1.3726265394249315,62346570.0,2,0.5949211735976442,0.6235249227896287,0.0,0.0,67412500.0,0.6235249227896287,0.0,0,cost_deviation_pct_mean,-3.2497485,cost_deviation_pct_max,-1.527014,num_works,-0.38214955,0.004989253357052803,0.0033971837,0.5,0,0.19423368740515934,agree
Dileshwar Kamait ,637,0.0,Low,0,"SUPAUL, Bihar",CHANDAN ENTERPRISES,1.0,0,cost_deviation_pct_mean (-3.566); cost_deviation_pct_max (-1.430); deviation_flag_rate (-0.180),46,0.1391700741021234,0.189201692824623,0.0,0.0133565217391304,0.1486,0.8495869565217392,0.778397217972335,0.8680000119209289,0.9347826086956522,63.0,0.0,0.9347826086956522,Bihar,SUPAUL,21,0.0952380952380952,1.0474650153734877,6.61988168497496,89329681.0,13,0.5487486809319388,0.6672421532715651,0.0769230769230769,1.0,69646000.0,0.6199678589384472,0.0,0,cost_deviation_pct_mean,-3.5656314,cost_deviation_pct_max,-1.4301875,deviation_flag_rate,-0.18014458,0.004982476743559043,0.0036741304,0.5,0,0.19423368740515934,agree
Shri Chandra Prakash Choudhary,638,0.0,Low,0,"GIRIDIH, Jharkhand",Raj Kishor Mahato,1.0,0,cost_deviation_pct_mean (-3.720); cost_deviation_pct_max (-1.605); deviation_flag_rate (-0.208),49,0.2003596660477576,0.2202050000227337,0.0,0.0281122448979591,0.1392,0.855204081632653,0.6842899648056087,0.8327114396095275,0.8775510204081632,75.0,0.0,0.8775510204081632,Jharkhand,GIRIDIH,27,0.074074074074074,0.7812171066139277,3.3144764116755123,57353516.0,5,0.5607816203404439,0.694366336278101,0.2,1.0,18400000.0,0.6187755871579401,0.0,0,cost_deviation_pct_mean,-3.7202747,cost_deviation_pct_max,-1.6051779,deviation_flag_rate,-0.20776016,0.004931551404297352,0.0034742183,0.5,0,0.19423368740515934,agree
ANITA NAGARSINGH CHOUHAN,639,0.0,Low,0,"RATLAM, Madhya Pradesh",FEBRICON INDUSTRIES,1.0,0,cost_deviation_pct_mean (-3.212); num_works (-0.427); cost_deviation_pct_max (-0.328),76,0.1508195037012488,0.2199646496593352,0.0131578947368421,0.0801197368421052,2.9445,0.8458684210526316,0.7308723204833628,0.8680000119209289,0.8947368421052632,51.0,0.0263157894736842,0.8947368421052632,Madhya Pradesh,RATLAM,21,0.0,0.3739124391723632,0.9607902790913336,55091448.0,73,0.4478789285296135,0.6592463908640379,0.0410958904109589,1.0,7960600.0,0.6159654887596064,0.0,0,cost_deviation_pct_mean,-3.212497,num_works,-0.42749184,cost_deviation_pct_max,-0.32774055,0.004923774395138025,0.004893865,0.5,0,0.19423368740515934,agree
DR.K.SUDHAKAR,640,0.0,Low,0,"CHIKBALLAPUR, Karnataka",Project Manager,1.0,0,cost_deviation_pct_mean (-3.362); cost_deviation_pct_max (-1.324); num_works (-0.489),18,0.1819930091503796,0.215653166475749,0.0,0.0072833333333333,0.109,0.835,0.6452704038434205,0.8565555028915405,0.7777777777777778,60.0,0.0,0.7777777777777778,Karnataka,CHIKBALLAPUR,19,0.0,0.789892629820614,1.966617642519748,38953975.0,24,0.4554154995331466,0.6732448107448108,0.0416666666666666,1.0,17650000.0,0.6235698125404008,0.0,0,cost_deviation_pct_mean,-3.3615236,cost_deviation_pct_max,-1.324256,num_works,-0.4894393,0.0048819769484301405,0.0052022687,0.5,0,0.19423368740515934,agree
BRIJMOHAN AGRAWAL,641,0.0,Low,0,"RAIPUR, Chhattisgarh",ZONE COMMISSIONER ZONE 02,1.0,0,cost_deviation_pct_mean (-3.615); cost_deviation_pct_max (-1.348); num_works (-0.322),38,0.1892677564660333,0.2182155400061376,0.0,0.02715,0.144,0.8497631578947368,0.545118487578579,0.8114525191783905,0.7368421052631579,55.0,0.0,0.7368421052631579,Chhattisgarh,RAIPUR,27,0.037037037037037,0.7577250076504244,3.649683362938677,68756217.0,77,0.4606704569939864,0.6217544710191769,0.0,0.0,3500000.0,0.6217544710191769,0.0,0,cost_deviation_pct_mean,-3.614952,cost_deviation_pct_max,-1.347638,num_works,-0.32242045,0.004861589365949233,0.0037483575,0.5,0,0.19423368740515934,agree
ANANTA NAYAK,642,0.0,Low,0,"KEONJHAR, Odisha",JAYANTA KUMAR JENA,1.0,0,cost_deviation_pct_mean (-3.297); cost_deviation_pct_max (-1.278); num_works (-0.467),17,0.203620999815872,0.2196593216397748,0.0,0.0185823529411764,0.1484,0.8532941176470589,0.3302807342990551,0.7222797327041626,0.4705882352941176,86.0,0.0,0.4705882352941176,Odisha,KEONJHAR,19,0.0,0.486615776998009,1.3251829704546614,30111360.0,87,0.3653663086218867,0.6480455002513825,0.0,0.0,4132152.0,0.6480455002513825,0.0,0,cost_deviation_pct_mean,-3.2967505,cost_deviation_pct_max,-1.2784091,num_works,-0.46713534,0.004801953677088022,0.0036177505,0.5,0,0.19423368740515934,agree
DR KALGE SHIVAJI BANDAPPA,643,0.0,Low,0,"LATUR, Maharashtra",VISHWASAMRAT MAGASUARGIYA MAJOOR SAHAKARI SANSTHA MARYADIT,1.0,0,cost_deviation_pct_mean (-3.427); cost_deviation_pct_max (-1.428); num_works (-0.309),26,0.1924407267409069,0.2156734046832679,0.0,0.0268076923076923,0.1321,0.8531538461538462,0.5213555482346391,0.8016296071953244,0.7307692307692307,26.0,0.0,0.7307692307692307,Maharashtra,LATUR,20,0.0,0.5706919473288745,1.4084519248285567,28846420.0,30,0.5385344394167924,0.6370690583925879,0.0,0.0,1991369.0,0.6235949508008332,0.0,0,cost_deviation_pct_mean,-3.4268548,cost_deviation_pct_max,-1.4281408,num_works,-0.3086286,0.004783754236996174,0.004213581,0.5,0,0.19423368740515934,agree
Shri Chunnilal Garasiya (2024-30),644,0.0,Low,0,"Sitting Rajya Sabha, Rajasthan",MEHTA RAMESHKUMAR GOUTAMLAL,0.0,0,cost_deviation_pct_mean (-3.334); cost_deviation_pct_max (-1.451); num_works (-0.284),24,0.1312884252026751,0.2168819270508913,0.2083333333333333,0.028775,0.1482,0.8537916666666666,0.0,0.0,0.0,1.0,0.0,0.0,Rajasthan,Sitting Rajya Sabha,24,0.0,0.601721887675999,1.4733671634067609,75910578.0,68,0.3927408387940395,0.6634651296416002,0.0294117647058823,1.0,7934833.0,0.6634651296416002,1.0,0,cost_deviation_pct_mean,-3.3344207,cost_deviation_pct_max,-1.4512669,num_works,-0.28392705,0.004748139918471376,0.0036835228,0.5,0,0.19423368740515934,agree
Mala Roy ,645,0.0,Low,0,"KOLKATA DAKSHIN, West Bengal",GOUTAM CONSTRUCTION,1.0,0,cost_deviation_pct_mean (-3.575); cost_deviation_pct_max (-1.361); num_works (-0.441),32,0.1745708958299187,0.218900681559841,0.0,0.02775625,0.1407,0.84065625,0.1587450231147322,0.8192299645279356,0.21875,3.0,0.0,0.21875,West Bengal,KOLKATA DAKSHIN,22,0.0,0.7711955668560954,2.389862154327662,61582788.0,40,0.485166922538246,0.6587472168354522,0.025,1.0,10000000.0,0.6587472168354522,1.0,0,cost_deviation_pct_mean,-3.5751095,cost_deviation_pct_max,-1.3614569,num_works,-0.44106808,0.004700021507839362,0.003639687,0.5,0,0.19423368740515934,agree
RAJABHAU,646,0.0,Low,0,"NASHIK, Maharashtra",PEDKAI ELECTRICALS,1.0,0,cost_deviation_pct_mean (-3.286); cost_deviation_pct_max (-1.307); num_works (-0.444),21,0.1558003243232665,0.2078704735706397,0.0476190476190476,0.0271857142857142,0.1338,0.8557142857142856,0.0668917719062816,0.726138527988883,0.0952380952380952,43.0,0.0,0.0952380952380952,Maharashtra,NASHIK,17,0.0,0.6751604526492613,1.730994088500832,47487714.0,38,0.523370974570665,0.6352788551317963,0.0,0.0,3988039.0,0.6352788551317963,0.0,0,cost_deviation_pct_mean,-3.286415,cost_deviation_pct_max,-1.3070282,num_works,-0.44363862,0.004527307270715634,0.0035286138,0.5,0,0.19423368740515934,agree
Omprakash Bhupalsinh Alias Pawan Rajenimbalkar,647,0.0,Low,0,"OSMANABAD, Maharashtra",Chairman Shramjivi Majoor Sahakari Sanstha Tuljapur,1.0,0,cost_deviation_pct_mean (-3.470); cost_deviation_pct_max (-1.371); num_works (-0.448),30,0.1784815459551092,0.2176544605610912,0.0,0.0267266666666666,0.1408,0.8392,0.5005861334062043,0.7612780099761297,0.7,78.0,0.0,0.7,Maharashtra,OSMANABAD,22,0.0454545454545454,1.1952012365041036,11.953511524736918,28008430.0,34,0.5274358234998373,0.6316607412195647,0.0,0.0,1890945.0,0.6155147956618545,0.0,0,cost_deviation_pct_mean,-3.470276,cost_deviation_pct_max,-1.3711485,num_works,-0.44774213,0.004482803555826346,0.00340466,0.5,0,0.19423368740515934,agree
Shri P. P. Suneer (2024-30),648,0.0,Low,0,"Sitting Rajya Sabha, Kerala",INDEX ELECTRONICS,0.0,0,cost_deviation_pct_mean (-3.180); cost_deviation_pct_max (-1.340); num_works (-0.463),19,0.1647314255813311,0.2173916813110245,0.0526315789473684,0.0159631578947368,0.1318,0.8123684210526316,0.0,0.0,0.0,1.0,0.0,0.0,Kerala,Sitting Rajya Sabha,16,0.0625,0.4054327273879891,1.8778310863096068,18439441.0,10,0.4859623464770523,0.6760935143288085,0.1,1.0,6391257.0,0.6760935143288085,1.0,0,cost_deviation_pct_mean,-3.1803057,cost_deviation_pct_max,-1.3401453,num_works,-0.4629379,0.004431055781121056,0.0034943672,0.5,0,0.19423368740515934,agree
Shri vijayakumar Vasanth,649,0.0,Low,0,"KANNIYAKUMARI, Tamil Nadu",R CHANDRASEKARAN,1.0,0,cost_deviation_pct_mean (-3.673); cost_deviation_pct_max (-1.297); num_works (-0.261),39,0.1631291395559287,0.2102971427984265,0.0256410256410256,0.0304871794871794,0.1499,0.8623846153846154,0.4288015246782262,0.7919604592323303,0.5641025641025641,37.0,0.0,0.5641025641025641,Tamil Nadu,KANNIYAKUMARI,18,0.0,0.6540084212920535,1.750004511600803,61773452.0,28,0.4924232192877151,0.6682548660489838,0.0357142857142857,1.0,17995461.0,0.6682548660489838,1.0,0,cost_deviation_pct_mean,-3.6731195,cost_deviation_pct_max,-1.2969368,num_works,-0.26139766,0.004375185507039229,0.0036789281,0.5,0,0.19423368740515934,agree
SATPAL BRAHAMCHARI,650,0.0,Low,0,"SONEPAT, Haryana",Mor Traders,1.0,0,cost_deviation_pct_mean (-3.278); cost_deviation_pct_max (-1.315); num_works (-0.461),19,0.1975036310570098,0.2213302427162304,0.0,0.0032842105263157,0.1237,0.8475263157894738,0.1074037798536683,0.6905801779167622,0.1578947368421052,2.0,0.0,0.1578947368421052,Haryana,SONEPAT,17,0.0,0.7443147729603908,1.5219943755793657,35904950.0,85,0.3744179753349304,0.6193106729871436,0.0,0.0,2752538.0,0.6193106729871436,0.0,0,cost_deviation_pct_mean,-3.278222,cost_deviation_pct_max,-1.3154426,num_works,-0.46084708,0.004273156014581521,0.0036216578,0.5,0,0.19423368740515934,agree
RANJIT DUTTA,651,0.0,Low,0,"Sonitpur, Assam",R ENTERPRISE,1.0,0,cost_deviation_pct_mean (-3.436); cost_deviation_pct_max (-1.418); num_works (-0.279),24,0.1741673165948147,0.2115479696264541,0.0,0.0323708333333333,0.1415,0.8555833333333333,0.2390125197214178,0.7566797845363616,0.3333333333333333,19.0,0.0,0.3333333333333333,Assam,Sonitpur,23,0.0,0.5322015341014446,1.5358675671020814,72922532.0,65,0.4839192896093348,0.6530659699777346,0.0153846153846153,1.0,19085831.44,0.6188438195791137,0.0,0,cost_deviation_pct_mean,-3.436278,cost_deviation_pct_max,-1.4177456,num_works,-0.2785678,0.004254157732551296,0.003782639,0.5,0,0.19423368740515934,agree
CHINTAMANI MAHARAJ,652,0.0,Low,0,"SARGUJA, Chhattisgarh",SANWARIYA BOREWELLS,0.0,0,cost_deviation_pct_mean (-3.660); cost_deviation_pct_max (-1.397); num_works (-0.201),70,0.1738875941930472,0.2172315301604078,0.0,0.02779,0.1471,0.8435142857142857,0.0,0.0,0.0,1.0,0.0,0.0,Chhattisgarh,SARGUJA,23,0.0434782608695652,0.4564278877199293,1.6268568377855597,61420121.0,66,0.4384795487736664,0.6395335057099764,0.0,0.0,14986713.0,0.6395335057099764,0.0,0,cost_deviation_pct_mean,-3.6596465,cost_deviation_pct_max,-1.3967702,num_works,-0.2005116,0.004240704700350761,0.0037763156,0.5,0,0.19423368740515934,agree
LOVELY ANAND,653,0.0,Low,0,"SHEOHAR, Bihar",RANI KUMARI,1.0,0,cost_deviation_pct_mean (-3.243); cost_deviation_pct_max (-1.621); num_works (-0.269),25,0.1678890044888147,0.2197921939668425,0.0,0.034572,0.1416,0.83788,0.5633155930070189,0.8453343324661254,0.72,10.0,0.0,0.72,Bihar,SHEOHAR,17,0.1176470588235294,1.4109186109385827,9.348633250883823,43561211.0,5,0.5865723981900451,0.6548525820584644,0.4,1.0,5677291.0,0.6521681749622925,1.0,0,cost_deviation_pct_mean,-3.2425342,cost_deviation_pct_max,-1.6213818,num_works,-0.2687851,0.003949025413021445,0.0040331176,0.5,0,0.19423368740515934,agree
Sunil Dattatray Tatkare,654,0.0,Low,0,"RAIGAD, Maharashtra",RASHIKA RAMBHAU DHUMAL,1.0,0,cost_deviation_pct_mean (-3.367); cost_deviation_pct_max (-1.281); num_works (-0.439),18,0.1285315945546136,0.2049634542176851,0.0,0.0197555555555555,0.1401,0.856388888888889,0.4661624625545061,0.7372808748658498,0.6666666666666666,15.0,0.0,0.6666666666666666,Maharashtra,RAIGAD,21,0.0,0.4778596061515279,1.1459594447719783,59406128.0,27,0.5361352185698591,0.6435690943043884,0.0,0.0,6460449.0,0.6428293112116641,0.0,0,cost_deviation_pct_mean,-3.367285,cost_deviation_pct_max,-1.2810065,num_works,-0.43873128,0.003908287345742186,0.003480727,0.5,0,0.19423368740515934,agree
DR. SHARMILA SARKAR,655,0.0,Low,0,"BARDHAMAN PURBA, West Bengal",HASAN SEIKH,1.0,0,cost_deviation_pct_mean (-3.191); cost_deviation_pct_max (-1.309); num_works (-0.451),17,0.1566627391967601,0.2135453932270176,0.0588235294117647,0.0162764705882352,0.1361,0.845764705882353,0.0872603124718785,0.7417126560109676,0.1176470588235294,5.0,0.0,0.1176470588235294,West Bengal,BARDHAMAN PURBA,18,0.0,0.7606598270390368,1.3944717964119182,21224009.0,15,0.5499132730015083,0.6462283631401278,0.0,0.0,2444263.0,0.6462283631401278,0.0,0,cost_deviation_pct_mean,-3.191298,cost_deviation_pct_max,-1.3086631,num_works,-0.45138243,0.003672850007812182,0.0027884343,0.5,0,0.19423368740515934,agree
RAJ KUMAR ROAT,656,0.0,Low,0,"BANSWARA, Rajasthan",Paramount construction PWD,1.0,0,cost_deviation_pct_mean (-3.373); cost_deviation_pct_max (-1.411); num_works (-0.262),23,0.169346403278736,0.2117996360561396,0.0,0.0189869565217391,0.14,0.8326521739130435,0.2899530087955457,0.8201180647798384,0.391304347826087,23.0,0.0,0.391304347826087,Rajasthan,BANSWARA,27,0.074074074074074,0.5199209076676995,1.5718306105753974,63894021.0,55,0.4608351615704557,0.6110141492494434,0.0,0.0,2780527.0,0.5824059110823817,0.0,0,cost_deviation_pct_mean,-3.3730333,cost_deviation_pct_max,-1.41147,num_works,-0.26206183,0.0036560407218833766,0.002799763,0.5,0,0.19423368740515934,agree
Faggan Singh Kulaste,657,0.0,Low,0,"MANDLA, Madhya Pradesh",VAIBHAV LAXMI PIPE,1.0,0,cost_deviation_pct_mean (-3.538); cost_deviation_pct_max (-1.340); num_works (-0.446),31,0.2027554727356693,0.2213489315959488,0.0,0.0155612903225806,0.1357,0.8481290322580645,0.6586503331283097,0.8167798929214477,0.9032258064516128,93.0,0.0,0.9032258064516128,Madhya Pradesh,MANDLA,25,0.04,0.5082252113357556,1.747809545620035,55170668.0,159,0.37243610635675,0.6107510953099189,0.0,0.0,2139335.0,0.5289709473533003,0.0,0,cost_deviation_pct_mean,-3.53795,cost_deviation_pct_max,-1.3397138,num_works,-0.44605747,0.002910045130799214,0.0025959106,0.5,0,0.19423368740515934,agree
THANGA TAMILSELVAN,658,0.0,Low,0,"THENI, Tamil Nadu",JJ LALA PROJECTS PRIVATE LIMITED,1.0,0,cost_deviation_pct_mean (-3.150); cost_deviation_pct_max (-1.426); num_works (-0.247),24,0.1513488176500887,0.2066524706083235,0.0416666666666666,0.0220666666666666,0.142,0.8417083333333334,0.5815100543974734,0.8680000119209289,0.75,15.0,0.0,0.75,Tamil Nadu,THENI,16,0.0,0.5828595752046721,1.4784978083520486,49328291.0,32,0.5421323978309273,0.6286513323278029,0.0,0.0,3098092.0,0.6286513323278029,0.0,0,cost_deviation_pct_mean,-3.1497982,cost_deviation_pct_max,-1.4258246,num_works,-0.24711812,0.0028302868207295737,0.002876341,0.5,0,0.19423368740515934,agree
MAHIMA KUMARI MEWAR,659,0.0,Low,0,"RAJSAMAND, Rajasthan",ASHOK KUMAR YADAV,1.0,0,cost_deviation_pct_mean (-3.234); cost_deviation_pct_max (-1.400); num_works (-0.307),26,0.1621077913248203,0.2159146207942875,0.0384615384615384,0.0236346153846153,0.1444,0.8498076923076923,0.1691798803475759,0.7866534659648196,0.2307692307692307,8.0,0.0,0.2307692307692307,Rajasthan,RAJSAMAND,19,0.0,0.5295587760365689,1.3838610932481143,48238044.0,148,0.2716553192656133,0.6467311283487753,0.0,0.0,4160000.0,0.6467311283487753,0.0,0,cost_deviation_pct_mean,-3.2340777,cost_deviation_pct_max,-1.3999012,num_works,-0.30726793,0.0024529955505083003,0.0020575721,0.5,0,0.19423368740515934,agree
