MP Name,num_works,anomaly_score_mean,anomaly_score_max,anomaly_flag_rate,cost_deviation_pct_mean,cost_deviation_pct_max,sor_match_confidence_mean,duplicate_score_mean,duplicate_score_max,duplicate_flag_rate,duplicate_group_size_max,is_ghost_work_flagged,ghost_work_rate,num_months,deviation_flag_rate,residual_pct_mean,residual_pct_max,total_actual_amount,num_primary_vendors,collusion_score_mean,collusion_score_max,flagged_vendor_rate,any_flagged_vendor,shap_base_value
AASHTIKAR PATIL NAGESH BAPURAO,-0.5208971,-0.031143783,-0.22014643,-0.38858747,-0.45600966,0.91351825,0.2684984,-0.021295773,-0.31719103,-0.052380674,-0.027238006,0.0,-0.00660777,-0.25418666,0.009299644,0.05561794,0.09171943,-0.060829476,-0.09337361,0.017658804,0.013168412,-0.0138092,0.0,0.08895362168550491
ABDUL RASHID SHEIKH,-0.19597207,-0.029332517,-0.08340048,-0.02677467,-2.8403807,-0.30420372,-0.2575822,0.003736286,0.14213918,0.010073628,-0.025208712,0.0,-0.0025984084,-0.13221031,0.0077199065,0.049735256,0.065402284,-0.0012777771,-0.13459857,0.007546308,-0.10285556,-0.008032693,0.0,0.08895362168550491
ABHAY KUMAR SINHA,-0.13432696,0.042505164,-0.21902674,-0.51436204,0.87728816,-0.3647129,-0.20973614,-0.0069729057,-0.31798825,-0.04286398,-0.020928795,0.0,-0.0018404913,0.124698706,0.04119278,-0.12093409,0.15067415,-0.0048456476,0.0055020736,0.04976484,0.045876354,-0.024087511,0.0,0.08895362168550491
ABHIJIT GANGOPADHYAY,-0.08632575,-0.0113501875,-0.052177805,-0.0892526,2.9754672,-0.08893367,0.42672676,-0.00046994412,0.038396213,0.0055086194,0.11844618,0.0,0.0015820288,0.12671413,0.016117878,0.067130655,0.13768186,0.027269477,-0.07533142,-0.060775034,-0.18089974,-0.006288778,0.0,0.08895362168550491
ADHIKARI SOUMENDU,-0.28009948,-0.03328839,0.46347418,0.085365444,-2.3485558,1.0446895,0.94078255,0.0069259037,-0.10879543,0.01388732,-0.014536978,0.0,0.0061844364,-0.05565747,0.012838484,0.023008838,0.100406766,0.00915784,0.41791287,0.3042804,-0.005275797,-0.008638522,0.0,0.08895362168550491
ADITYA YADAV,0.114113875,-0.0382373,-0.123306155,0.012632065,4.4852033,-0.1339081,-0.07170638,0.0012937512,0.022448584,6.957355e-05,-0.020452607,0.0,-0.0030390525,0.091484696,-0.07576473,0.07633911,0.0758544,-0.0032885477,-0.04193569,0.08487093,0.00091397745,0.0659785,0.0,0.08895362168550491
ADV GOWAAL KAGADA PADAVI,-0.4838521,0.07519973,-0.2217374,0.14631468,-3.0054338,-0.11914006,-0.2834907,0.049959578,-0.20765953,-0.00099022,0.07983092,0.0,0.00028741406,0.03742758,0.008542789,-0.15368222,-0.1351945,0.025665483,0.22414258,0.20429523,-0.11050095,0.044164434,0.0,0.08895362168550491
ADV K FRANCIS GEORGE,-0.37262374,0.023547474,0.19884887,0.08077476,-2.5575914,0.5658363,0.723304,-0.0022268614,-0.03415244,-0.0074269027,-0.021854924,0.0,-0.009376721,-0.07866305,0.014348682,0.019041292,-0.05128401,0.017768148,-0.29291344,-0.35391206,-0.22290161,-0.014270345,0.0,0.08895362168550491
AFZAL ANSARI,-0.7284661,-0.04692036,-0.048736747,-0.063067794,-3.355165,0.79116714,-0.24969143,0.000106934225,-0.055249996,0.010868799,-0.010370527,0.0,0.0034319516,0.042643696,0.045957807,0.045709644,0.05263337,-0.021587014,-0.16965264,-0.14484437,0.15873855,-0.010847425,0.0,0.08895362168550491
AGA SYED RUHULLAH MEHDI,-0.20941365,0.04558982,-0.07495224,-0.33924714,-2.0011137,-0.040081427,-0.21423008,0.0016389054,-0.0022729458,-0.0048079123,-0.02945411,0.0,-0.0064949077,-0.20335199,-0.23794791,0.052805733,0.052897736,-0.009618337,-0.20103286,0.026525956,-0.07471185,-0.006432505,0.0,0.08895362168550491
AJENDRA SINGH LODHI,-0.41312283,-0.03663789,-0.1224101,0.05797839,-3.310333,-1.2748034,-0.19343616,-0.006920277,-0.14418557,0.009230605,-0.008968014,0.0,0.0015993153,0.024897624,0.006135831,0.029785572,-0.005877547,0.00013838029,-0.055681355,0.022362826,-0.06303601,-0.009958604,0.0,0.08895362168550491
AKHILESH YADAV,-0.26599574,-0.05525903,-0.105484374,0.018696738,-2.7588806,0.72937,-0.2174444,-0.00482553,-0.040686358,-0.0036615867,-0.013065421,0.0,0.0025270365,-0.100196615,-0.017897548,-0.17656223,-0.2117891,0.010842897,-0.06821023,0.007551457,-0.0633646,-0.012488179,0.0,0.08895362168550491
AKSHAYA YADAV,-0.36021936,-0.038520414,-0.17401932,-0.09045384,2.1168954,0.20549016,-0.071578205,0.004925036,0.12197511,0.002104491,-0.021995189,0.0,-0.0016269225,0.11892421,-0.07688483,-0.077437654,0.14735934,-0.0012496521,0.1806911,0.115802795,-0.07428421,0.10670944,0.0,0.08895362168550491
ALFRED KANNGAM S ARTHUR,1.9698585,0.03904341,-0.088624954,-0.048473824,-2.1575048,1.2101259,0.831157,0.0032489952,0.12535423,0.0067980834,-0.00723407,0.0,-0.0016269225,0.04955283,0.024995973,0.027407262,0.07108718,0.017461682,0.11763197,0.1393599,0.11593541,0.043692343,0.0,0.08895362168550491
ALOK SHARMA,-0.48479813,-0.02138306,0.61402166,-0.15395617,0.9958786,0.73330563,-0.090684764,0.0022795505,-0.20628661,0.01421337,-0.018345937,0.0,0.0034319516,0.10215222,0.048187356,-0.048022132,-0.008356092,0.004522783,-0.074513376,0.16720374,-0.038147107,-0.0058801044,0.0,0.08895362168550491
AMAR SHARADRAO KALE,-0.47721222,-0.02111015,-0.118020676,0.07935619,4.48229,0.12238611,-0.08925208,-0.0032516979,0.07565424,-0.0071675843,-0.01975756,0.0,-0.0016269225,-0.119939625,-0.002836089,0.05594716,-0.1643363,0.05871411,-0.036975138,0.097309746,-0.071809,0.0023421145,0.0,0.08895362168550491
AMARSING TISSO,-0.009362419,-0.05568946,-0.046635386,0.08387348,-0.368728,0.0143776825,-0.1090216,-0.005813662,0.020281998,-0.0052117663,-0.021426395,0.0,-0.0064949077,0.09688592,-0.00320201,0.07685433,0.07992931,-0.0041671214,-0.112028,-0.17840564,0.1773638,-0.0124699995,0.0,0.08895362168550491
AMBICA G LAKSHMINARAYANA VALMIKI,0.08203117,-0.030446447,0.64075685,-0.1443916,0.27762967,-0.23602584,-0.047086082,-0.004525369,-0.20535052,0.006496714,-0.029515726,0.0,-0.007466394,-0.19139509,-0.022832364,0.1027419,0.119895175,0.020859621,-0.015630484,0.18360366,0.11891819,-0.0054900586,0.0,0.08895362168550491
AMRARAM,-0.14227535,-0.036782015,-0.07286136,-0.41831577,0.091890655,-0.34794533,-0.09769918,0.0060748295,0.041874547,0.0001550013,-0.038213767,0.0,-0.007681396,0.104724385,0.03677976,-0.2743153,-0.41689855,0.006373264,-0.057315107,-0.24258402,-0.2904126,-0.01852429,0.0,0.08895362168550491
AMRINDER SINGH RAJA WARRING,-0.087295175,0.010554358,0.0066858297,0.037555523,0.15748507,-0.046473715,0.39247668,-0.00444463,-0.085486345,0.010756152,-0.025432903,0.0,0.0015532833,0.11673491,0.059637498,-0.003631924,0.15183808,0.034978233,-0.080480516,-0.20905392,0.22542946,-0.015041338,0.0,0.08895362168550491
ANAND BHADAURIYA,-0.107263975,-0.044916186,-0.21076362,-0.061992407,3.0261803,-0.08031337,-0.04182349,0.0045427745,-0.24611305,-0.0128559405,0.12071288,0.0,0.00028741406,0.11589,0.031830188,0.061725967,-0.34230554,0.0055199214,-0.04309123,0.07083711,0.04020001,-0.035715416,0.0,0.08895362168550491
ANAND KUMAR,-0.62831634,-0.0488591,-0.23904817,-0.37197074,2.3801413,-0.36617872,-0.18918264,-0.0016354027,0.05311447,-0.0015816097,-0.038830206,0.0,-0.0016166708,-0.3257263,-0.04241399,-0.1781925,-0.07611138,-0.045017067,-0.04129439,0.0940053,-0.11362805,0.014431621,0.0,0.08895362168550491
ANANTA NAYAK,-0.46713534,0.04653012,-0.0454002,0.115681,-3.2967505,-1.2784091,-0.13758233,-0.0062070237,0.08311968,-0.014954398,-0.010147415,0.0,-0.0033907208,-0.10926486,0.0080881,-0.13824522,-0.17203176,0.011447878,-0.11814586,-0.108582065,-0.0585496,-0.0073041143,0.0,0.08895362168550491
ANDREW J. SYNGKON,-0.1313458,0.0037614587,-0.08300385,-0.17764641,0.30818343,-0.014297147,0.39439186,0.005034584,0.16806391,0.0056027295,-0.027395733,0.0,-0.0025318377,0.13762169,0.0163387,0.05861679,0.14765657,0.00076658063,0.017230872,0.037802156,-0.089785054,-0.016289642,0.0,0.08895362168550491
ANGOMCHA BIMOL AKOIJAM,-0.37600982,-0.012310246,-0.1355964,-0.054952167,-2.9024675,-1.6776882,0.5968001,0.0038004944,0.09318402,0.008693789,-0.009521255,0.0,-0.0024858057,0.056764305,0.045169387,0.036417294,0.14909117,0.011538621,0.24337366,0.08452884,-0.031225417,-0.012899746,0.0,0.08895362168550491
ANIL BALUNI,0.84962404,0.0018573494,-0.1239608,0.08923966,-2.8229904,-2.8541098,0.5678874,-0.00082262995,0.07596636,0.0023166498,-0.010286508,0.0,-0.0024858057,-0.101220116,-0.22151874,-0.004783801,0.046106994,-0.036679476,0.12024376,0.09165161,-0.024912251,-0.0101519795,0.0,0.08895362168550491
ANITA NAGARSINGH CHOUHAN,-0.42749184,-0.07308798,-0.15125877,0.07682189,-3.212497,-0.32774055,-0.24984089,-0.008488258,-0.20684527,-0.043773003,-0.037812512,0.0,-0.0005910229,0.026097625,0.01143006,-0.16943024,-0.21370423,0.0021999031,-0.13026682,-0.13254143,-0.12730211,-0.007702193,0.0,0.08895362168550491
ANITA SUBHADARSHINI,-0.7094085,0.009173439,-0.10142952,0.0671458,-2.7335637,1.0069062,0.79725677,-0.005953432,0.03258742,-0.0042896885,-0.012971065,0.0,-0.0016269225,-0.096448995,-0.04515861,0.028149655,0.049288947,-0.045253556,-0.19192758,-0.0035619577,-0.03238487,-0.0106477,0.0,0.08895362168550491
ANOOP PRADHAN BALMIKI,-0.09275581,-0.07059084,-0.1301065,-0.40790582,0.42371476,-0.2904538,-0.21137728,0.0072869705,0.0454724,0.0066209347,-0.025950138,0.0,0.0024604658,0.13815627,0.053831156,0.066889554,0.18228331,-0.053994082,0.010438859,0.16047604,0.24197474,0.096289314,0.0,0.08895362168550491
ANUP SANJAY DHOTRE,0.12649614,0.0031488882,-0.10376238,-0.45070124,1.2228577,0.6135132,-0.099162355,-0.0011896265,0.10174906,0.0007382701,-0.0102929305,0.0,0.0024660856,0.11229275,0.0566589,0.07707611,0.18068138,0.014684113,-0.0972847,0.09210883,-0.08720873,-0.020175641,0.0,0.08895362168550491
ARUN BHARTI,-0.21470605,-0.045281634,-0.1897828,-0.09602313,0.8129907,-0.28889382,-0.112485915,-0.002564859,-0.32349652,-0.036444142,-0.01594332,0.0,-0.00096205436,-0.26267523,0.006840258,0.074207485,-0.39957318,-0.109807365,-0.020864611,0.032277692,-0.12494003,-0.008474407,0.0,0.08895362168550491
ARUN GOVIL,-0.63428736,-0.003338788,-0.14298809,0.08962245,0.42245004,-0.10975103,-0.14966154,-0.0027907654,-0.30750546,-0.011021581,-0.023432786,0.0,-0.0064949077,0.09992714,0.0070367293,0.06560585,0.11259337,0.005552502,-0.062256604,0.12750271,-0.11589075,-0.016458625,0.0,0.08895362168550491
ARUN NEHRU,-0.3828416,-0.035601214,-0.08761602,0.026625535,-3.6914723,0.608361,-0.27202317,-0.0074462704,-0.05348165,-0.009688615,-0.01692754,0.0,-0.0064949077,0.058193263,0.039630387,0.046448547,0.055491008,-0.0011031089,-0.15699872,0.030645844,-0.10672087,-0.014076171,0.0,0.08895362168550491
ARUNA. D. K,-0.25403243,0.08066676,-0.13414899,0.018255197,-2.088359,-0.01605728,-0.2472693,-0.007138677,-0.38562837,-0.01624414,0.08653588,0.0,-0.0013489239,0.037575215,0.040957216,-0.2166981,-0.19492656,0.005289454,-0.051035423,0.00034789208,-0.24744964,-0.016004773,0.0,0.08895362168550491
ARUP CHAKRABORTY,0.0890824,-0.046001334,-0.16296093,0.013729973,4.4448843,-0.062471703,-0.11237779,2.7511502e-05,-0.07336578,0.0038194146,-0.01858881,0.0,0.0014867126,-0.14874159,-0.00015575427,0.069626614,0.08003185,0.04717864,0.1493236,0.08933688,-0.087440066,0.0021462024,0.0,0.08895362168550491
ASHISH DUBEY,0.8897464,0.023640301,-0.04861807,0.073356114,-3.1619852,-2.443841,-0.16924746,-0.0032675841,-0.025772717,0.010660135,-0.009434696,0.0,0.0025730685,-0.094632,-0.01943393,0.035448063,0.087872334,0.005629803,-0.08021015,-0.11693243,-0.071937926,-0.010692171,0.0,0.08895362168550491
ATUL GARG,-0.6568209,0.02201662,-0.12225844,0.043103285,-3.0603898,0.9780486,0.7533986,-0.0062237214,-0.04651293,0.01177814,-0.013086135,0.0,0.0034319516,0.028179761,0.043235954,0.03329612,0.05983763,0.0047543943,-0.16828896,0.03012998,-0.051587287,-0.012724264,0.0,0.08895362168550491
AVIMANYU SETHI,-0.4874506,-0.0021509551,-0.1608928,0.08147574,4.2771096,-0.08555115,0.35282153,0.0018184907,0.06659491,-0.0018156556,-0.01681775,0.0,-0.0016166708,-0.18003899,-0.0056677153,0.06901177,0.1060239,-0.017534735,-0.16431214,0.05886254,-0.14468573,0.0026549674,0.0,0.08895362168550491
AWADHESH PRASAD,-0.42768848,0.034434687,-0.15810244,0.003692669,-3.6822147,0.45788783,-0.28098276,-0.009662762,-0.030096062,0.0089174425,-0.023988383,0.0,0.0024581985,0.035256173,0.0040651606,0.021621948,0.052784313,-0.039743695,-0.09140202,0.0050596218,-0.08660959,-0.006405537,0.0,0.08895362168550491
AZAD KIRTI JHA,0.94370145,-0.045052815,-0.10962876,0.08829947,-3.148121,-2.5593653,-0.15476109,-0.0018704238,0.104873486,0.0057574725,-0.014180587,0.0,-0.0024858057,-0.08903877,0.009969762,0.006607902,0.0496686,0.016196586,-0.030738674,0.05749693,-0.06396526,-0.007088371,0.0,0.08895362168550491
Abu Taher Khan,-0.14908294,0.07927063,-0.09819546,0.13679403,0.46663308,-0.23823048,-0.08683057,-0.0056645824,0.050051246,-0.01686302,0.15198746,0.0,-0.00096205436,0.09933843,0.061030764,0.03604652,0.15095718,0.025240015,-0.048737057,0.057757676,0.32048994,-0.010107145,0.0,0.08895362168550491
Adv Adoor Prakash ,-0.4174835,0.06330882,0.4628357,0.09159184,-3.4012756,-0.024888685,-0.3507226,-0.01001948,-0.02702453,-0.024805073,0.0921847,0.0,0.0017904302,-0.0734618,-0.03585038,0.018248731,-0.12920816,-0.0034026024,0.27857646,0.07925142,0.00028103386,0.041490823,0.0,0.08895362168550491
Adv Dean Kuriakose,-0.4036229,0.04586692,-0.08183963,0.09726991,-3.327809,-0.1513724,-0.23526828,-0.006105005,-0.089637935,-0.020639937,-0.011720855,0.0,0.00028741406,-0.093239665,-0.0057270015,-0.17674662,-0.17999692,0.004411043,-0.15744837,-0.16264288,0.13319218,-0.010792937,0.0,0.08895362168550491
Ajay Bhatt,-0.19451508,0.08250607,0.20544402,0.09431257,-1.9968827,0.10013834,-0.21952099,0.0021794832,0.16899514,-0.0058418782,-0.029840171,0.0,-0.0016269225,0.051922895,0.012028122,0.02806183,-0.20161931,0.002152666,-0.042059753,-0.353056,-0.052564606,-0.010987273,0.0,0.08895362168550491
Ajay Kumar Mandal,-0.38616833,-0.04634434,-0.120566756,0.05178289,-3.5110602,0.5097888,-0.3229268,-0.0064089624,-0.04048573,-0.031734962,-0.021291887,0.0,-0.00660777,0.030171601,0.04171763,-0.019272415,-0.06606265,-0.00428646,0.06188317,0.14747661,-0.081290394,-0.018527357,0.0,0.08895362168550491
Ajay Tamta,0.86377543,-0.004859157,-0.034246806,0.058666456,-2.9195726,-2.695883,0.418393,-0.0035542857,0.06977911,0.0019633812,-0.016384605,0.0,-0.0024858057,0.045038287,0.007315142,-0.024249028,0.0963808,-0.023799643,-0.18854007,-0.0982399,-0.172047,-0.011617984,0.0,0.08895362168550491
Alok Kumar Suman,0.0062751207,-0.045230698,-0.14133824,0.061790314,-2.1040277,-0.040160097,-0.26494494,0.0019580813,-0.3576457,0.01297152,-0.02560757,0.0,0.0034319516,0.040530488,0.009155789,0.051380523,0.05343884,0.011238204,-0.05874409,-0.0009896548,-0.03652687,-0.016704971,0.0,0.08895362168550491
Amol Ramsing Kolhe,1.1105238,-0.007487266,-0.17319193,0.06669179,2.321293,0.5311077,-0.053976595,-0.00087397435,-0.008635096,0.0027296222,-0.017155742,0.0,0.0024581985,0.082557075,0.038397655,0.054296613,0.11562215,-0.020230304,-0.029476209,0.08360987,-0.041217722,-0.006595453,0.0,0.08895362168550491
Andimuthu Raja,-0.14621525,-0.052803036,-0.15643278,-0.14809121,1.965496,-0.7248469,-0.13263568,0.00014010625,-0.11200522,-0.0060100784,-0.033577863,0.0,-0.0032540546,-0.28565222,0.009794617,-0.16756077,-0.3483421,-0.036818895,-0.13507771,0.034862272,-0.119971395,-0.0013270846,0.0,0.08895362168550491
Annpurna Devi ,-0.15724817,0.115590766,0.58257383,0.14126617,-1.4081649,0.24387874,0.8907532,1.7493381e-05,0.017861474,-0.017351575,0.12963717,0.0,0.0014035606,-0.07559465,0.017217735,0.047640167,-0.14233191,0.015790645,0.40758008,0.33386946,-0.11247588,-0.0075276126,0.0,0.08895362168550491
Anto Antony,-0.06659995,-0.0027855411,-0.036472857,0.11108702,4.392722,-0.01212113,-0.16537139,0.0016926853,0.027274406,-0.012972877,0.090091154,0.0,-0.00096205436,0.050067954,-0.008986925,0.06595988,0.058746867,0.03317388,-0.10180662,-0.12334017,0.20445019,-0.019935219,0.0,0.08895362168550491
Anurag Sharma ,-0.081084654,-0.05847521,0.49724686,-0.052526373,3.1584096,-0.101182304,-0.041867465,-0.00068028516,0.016907977,-0.017193051,-0.014325049,0.0,0.000911993,0.10734261,0.00088261766,0.06953823,0.08890036,0.008662157,-0.03599297,0.14409752,0.11069851,-0.04412962,0.0,0.08895362168550491
Anurag Singh Thakur,0.07889573,0.06734722,-0.023133198,0.159142,0.2605643,0.9424279,-0.1133821,-0.0060235793,0.032512464,0.012587413,-0.019272119,0.0,0.0024581985,0.11179998,0.015074519,0.07837288,0.032570362,-0.0072131096,-0.05108342,-0.12951392,-0.063436255,-0.015494843,0.0,0.08895362168550491
Appalanaidu Kalisetti,-0.41849053,0.046349727,-0.09314972,-0.017594764,-3.2036762,-1.565485,0.4444743,-0.0028944367,-0.02503566,-0.021233741,-0.015006391,0.0,-0.008258706,-0.09694304,0.011475884,-0.16114303,-0.19383301,-0.010058447,-0.17018452,0.04486257,-0.016681317,-0.006176416,0.0,0.08895362168550491
Arvind Dharmapuri,-0.51649797,0.080613926,0.2689233,0.10202582,-2.9664989,-0.29652613,-0.22534405,0.0027306222,-0.21136053,0.008856805,0.08328775,0.0,0.0041195108,-0.02073215,-0.18468007,-0.18402858,-0.16710122,-0.02114121,-0.16761191,-0.26762298,-0.109256424,-0.014413566,0.0,0.08895362168550491
Arvind Ganpat Sawant,0.9673273,-0.02739947,-0.119816154,0.003456081,-3.0192907,-2.5849884,-0.17508473,-0.0030155277,0.066050395,0.007481607,-0.009840361,0.0,0.00063344924,-0.01709204,-0.18982795,-0.03648792,-0.046573244,-0.015017294,0.03287806,0.07751959,-0.0650751,0.03274109,0.0,0.08895362168550491
Asaduddin Owaisi,0.9004993,-0.004441853,-0.11669199,-0.05092297,-2.933361,-2.5341167,-0.18618234,0.00015903986,0.09399788,0.0064273565,-0.0094746,0.0,-0.0024858057,-0.14852488,-0.16798672,-0.045381494,-0.042519677,-0.03216316,0.09370669,0.01951321,-0.07658031,0.036466014,0.0,0.08895362168550491
Ashok Kumar Rawat,0.87566626,-0.011212325,-0.106254116,-0.06869148,-3.0628266,-2.612354,-0.19387493,-0.009727708,0.08869127,-0.05689114,-0.01619516,0.0,-0.002582305,0.058343533,-0.13163808,-0.03673039,0.10901174,-0.009122265,0.08929545,0.06713563,0.17515129,0.07078638,0.0,0.08895362168550491
Ashok Kumar Yadav ,-0.12799777,0.009520289,-0.25400394,-0.5490612,1.6293709,-0.18973619,-0.09938771,-0.008304697,-0.10708105,-0.043615196,-0.01209634,0.0,-0.00096205436,0.106332585,-0.20329264,-0.13983959,-0.03658895,-0.0011610694,0.13953283,0.017457187,-0.35528135,-0.030805828,0.0,0.08895362168550491
Asit Kumar Mal ,-0.4301036,-0.0425407,0.19139232,-0.3024396,-2.932587,-0.21962821,-0.27674657,-0.0029752154,-0.21923284,0.011418767,-0.027858848,0.0,0.0015532833,0.004347759,0.0132921515,-0.039920766,0.066729814,-0.044459693,-0.14515264,-0.24090005,-0.043589737,-0.00967271,0.0,0.08895362168550491
B K PARTHASARATHI,-0.39732927,-0.055702303,0.46297255,-0.050978363,-3.5914116,0.4246815,-0.24170208,0.0010456906,-0.1660889,0.009687156,-0.018730339,0.0,-0.00042361568,0.042109005,-0.19197008,0.038369015,0.05182178,0.0118992785,-0.05351899,0.118314266,-0.062137634,-0.012126461,0.0,0.08895362168550491
BABU SINGH KUSHWAHA,-0.4855229,0.056579065,-0.15217525,0.09569503,-2.8569672,-0.34525764,-0.24238625,-0.008995139,-0.26552525,-0.01896917,0.090514354,0.0,-0.0018404913,-0.085272945,0.032710932,0.042976767,0.043598067,0.010899382,-0.0486335,-0.003208156,-0.13072349,-0.010426385,0.0,0.08895362168550491
BACHHAV SHOBHA DINESH,0.9963525,-0.01917286,-0.091727644,0.06936526,-3.2010674,-2.4720275,-0.16696075,-0.0060951067,-0.031624388,-0.012651374,-0.01128747,0.0,-0.007353791,0.0056854975,-0.18798496,-0.04278173,-0.10137742,-0.024536163,-0.036069993,0.08888414,-0.08071119,-0.021456478,0.0,0.08895362168550491
BAG MITALI,-0.3880275,-0.035675023,-0.13337103,-0.026409378,-3.3592365,0.61378956,-0.2252299,-0.007951321,-0.23031871,-0.04003853,0.044217896,0.0,-0.00660777,0.03386371,-0.0030987812,0.04680411,-0.032516666,0.00028548663,-0.043732297,0.030567478,0.19608797,-0.014445242,0.0,0.08895362168550491
BAIJAYANT PANDA,0.8924233,-0.054811932,-0.14058575,0.09941983,-2.9367101,-2.7321346,0.42828175,-0.0040413756,-0.02928633,-0.036318675,-0.0145884715,0.0,-0.0016164391,-0.09079431,0.013389082,0.025311211,-0.22880808,-0.011379532,-0.13827911,0.051639844,-0.02160838,-0.0047591417,0.0,0.08895362168550491
BAJRANG MANOHAR SONWANE,-0.6853507,0.02406346,-0.14861643,0.08803341,-2.9824588,0.8715685,-0.2380803,-0.006892205,-0.20920074,-0.041021217,-0.016184054,0.0,-0.0013489239,-0.08213255,0.032165512,-0.0012665155,-0.16572838,0.0062819077,-0.041931856,0.07832385,-0.034218386,-0.0044181733,0.0,0.08895362168550491
BALABHADRA MAJHI,-0.7300309,0.05472807,-0.06113019,0.111156285,-2.903348,0.8342459,-0.25974506,-0.008192693,0.006258147,0.011444791,-0.020847965,0.0,0.0015611704,0.02819804,-0.0031583766,-0.13597432,-0.15354843,-0.017922245,-0.18038131,-0.15931109,0.02774835,-0.005806473,0.0,0.08895362168550491
BALRAM NAIK PORIKA,-0.43239352,-0.056890555,-0.15176219,-0.33025864,-2.8769355,-0.3198581,-0.21619608,-0.0054495814,-0.0048359465,-0.0037798807,0.09214447,0.0,0.0015820288,-0.12312425,-0.016420623,0.042680487,0.055944633,-0.015432523,-0.13528612,-0.009338209,0.23311967,-0.006997784,0.0,0.08895362168550491
BALWANT BASWANT WANKHADE,-0.4148437,-0.04656411,-0.10861225,0.0798298,-3.5277202,0.81974006,-0.2399282,-0.0049932795,-0.053865615,-0.012832817,-0.017412592,0.0,-0.007399823,0.03289303,0.045775402,-0.15623723,-0.22346473,-0.0160508,-0.14863278,0.0012172603,-0.0903229,-0.011513321,0.0,0.08895362168550491
BALYA MAMA SURESH GOPINATH MHATRE,0.902687,-0.048748195,-0.17591149,0.08279828,-3.0563538,-2.6977766,0.43712234,-0.0059223482,-0.022326052,0.009065887,-0.012056532,0.0,0.0015993153,-0.07500495,0.0134123815,0.00510039,-0.12001273,0.003496607,-0.19305913,0.01634938,-0.033101983,-0.0055938438,0.0,0.08895362168550491
BAPI HALDAR,-0.39604518,0.012142782,0.111767694,0.030916214,-3.7949297,0.5358411,-0.2794022,-0.0066649355,-0.042080395,0.0072274082,-0.011828181,0.0,-0.00042361568,-0.02149597,0.012081605,0.055152353,0.04312869,0.008841905,-0.16084965,-0.25453892,-0.14283659,-0.008334381,0.0,0.08895362168550491
BASAVARAJ BOMMAI,-1.004886,0.027397506,-0.10285153,-0.49807972,0.94273317,0.6266648,-0.09049513,-0.0059401854,-0.017696384,-0.013968503,-0.023008365,0.0,-0.0064949077,0.091493085,0.039680537,0.061161656,0.10010055,0.0028814701,-0.10415048,-0.22772844,0.1926285,-0.018176612,0.0,0.08895362168550491
BASTIPATI NAGARAJU PANCHALINGALA,-0.24516787,-0.07563468,0.32898775,-0.18189715,-0.77277154,-0.23277858,-0.1795745,-0.0244594,-0.21952993,-0.03224606,0.10561842,0.0,-0.0038552852,-0.25660217,-0.22688161,0.06293473,0.051366363,0.01716221,0.013442631,0.26423922,-0.10246784,0.025021106,0.0,0.08895362168550491
BHAJAN LAL JATAV,1.2121195,-0.015812395,-0.11112495,0.013293904,3.6264553,0.058092453,0.3892112,-0.0009669691,0.0752839,-0.0017900212,-0.021008221,0.0,-0.0025984084,-0.17960085,0.0019825718,0.0554324,0.09175848,-0.19838402,-0.11011151,-0.21888226,-0.06382423,0.0029835438,0.0,0.08895362168550491
BHARAT SINGH KUSHWAH,0.8717258,-0.017437577,-0.11089334,-0.06306533,-2.9006739,-2.7057421,0.4405594,-0.000900294,0.08778471,0.0033680324,-0.009231769,0.0,-0.0024858057,-0.120237775,0.010331836,0.03377462,-0.042537306,-0.021025207,-0.19080131,0.019997519,-0.14289072,-0.007422051,0.0,0.08895362168550491
BHARATBHAI MANUBHAI SUTARIYA,-0.45436192,0.09538804,0.13008124,0.10022995,-2.9631255,0.4070526,-0.24744074,-0.0066967923,-0.02534234,0.014056649,0.0690416,0.0,0.005279521,0.03720035,0.03599063,-0.1704097,-0.16147022,-0.0016699904,-0.17104217,-0.30451515,-0.22934571,-0.010725822,0.0,0.08895362168550491
BHARTI PARDHI,-0.18354787,-0.059185553,-0.11407879,-0.042863056,0.042161882,-0.45782816,-0.12778474,-0.01165141,-0.3768271,-0.051271077,-0.024358483,0.0,-0.0018404913,0.097105876,-0.22176981,0.0642197,0.16312687,-0.056337878,-0.13847946,-0.203354,-0.1482883,-0.013744906,0.0,0.08895362168550491
BHASKAR MURLIDHAR BHAGARE,-0.8452106,-0.024066327,-0.12569563,0.012219854,4.3171883,0.42887083,-0.14289856,-0.004483511,0.10378193,-0.0079082735,-0.015311062,0.0,-0.0016269225,-0.12790559,-0.06431137,0.05798031,-0.16730592,0.054891437,-0.038251497,0.030295888,-0.06479885,0.00076957175,0.0,0.08895362168550491
BHAUSAHEB RAJARAM WAKCHAURE,0.93672913,-0.0030788237,-0.107421845,0.10793508,-2.9193895,-2.7336168,0.48058164,-0.004863847,0.022197947,-0.004711481,-0.021385236,0.0,-0.0033907208,-0.0962518,0.012156123,-0.10846896,0.04751181,-0.025443777,-0.14259857,0.021502623,-0.111216076,-0.009814751,0.0,0.08895362168550491
BHOJRAJ NAG,-0.36718872,0.065500095,-0.11540404,0.0057712942,-2.365678,0.76623255,-0.20449258,-0.004630472,-0.25660732,-0.014903807,-0.012688926,0.0,-0.0064949077,-0.13802455,0.010844402,0.03519578,-0.2076632,0.0012821164,-0.20394059,0.008041163,-0.056692023,-0.006842663,0.0,0.08895362168550491
BHUMARE SANDIPANRAO ASARAM,-0.38888383,-0.05391607,-0.131692,0.060309157,-2.7364573,1.0008012,0.73239297,-0.0063210623,-0.043144763,0.009064531,-0.012981924,0.0,0.0024581985,-0.07542464,0.012953537,0.009017499,0.059277672,0.005902357,-0.15666217,0.03696771,-0.041396238,-0.009963973,0.0,0.08895362168550491
BHUPENDER YADAV,-0.67746717,-0.04753732,-0.11671492,-0.03703574,-0.474948,0.057433195,-0.09341955,-0.0045516137,0.01660553,-0.01345757,-0.022798577,0.0,-0.007399823,0.0938168,0.006794629,-0.2745939,-0.27934045,0.006005351,-0.10989976,0.015463101,-0.070416905,-0.01845529,0.0,0.08895362168550491
BIBHU PRASAD TARAI,1.393105,0.038484182,-0.10425462,-0.010987682,0.342552,0.9261888,-0.09382742,0.0104152355,0.11802401,0.0031061561,-0.017358633,0.0,-0.0016269225,-0.20964044,0.0016637048,0.07114691,0.1537908,-0.0129559925,-0.08119535,-0.19789326,-0.060913336,-0.010680345,0.0,0.08895362168550491
BIJULI KALITA MEDHI,1.1769755,-0.023059862,-0.09759623,-0.023552155,3.4638023,0.6721845,0.3177981,9.73657e-06,0.10798152,-0.0043410542,-0.013596916,0.0,-0.0016269225,0.080044486,0.0014497468,0.052369542,-0.035143044,0.03768239,-0.058254972,-0.09227172,-0.1448117,-0.0026711472,0.0,0.08895362168550491
BIPLAB KUMAR DEB,0.96681356,-0.041705556,-0.10284147,-0.049346134,-3.073655,-2.4840786,-0.14065932,0.00044912426,0.1035851,0.0070564398,-0.009840361,0.0,-0.0024858057,-0.10850547,-0.0012700929,0.037594914,0.12876761,-0.0025050745,-0.022126053,0.028213475,-0.011004826,0.0012055923,0.0,0.08895362168550491
BRIJENDRA SINGH OLA,-0.18712929,-0.03278724,-0.11504549,-0.10595839,-0.74644154,-0.43645,-0.120747045,0.0011876535,0.030932412,-0.004818561,-0.037439372,0.0,-0.007399823,0.10405098,0.03505356,-0.277564,-0.29544663,0.0004105182,0.04454115,-0.16822481,-0.15352276,-0.02039601,0.0,0.08895362168550491
BRIJMOHAN AGRAWAL,-0.32242045,0.006261589,-0.07694868,0.05038898,-3.614952,-1.347638,-0.16542025,-0.0002447362,-0.017316597,0.011521402,-0.017436279,0.0,0.0025730685,0.031604923,0.0017461499,0.039193045,0.10283467,-0.0009856254,-0.09946203,-0.028118392,-0.21337762,-0.013442058,0.0,0.08895362168550491
BUNTY VIVEK SAHU,-0.42269078,-0.048180126,-0.1020221,-0.3250912,-3.4332583,0.7631991,-0.2607143,-0.0016133168,-0.04716658,0.012348886,-0.012979583,0.0,0.0025270365,0.031463087,0.011827709,-0.19453193,-0.038243085,-0.0012471173,-0.0008881092,-0.1361737,-0.22861776,-0.013036931,0.0,0.08895362168550491
Balashowry Vallabbhaneni,1.6191463,-0.030714538,-0.104401454,-0.13797668,-0.09041006,1.2706671,0.3200286,-0.0021569552,-0.066029936,0.013808381,-0.014215141,0.0,0.0024581985,0.08973819,0.0116748465,0.062146235,0.097683966,-0.020488597,-0.050781876,0.10022119,-0.0553113,-0.0142933335,0.0,0.08895362168550491
Bansuri Swaraj,0.055470597,0.05737175,-0.10719126,-0.4882451,2.8678868,0.07576915,-0.15207304,0.00767471,-0.23954318,0.009120578,-0.008087557,0.0,0.0034319516,-0.21353824,-0.0059586233,0.072216116,0.09751265,-0.025494583,-0.032256883,0.06758826,0.19413713,-0.017585998,0.0,0.08895362168550491
Bhagirath Chaudhary,-0.37686807,0.056080803,-0.09585565,0.025977992,-3.4988923,-0.21921143,-0.19660313,-0.0040879217,-0.023776783,-0.0108468495,-0.026336415,0.0,-0.0032540546,0.04923064,0.03280809,-0.21779956,-0.20848173,0.00027097878,-0.005202053,-0.15844744,0.26960272,-0.014065045,0.0,0.08895362168550491
Bharatsinhji Shankarji Dabhi,-0.47374192,0.023391081,-0.124125406,0.037812416,-3.441517,-0.2651638,-0.27821314,-0.005287178,-0.19842333,0.004550778,-0.023034453,0.0,0.0015820288,0.04316451,0.031464744,0.04925054,0.03702299,-0.0057335678,-0.11514121,-0.09330957,-0.23353876,-0.0142780915,0.0,0.08895362168550491
Bhola Singh,-0.1698591,-0.026179705,-0.24633141,-0.1291751,0.27400404,-0.3305492,-0.1916779,-0.0102341585,-0.39627054,-0.0402939,0.11082087,0.0,-0.00096205436,-0.29938924,-0.0060222684,0.062291764,0.15822032,-0.097881794,0.1898122,0.03632749,0.05820188,0.028495211,0.0,0.08895362168550491
Bidyut Baran Mahato,0.85244936,0.00067300815,-0.14027147,0.08957176,-3.0386953,-2.6300619,-0.17319323,-0.0013034246,0.09602009,0.0047154077,-0.010704758,0.0,-0.0024858057,-0.12022609,-0.0002008247,-0.04223082,-0.07239634,-0.018309783,0.09302829,0.09071255,0.106287934,0.04514551,0.0,0.08895362168550491
C R Patil,-0.234887,-0.08126048,0.29650542,-0.2423187,0.94646007,-0.33531478,-0.13322978,-0.0010419517,0.0255328,-0.04191478,-0.045089208,0.0,0.000911993,-0.31275842,-0.014401746,0.06634608,0.113867566,-0.047917914,-0.13765734,-0.26968455,-0.04489091,-0.0074997083,0.0,0.08895362168550491
C.M.RAMESH,-0.6966399,-0.02673879,-0.13378786,-0.10003973,-2.9006402,0.89131564,-0.3170884,0.0052091433,-0.04950957,0.012520424,-0.015310317,0.0,0.0025270365,-0.11512702,0.0052977554,-0.16210362,-0.22627288,0.0084578395,0.0056504295,0.074250564,-0.010356307,0.0061810724,0.0,0.08895362168550491
CAPTAIN BRIJESH CHOWTA,-0.19482706,0.06490481,-0.023450445,0.09475889,-2.1007957,-0.2853036,-0.24127199,-0.0055537815,0.022891108,-3.936421e-05,-0.02640445,0.0,0.0012717104,0.050290357,0.036615502,-0.2089399,0.0039896653,0.0049477653,-0.14271952,-0.15484987,-0.2636065,-0.014047912,0.0,0.08895362168550491
CAPTAIN VIRIATO FERNANDES,-0.38496673,-0.04728441,-0.03818876,0.06774615,-3.4466188,0.8627299,-0.25781488,-0.0022276437,0.049463343,0.0067125745,-0.01152167,0.0,-0.0016269225,-0.08540085,0.011575429,0.054579165,0.06330359,0.004950505,-0.08254087,-0.14670664,-0.08046938,-0.011031688,0.0,0.08895362168550491
CHAMALA KIRAN KUMAR REDDY,-0.3199125,0.06712555,0.3569438,0.031596895,-2.1983094,-0.23837821,-0.29887933,-0.007188713,0.0015441087,-0.013057651,0.10284043,0.0,0.0030398986,0.054983817,0.008134016,-0.2072537,0.1097254,0.009711621,-0.14586776,0.090580836,-0.10478553,-0.009180539,0.0,0.08895362168550491
CHANDAN CHAUHAN,2.1117413,0.05368229,-0.07832732,0.13261303,-1.9453962,1.1669879,-0.17584415,0.0001552531,0.16942199,0.003486543,-0.00963636,0.0,-0.0025318377,-0.08024196,0.04702776,-0.11912197,0.046877228,0.014267439,-0.020789612,0.035961848,0.20943147,-0.0014509142,0.0,0.08895362168550491
CHANDRA SHEKHAR,-0.21001616,0.07130188,0.47093105,0.24498045,1.309776,-0.24725841,-0.11638577,-0.009836907,-0.23194605,-0.014521098,0.1274538,0.0,-0.0018404913,0.08651976,0.008515131,0.08029807,0.1674396,0.0023401927,0.030243477,0.18804125,0.12824617,0.09702571,0.0,0.08895362168550491
CHANDUBHAI CHHAGANBHAI SHIHORA,-0.41699854,0.05697442,-0.11043704,0.08203471,-3.5932333,0.5881918,-0.23179121,-0.00040438835,-0.040012036,0.016405828,-0.024852928,0.0,0.0025270365,0.025947277,0.038326062,-0.17303823,-0.18821467,-0.00494578,-0.13180739,-0.13427094,-0.24302569,-0.011078978,0.0,0.08895362168550491
CHARANJIT SINGH CHANNI,-0.3698801,0.061724268,-0.029800948,0.017911077,-2.7664096,-0.23691559,-0.21667184,0.007762183,-0.26662135,0.011018945,-0.024160177,0.0,0.0024604658,-0.16101742,0.0438159,0.048063535,0.104809664,0.005150043,-0.16110706,-0.13187155,0.28214097,-0.0022872447,0.0,0.08895362168550491
CHHATRA PAL SINGH GANGWAR,-0.4031959,-0.026056174,-0.08760778,0.035707604,-3.5445478,0.5695719,-0.33164355,-0.009038892,-0.2122696,-0.05317367,-0.021532338,0.0,-0.00660777,0.015821513,-0.009383776,0.032492496,0.053701594,-0.03514163,-0.055924684,0.011473421,0.14737557,-0.013929719,0.0,0.08895362168550491
CHHATRAPATI SHAHU SHAHAJI,-0.53813905,-0.016110979,-0.13949804,-0.08268476,4.1651187,0.52332026,-0.07460745,0.0006907487,0.07400646,-0.002124628,-0.014625748,0.0,-0.0016269225,-0.1413956,-0.08772308,0.07453408,0.06671307,0.04711025,-0.043352995,0.031163884,-0.1795743,0.00018657485,0.0,0.08895362168550491
CHHOTELAL,-0.45160055,-0.013299218,-0.091450386,-0.00059460464,-2.8879411,-0.20890933,-0.23845278,-0.008481346,-0.27501184,-0.040364634,-0.023003336,0.0,-0.00096205436,0.04328571,0.0515414,0.048108075,0.04369135,-0.038452543,-0.059423503,0.0048409174,0.14093249,-0.0070207547,0.0,0.08895362168550491
CHINTAMANI MAHARAJ,-0.2005116,-0.026527643,-0.021395354,0.07892269,-3.6596465,-1.3967702,-0.1751234,0.00086344127,0.12451569,0.002336083,-0.016208442,0.0,-0.0033907208,0.0432823,0.04186207,-0.14251618,-0.004206499,-0.005973381,-0.08448337,-0.10602673,-0.10224169,-0.010942799,0.0,0.08895362168550491
CHIRAG PASWAN,-0.13453211,-0.028584374,-0.1156424,-0.105739176,-0.051106382,0.89365155,-0.12745608,-0.021895465,0.035221722,-0.04984487,-0.019828051,0.0,-0.00660777,-0.23374653,-0.24247043,0.070519775,0.074467316,0.007832917,-0.050615825,0.006585576,-0.090287015,-0.0066306177,0.0,0.08895362168550491
CN Annadurai,-0.20634708,0.107408054,-0.116877,0.07900563,-0.4685887,-0.4294,-0.07977261,-0.0142946625,-0.30036363,-0.032535307,-0.04467925,0.0,-0.00096205436,0.111462474,-0.0062741716,0.096106276,-0.26957253,-0.065107144,-0.119246945,-0.1447916,0.12171435,-0.018304849,0.0,0.08895362168550491
Chandra Prakash Joshi,0.90841234,0.0123560475,0.12487609,0.056134615,-3.0075762,-2.7374709,0.47808594,-0.004804129,-0.031513423,-0.017387712,-0.018043602,0.0,-0.010235605,0.017987648,0.024666088,0.0022515552,0.11056202,-0.0162056,-0.23128888,-0.2725674,-0.032037314,-0.011617984,0.0,0.08895362168550491
D M Kathir Anand,1.2416602,-0.029691564,-0.1539822,-0.20531735,0.3200466,0.94987243,0.3856883,-0.0031427902,0.014055262,-0.0339554,-0.012044509,0.0,-0.0013489239,-0.21455514,0.011817432,-0.039523713,0.1351623,0.01640441,-0.04113115,0.113055274,-0.018308263,-0.002580908,0.0,0.08895362168550491
D Ravikumar ,-0.4832547,0.044129603,-0.13893047,0.0020439627,-3.3955853,-0.35140043,-0.28055918,-0.0053489665,-0.19910729,-0.028370848,0.10349981,0.0,-0.0018404913,0.039563704,0.04280119,0.064119644,0.05572719,-0.031604037,-0.14554854,0.01259643,-0.07293361,-0.008156612,0.0,0.08895362168550491
DAGGUMALLA PRASADA RAO,-0.15453175,-0.011005976,0.28910074,0.075565875,4.453481,-0.58251935,-0.106795736,-0.004126945,-0.13413246,-0.00073435437,-0.031166378,0.0,-0.002488541,0.0879092,0.00663769,-0.071801364,0.024949199,0.026851334,-0.08896312,-0.12671095,-0.12465189,-0.004083347,0.0,0.08895362168550491
DAMODAR AGARWAL,-0.3967253,0.05121757,-0.054720785,0.081751734,-3.4198549,0.740402,-0.27122462,0.002616856,-0.10187097,0.01629193,-0.0043443227,0.0,0.0025270365,0.025203165,0.01036812,-0.1588628,-0.17918201,-0.00572394,-0.0019059675,-0.15150046,-0.024421068,-0.009206953,0.0,0.08895362168550491
DAROGA PRASAD SAROJ,-0.40323627,0.02309267,-0.14197594,0.059756532,-3.5789933,0.6061671,-0.2209159,-0.009462966,-0.21295956,-0.03392461,0.037509438,0.0,-0.0013489239,0.03235744,0.039708782,-0.033325717,0.11522265,0.006225689,-0.04239147,0.011221145,-0.010861453,-0.01443134,0.0,0.08895362168550491
DARSHAN SINGH CHOUDHARY,-0.11556902,0.03472308,-0.039197393,-0.10027823,0.5810356,0.6108268,-0.13245206,-0.004520811,0.02202217,-0.049626563,-0.038880635,0.0,-0.00660777,0.1187981,0.038319603,0.047526352,0.09636694,0.009259615,-0.07846572,-0.2205582,-0.12518822,-0.016965702,0.0,0.08895362168550491
DEEPENDER SINGH HOODA,-0.4025907,0.051155817,-0.0369932,-0.008742087,-3.6270158,0.62217945,-0.24764371,-0.0044964715,0.030150631,-0.008143397,-0.019796623,0.0,-0.0025318377,0.045136645,0.0099682845,-0.18755098,-0.21048456,-0.0055516115,-0.12389808,-0.14590423,-0.058494598,-0.010393717,0.0,0.08895362168550491
DEVESH CHANDRA THAKUR,-0.17387977,0.058087863,-0.18178771,0.08761497,-0.63690335,-0.24046275,-0.1843415,-0.018633218,-0.4172682,-0.0454618,-0.036065396,0.0,-0.00660777,-0.24233039,-0.220767,0.06421989,0.060659047,0.020367421,-0.0380989,-0.0013086272,0.21183585,-0.017500542,0.0,0.08895362168550491
DEVESH SHAKYA,-0.20422386,0.050896134,0.3940671,0.031670343,4.2706037,-0.04724381,-0.14636384,-0.0054956414,0.026407657,0.006342756,0.09889564,0.0,0.000911993,0.08175695,0.0057844967,0.063598365,-0.1649341,0.026874349,0.17848642,0.13119665,-0.09883508,0.06833839,0.0,0.08895362168550491
DHANORKAR PRATIBHA SURESH ALIAS BALUBHAU,1.698238,-0.03187052,-0.123669274,0.19472207,0.043301553,1.303693,-0.09240563,0.0065517128,0.16840336,0.00046834344,-0.007966929,0.0,-0.0025318377,-0.18250065,0.04610105,-0.18031739,0.13391891,-0.012995365,-0.0122721195,0.12556253,-0.04721069,-0.009351084,0.0,0.08895362168550491
DHARMENDRA PRADHAN,0.9347432,-0.020773552,-0.1015296,-0.062443864,-2.8709126,-2.4860978,-0.19193543,-0.004690811,0.06358303,-0.046688907,-0.013376978,0.0,-0.002582305,0.003748169,0.0015161062,-0.036800243,-0.07716068,-0.018004356,0.0151971495,0.022560574,-0.07533493,0.003387488,0.0,0.08895362168550491
DHARMENDRA YADAV,-0.41298917,-0.06330298,-0.085113324,0.07787557,-3.389024,-1.3244755,-0.19099537,-0.000357653,0.0149649065,0.0056953477,-0.01495936,0.0,-0.0024858057,-0.09971976,0.009406017,0.03433409,0.045245614,0.0024273128,-0.06656641,0.01897438,-0.07607141,-0.00942634,0.0,0.08895362168550491
DHAVAL LAXMANBHAI PATEL,-0.3899815,0.03542844,-0.10581754,0.011409954,-3.5129397,0.24165161,-0.23851316,0.0040685385,-0.037324496,0.011383282,-0.009161124,0.0,0.0034319516,-0.1268024,-0.022964457,0.044792257,0.112140834,0.016244376,-0.0822482,0.0022644417,-0.09518174,-0.013022616,0.0,0.08895362168550491
DINESHBHAI MAKWANA,0.5893152,-0.039710123,-0.14840905,-0.12265451,-0.43362832,-2.3153813,0.24222982,0.007306787,0.12860171,0.004094145,-0.0042175306,0.0,-0.0024858057,-0.23856966,-0.0047542155,-0.018471234,-0.03886304,-0.006171859,0.110178635,0.0079156235,0.040775403,0.047569193,0.0,0.08895362168550491
DR BYREDDY SHABARI,-0.4146478,-0.08383736,0.46084887,-0.14562663,-2.8301733,-0.29674345,-0.2822852,0.0021523845,-0.22174497,0.011301519,-0.022647358,0.0,0.0041195108,-0.08241121,0.01186004,-0.18952903,-0.20562539,0.008897815,-0.13351011,0.10847372,-0.10049973,-0.0038343512,0.0,0.08895362168550491
DR C N MANJUNATH,-0.41077912,0.050601073,0.11766277,0.08089729,-3.6713445,0.5550906,-0.2417673,-0.007701354,-0.054010626,0.0095479805,-0.0059991954,0.0,-0.0013285308,0.01228297,0.03714456,-0.15834168,-0.15515679,-0.004223707,-0.16147946,-0.3493059,-0.0505454,-0.009319183,0.0,0.08895362168550491
DR DHARAMVIRA GANDHI,-0.41162455,0.007142232,-0.007873788,0.04653478,-3.6675832,0.5649855,-0.27729672,-0.008664657,-0.04247862,0.009095867,-0.02495492,0.0,0.0024581985,0.039399438,0.036777556,0.03848511,0.045585103,-0.0009568013,-0.007668821,-0.13549817,-0.25296867,-0.010696199,0.0,0.08895362168550491
DR KALGE SHIVAJI BANDAPPA,-0.3086286,0.054093286,-0.110463075,0.07997506,-3.4268548,-1.4281408,-0.14433083,-0.0051419428,-0.023762615,0.015727773,-0.013333754,0.0,0.0025730685,0.022827575,0.008187472,0.012365107,-0.1473893,0.0005283823,-0.099463664,0.027563354,-0.061222058,-0.009286493,0.0,0.08895362168550491
DR RAJKUMAR SANGWAN,-0.7604859,-0.012757168,-0.1401838,-0.26034966,4.0843067,0.5342699,-0.08767301,-0.0007593768,0.08468622,-0.0068407794,-0.030590354,0.0,-0.0016269225,-0.090926155,-0.0012168465,0.075693086,-0.17337497,0.041214086,0.0043474887,0.066494994,-0.024236107,0.0048113517,0.0,0.08895362168550491
DR RANI SRI KUMAR,-0.41928646,-0.028969219,-0.068470344,0.031590413,-2.8090146,0.7556052,-0.2500636,-0.015721537,-0.26081777,-0.052715387,-0.015655434,0.0,-0.00660777,0.0207323,0.008474182,0.043813724,0.0616989,-0.020643476,-0.052727886,0.06589555,-0.086336054,-0.010846224,0.0,0.08895362168550491
DR. HEMANG JOSHI,-0.39631158,0.011747389,0.073717125,-0.29898444,-3.5956817,0.41661194,-0.25229523,-0.006155718,-0.051814985,0.006586531,-0.013398836,0.0,-0.00042361568,0.058396183,0.0370788,0.054824553,0.04207242,-0.004695322,-0.15109855,-0.28608736,-0.22338773,-0.014659168,0.0,0.08895362168550491
DR. HEMANT VISHNU SAVARA,0.87570304,-0.049140804,-0.13863449,0.12818417,-2.8832104,-2.767453,0.3448591,-0.0015133487,0.08758097,-0.0019500495,-0.012931515,0.0,-0.0033907208,-0.03851793,0.008750511,-0.11063739,-0.22327127,-0.0124528725,-0.13566352,0.10416803,-0.02663557,-0.011658341,0.0,0.08895362168550491
DR. KIRSAN NAMDEO,-0.9350588,-0.050452866,-0.19176085,-0.58174103,1.3167065,0.48040774,0.3049135,0.0009748539,0.110639066,-0.005498204,-0.03519065,0.0,-0.0025318377,-0.22085543,0.0028413152,-0.0069328602,-0.3724949,-0.053215057,-0.06366892,0.06244297,-0.022033703,-0.012623057,0.0,0.08895362168550491
DR. LATA WANKHEDE,-0.16773649,-0.04667585,0.30349338,0.08073882,4.775944,-0.1453386,-0.088462494,-0.0028402014,-0.20097443,-0.014524553,-0.007777699,0.0,0.0021614614,0.076218195,0.002888059,-0.07067923,-0.22555843,-0.021328274,-0.056663614,-0.10549762,-0.09941131,-0.0037186588,0.0,0.08895362168550491
DR. M.P ABDUSSAMAD SAMADANI,-0.0715072,0.104011804,-0.062475573,0.33097726,1.2204379,0.6168474,-0.09308677,-0.0029612887,0.09710025,0.010826085,-0.0215248,0.0,0.0005874172,-0.18665133,0.013635471,-0.15921697,-0.29188663,-0.006710152,-0.039910797,0.099616356,-0.040298507,-0.005234416,0.0,0.08895362168550491
DR. MANSUKH MANDAVIYA,-0.3909434,-0.048647866,-0.04153085,-0.10338415,-2.936681,-0.043591306,-0.22055237,-0.0027802866,-0.027595391,0.0091377795,-0.030527867,0.0,0.0024581985,0.045823153,0.039607167,0.043632727,-0.23677951,0.021422021,-0.13180514,-0.13555461,-0.22188276,-0.011452271,0.0,0.08895362168550491
DR. PRABHA MALLIKARJUN,0.8736118,-0.01622825,-0.10507741,0.057878505,-3.1762238,-2.5509696,-0.21147816,-0.00037356204,0.08359039,0.0058658933,-0.011752503,0.0,-0.0024858057,0.030810812,0.04149825,-0.009926377,0.046453595,-0.006882944,0.10258954,0.031155998,-0.1671356,-0.012247894,0.0,0.08895362168550491
DR. PRASHANT YADAORAO PADOLE,0.94883364,0.052163977,-0.107660286,0.10610206,-3.0675054,-2.532375,-0.12944026,-0.006465097,-0.032182597,-0.024482626,-0.012696834,0.0,-0.007353791,0.04312297,0.008465069,0.040923454,-0.14351581,-0.007954824,-0.03087054,0.04007809,-0.06968979,-0.0054295184,0.0,0.08895362168550491
DR. RAJ KUMAR CHABBEWAL,-0.25891742,-0.042148776,-0.049152832,-0.11211067,-2.1758769,-0.44023633,-0.24620855,-0.005124705,-0.33489215,0.0058185137,-0.03632342,0.0,0.00060827547,0.058550425,-0.21572158,0.041158207,0.076563716,-0.0045404667,-0.0070616556,-0.12909715,-0.14223075,-0.016681965,0.0,0.08895362168550491
DR. RAJESH MISHRA,-0.41764408,-0.050606586,-0.07918281,0.0382946,-2.9556873,-0.3495537,-0.3286026,-0.002067391,-0.26712906,-0.034415636,-0.02132134,0.0,-0.0018404913,0.05358603,0.023727989,0.05700074,0.1438361,-0.036523215,-0.1317576,-0.09782522,0.23249666,-0.009693816,0.0,0.08895362168550491
DR. S P SINGH,-0.43175548,0.07679744,0.3924397,0.11133164,-3.5014732,0.5225787,-0.36301678,-0.012329297,-0.03391434,-0.019617477,0.055750873,0.0,-0.0038552852,-0.056883864,0.014462264,0.03477249,-0.15025987,0.0036560711,0.27010736,0.23951519,-0.0022502595,0.0026956042,0.0,0.08895362168550491
DR. SHARMILA SARKAR,-0.45138243,-0.051813915,-0.10420296,-0.35114452,-3.191298,-1.3086631,-0.16270256,0.0010866823,0.02417895,0.0034015211,-0.012153429,0.0,-0.0024858057,-0.10485007,0.008654462,0.044052463,-0.21616077,-0.0037107868,-0.047851034,0.02364011,-0.058274657,-0.0067588813,0.0,0.08895362168550491
DR.K.SUDHAKAR,-0.4894393,0.032909054,-0.0507741,0.076224774,-3.3615236,-1.324256,-0.13566832,-0.0024831148,-0.032341175,0.012106088,-0.013791684,0.0,0.0025730685,-0.085246444,0.00012066576,0.039421964,0.046796218,0.002513086,-0.099292055,-0.124028295,0.16626711,-0.0024881633,0.0,0.08895362168550491
DR.MALLU RAVI,-0.43276748,0.035394456,-0.18698116,-0.011042056,-3.478506,0.5643749,-0.27827087,-0.008499524,-0.21777606,-0.05001881,-0.0067090564,0.0,-0.00660777,-0.11368495,0.0357467,0.034713283,0.050811317,0.009388486,-0.043116756,0.08219694,-0.08809289,-0.008278754,0.0,0.08895362168550491
DULU MAHATO,-0.045651782,0.077014275,0.4344505,0.23723425,1.8640077,0.5749491,0.23372191,0.0017836946,0.011168973,-0.005158948,0.001992511,0.0,0.0014035606,-0.19175519,-0.012619843,-0.10438975,-0.26966766,0.019077264,0.25490594,0.20289981,0.124276444,0.043458022,0.0,0.08895362168550491
DURAI VAIKO,0.14580008,-0.020873709,-0.19477412,0.027383005,2.1488283,-0.41025335,-0.08523493,0.0015264985,0.030789088,-0.0024158347,-0.022835268,0.0,-0.0030390525,-0.22337206,0.009596868,0.06797697,-0.04875435,0.021486746,-0.06450819,0.046707384,-0.08967082,-0.0033560176,0.0,0.08895362168550491
Daggubati Purandeshwari,0.9041806,-0.060381345,-0.11493746,0.1047149,-2.968437,-2.6097565,-0.16482703,0.0011020616,0.10233816,0.0026041914,-0.013741622,0.0,-0.0033907208,0.044510048,0.0022634561,0.008217718,-0.18497953,-0.017800815,0.03276333,0.095396675,0.05023901,-0.008817976,0.0,0.08895362168550491
Devendra Alias Bhole Singh,-0.3879532,-0.03746025,-0.17250077,-0.023321573,-3.3280246,-0.21230845,-0.37519684,-0.012618179,-0.08782459,-0.040211536,0.056921873,0.0,-0.0018404913,-0.11878803,-0.1629706,-0.01234569,-0.044458065,0.0041004727,-0.004700917,0.14682668,0.09385495,-0.009380828,0.0,0.08895362168550491
Devusinh Jesingbhai Chauhan,-0.21943177,0.048532344,-0.13365926,-0.5012583,0.6873523,-0.6177728,-0.1208222,0.004222436,0.042253446,0.009638641,-0.021569807,0.0,0.0013670266,0.10586678,0.01750543,-0.24557526,-0.40818492,0.009335918,-0.057361,-0.20571992,-0.28680104,-0.017028844,0.0,0.08895362168550491
Dhairyasheel Sambhajirao Mane,0.874157,-0.043944042,-0.13465558,0.11436025,-2.3135102,-2.499117,-0.19587238,-0.002364805,0.11332761,-0.0014248788,-0.009493474,0.0,-0.0024858057,-0.10361027,0.010872978,-0.03226105,-0.08314299,-0.03712117,0.095418595,0.10371711,-0.08584728,-0.015718967,0.0,0.08895362168550491
Dileshwar Kamait ,-0.030486725,-0.06295478,-0.10739191,0.05562397,-3.5656314,-1.4301875,-0.15321238,-0.0023511546,-0.16218969,-0.050251942,-0.013468517,0.0,-0.0016164391,0.034346562,-0.18014458,-0.0011877118,-0.01413474,-0.020604882,-0.045854185,0.01637709,0.055222735,-0.011618862,0.0,0.08895362168550491
Dilip Saikia,0.9456952,0.026367893,-0.105632395,0.08216029,-2.9005504,-2.4568512,-0.11410154,0.0014792844,0.1048108,-0.0038336152,-0.011342805,0.0,-0.0024858057,-0.09987082,0.007746177,0.025347985,0.0056408225,-0.0011994117,-0.07361406,0.014116305,-0.07373827,-0.0061397916,0.0,0.08895362168550491
Dinesh Chandra Yadav,-0.15382086,-0.04943514,-0.15936054,-0.057797156,-0.70166314,-0.21094237,-0.13706142,-0.01932301,0.002336294,-0.051212452,-0.025530415,0.0,-0.00660777,-0.28423914,-0.010323262,0.024351979,0.13752183,-0.073037304,0.1997737,0.18715677,-0.06489941,0.05190704,0.0,0.08895362168550491
Dr Chandra Sekhar Pemmasani,1.1900119,-0.03016011,-0.13184854,0.014551589,3.7546923,0.6390145,0.28729147,-0.00023225619,-0.012978744,-0.014253774,-0.015135877,0.0,-0.0064949077,-0.11888426,-0.036257755,0.05781174,-0.008451005,0.03468269,-0.07083566,0.06079377,-0.028301684,0.0033047504,0.0,0.08895362168550491
Dr Jayanta Kumar Roy,0.8966027,-0.034671985,-0.13602616,0.13098104,-2.9119318,-2.5687888,-0.18280679,0.0028502631,0.103476845,-0.00018037489,-0.013838501,0.0,-0.0033907208,0.044190086,0.0046701143,-0.09900935,-0.17691432,-0.013762387,0.095490746,0.12865716,-0.057456106,-0.006931958,0.0,0.08895362168550491
Dr Mohammad Jawed,-0.4082259,-0.023339935,-0.14667028,0.07210005,-3.5028684,0.6349829,-0.30217925,0.032806635,-0.038908567,-0.028511843,0.039982155,0.0,-0.00660777,0.03135658,0.045373518,-0.019209245,-0.06336282,-0.006539131,0.24053039,0.17718935,-0.10135416,-0.020636898,0.0,0.08895362168550491
Dr Shashi Tharoor,-0.25515136,-0.02388067,-0.110263795,0.018009119,-2.9291189,0.46638703,-0.24325535,-0.0035204317,-0.031222343,-0.0027736723,-0.01450278,0.0,-0.0064949077,0.036976825,0.04253533,0.030787902,0.11688887,0.0054668714,-0.1900848,-0.17352335,-0.07608982,-0.004127482,0.0,0.08895362168550491
Dr Sukanta Majumdar ,-0.72188896,-0.06425943,-0.17324772,-0.14808312,-2.5433524,0.690244,-0.2508306,-0.0060374476,-0.03498543,0.009231275,-0.01406218,0.0,0.0015532833,-0.12640889,0.041984104,-0.17162026,-0.22501473,-0.016857455,0.007884015,0.090533346,0.17373641,0.023047786,0.0,0.08895362168550491
Dr. Ajeet Madhavrao Gopchade (2024-30),0.09874298,-0.013374408,-0.08272663,0.14067209,0.1869289,0.9457298,-0.12279163,0.012632852,0.1861542,0.0056121927,-0.009825132,0.0,-0.0016269225,0.08662428,0.050923783,0.05683507,0.080502026,0.00034042756,-0.07879853,0.03464001,-0.096319616,-0.015885063,0.0,0.08895362168550491
Dr. Anil Sukhdeorao Bonde (2022-28),-0.08563601,-0.026751775,-0.054599896,0.23959374,1.371783,0.82126856,-0.0956214,0.0066798823,0.15463504,0.0053457725,-0.02628629,0.0,-0.0016269225,0.11609691,0.011217958,0.06921486,0.13251315,0.021613488,-0.1007062,0.0657327,-0.11756927,-0.015783502,0.0,0.08895362168550491
Dr. Ashok Kumar Mittal (2022-28),1.1685833,-0.038952235,-0.076253735,0.023553869,3.8014128,0.66144496,-0.16437858,0.0035726554,0.11658863,-0.0029375092,-0.016063586,0.0,-0.0025318377,0.07661895,0.020433242,-0.06473111,0.06308672,0.021034904,-0.03787713,-0.23654693,-0.061029155,-0.008056445,0.0,0.08895362168550491
Dr. Bhim Singh (2024-30),-0.23593576,-0.07387478,-0.1222467,-0.13498126,-0.6153196,-0.64404255,-0.12215618,0.005625476,0.13653077,0.0047358186,-0.01804221,0.0,-0.0016166708,0.08902851,-0.010524103,0.07095548,0.076756775,-0.044522796,-0.048361238,-0.03723894,0.007940938,-0.023436675,0.0,0.08895362168550491
Dr. Dharmasthala Veerendra Heggade (2022-28),-0.47649583,0.06143512,-0.12050801,0.006825098,-2.8882678,-0.3044912,-0.26986834,0.0006259717,0.14031087,0.005944233,-0.026230223,0.0,-0.0025984084,0.014649869,0.003178033,0.050023757,0.12344257,0.0041130194,-0.054670017,-0.002074262,-0.10338347,-0.007464564,0.0,0.08895362168550491
Dr. Dharmshila Gupta (2024-30),-0.39418647,-0.05823368,-0.074539915,0.059740696,-2.8755908,-0.28604862,-0.24888785,0.0021398177,0.14678305,0.008259192,-0.030082611,0.0,-0.0025984084,-0.001790481,0.0003028304,0.031241132,-0.03169013,-0.036107555,-0.06193379,0.008927828,-0.12897831,-0.011849305,0.0,0.08895362168550491
Dr. Dinesh Sharma (2023-26),0.8529144,0.014949657,-0.10397321,0.06450262,-3.0617063,-2.753873,0.4584123,-0.0019478101,0.07943506,0.004161645,-0.010652269,0.0,-0.0024858057,0.014123168,0.009977727,-0.0390126,-0.057569128,-0.0016753327,-0.14920637,0.019095676,-0.03336241,-0.007598888,0.0,0.08895362168550491
Dr. Faiyaz Ahmad (2022-28),-0.13354225,-0.04455553,-0.075139746,0.08799727,-0.2930371,-0.3670906,-0.09038588,0.011578203,0.15183125,0.009175664,-0.021855561,0.0,-0.0025984084,0.122620374,-0.1582086,0.077097036,0.15830982,-0.011866804,0.22233635,0.20271273,0.3119351,0.11957985,0.0,0.08895362168550491
Dr. John Brittas (2021-27),-0.70878744,-0.05317318,-0.08486279,-0.015107106,-3.4689143,0.6222159,-0.26746613,0.0037603602,0.13876651,0.0056953477,-0.011331468,0.0,-0.0016269225,0.016546737,-0.0035934737,0.045126762,0.11465811,0.001767678,-0.14400564,0.0021373292,-0.17726767,-0.014033026,0.0,0.08895362168550491
Dr. K. Laxman (2022-28),-0.27042693,-0.009343081,-0.14713767,0.054647192,-0.38169467,-0.6606505,-0.13047099,0.0074480823,0.14098367,0.0035015233,-0.026110347,0.0,-0.0016166708,0.09835101,0.008461976,0.077728935,0.07236503,-0.050696373,-0.0652444,-0.00015505319,-0.111529574,-0.026490932,0.0,0.08895362168550491
Dr. Kalpana Saini (2022-28),-0.39534548,0.02899134,-0.026549144,0.047198158,-3.6629775,0.63472366,-0.26054177,0.00046705233,0.14490454,0.0064136004,-0.018611975,0.0,-0.0016269225,0.011040472,0.009533732,0.047387477,0.049950413,-0.0021393704,-0.11922251,-0.13472429,-0.056623843,-0.01170465,0.0,0.08895362168550491
Dr. Kavita Patidar (2022-28),-0.12316808,-0.040089846,-0.004819507,0.009375298,-0.049946055,0.72408664,-0.048956312,0.0107476255,0.18605722,0.0069610323,-0.009263662,0.0,-0.0016269225,0.11647911,0.06210717,0.0850035,0.120363936,-0.033902533,-0.07996447,-0.08811989,0.24690402,-0.010209984,0.0,0.08895362168550491
Dr. L. Murugan (2024-30),1.4453086,-0.052907396,-0.12103411,0.20251143,0.46137905,1.0419123,-0.0434844,0.007930571,0.16369829,0.0013659536,-0.015766116,0.0,-0.0025318377,0.07349838,0.063359424,-0.17744043,0.17958109,-0.0016443769,-0.021119583,0.099871896,0.19855742,-0.0013550359,0.0,0.08895362168550491
Dr. Laxmikant Bajpayee (2022-28),0.8683092,-0.04143698,-0.122111306,0.049734373,-3.0339136,-2.7507808,0.43955228,-0.001401704,0.08655891,0.004460619,-0.009319023,0.0,-0.0024858057,0.043492366,0.0021469991,0.03483229,0.12629655,-0.00065083354,-0.1452885,0.036666524,-0.04223705,-0.009729326,0.0,0.08895362168550491
Dr. M. Dhanapal (2025-31),-0.26129773,-0.03447635,-0.12535049,-0.01852102,-3.2105687,-1.6224327,-0.19883116,0.003298282,0.102699466,0.0057318634,-0.010968778,0.0,-0.0024858057,0.00020461844,-0.17386758,0.039737348,0.05733134,-0.016085485,0.15068348,0.09238104,-0.077556625,-0.008737266,0.0,0.08895362168550491
Dr. Medha Vishram Kulkarni (2024-30),-0.6944351,-0.03925526,-0.11575314,-0.10440099,-2.6276636,0.7748697,-0.2502536,0.0046188827,0.16321315,0.0075102192,-0.009725973,0.0,-0.0016269225,0.036799215,0.005574034,0.04369524,0.06323558,-0.0033414774,-0.04710266,0.081253976,-0.040291145,-0.010846224,0.0,0.08895362168550491
Dr. Parmar Jashvantsinh Salamsinh (2024-30),-0.1902667,-0.025774313,-0.0027314548,0.028520672,-1.9038831,0.8275626,-0.25193015,0.0028506042,0.18045911,0.0074169245,-0.019829398,0.0,-0.0016269225,0.05267144,0.022846932,-0.0028811796,-0.043405093,-0.0020180312,-0.11907049,-0.12443099,-0.114554584,-0.023588182,0.0,0.08895362168550491
Dr. Radha Mohan Das Agrawal (2022-28),1.001055,-0.034863662,-0.111776456,0.020948522,3.7111287,0.44647145,-0.08174449,0.0049075135,0.11112245,-0.0030883988,-0.016876446,0.0,-0.0016269225,0.07663148,-0.015956473,0.061697923,-0.0031689627,0.018310418,0.07361732,0.07966112,0.16863683,0.06981244,0.0,0.08895362168550491
Dr. Sandeep Kumar Pathak (2022-28),-0.2213867,-0.004716986,-0.120223194,-0.037803195,0.21874344,-0.50215125,-0.11811206,0.0073814234,0.13867937,0.0013825565,-0.035947308,0.0,-0.001831673,0.121557586,-0.007862719,-0.26254308,0.1630765,-0.055762082,0.037757542,-0.19386637,-0.14321242,-0.021060666,0.0,0.08895362168550491
Dr. Sangeeta Balwant (2024-30),0.8900631,0.01860745,-0.08169789,0.07244227,-3.2106605,-2.5929325,-0.20265098,-0.0014218111,0.098363124,0.0047154077,-0.014308421,0.0,-0.0024858057,0.027488746,0.007723804,0.010872461,0.04340691,-0.004114525,0.021121208,0.08800175,0.011741253,-0.015759096,0.0,0.08895362168550491
Dr. Sarfraz Ahmad (2024-30),-0.35312292,-0.014686453,0.39580476,-0.33495185,-2.9492686,-1.7495903,0.63347006,0.00044942705,0.077898525,-0.0014247685,-0.015800161,0.0,-0.0062725353,0.050507694,0.010272904,-0.16707568,-0.009863,0.014701262,0.29376394,0.20369498,-0.09606538,-0.012845997,0.0,0.08895362168550491
Dr. Sasmit Patra (2022-28),0.09280419,0.07648457,0.006295387,-0.01962657,0.10361566,0.74337864,-0.106648855,0.012591761,0.17535293,0.005101038,-0.015937803,0.0,-0.0016269225,0.11329632,0.009540892,0.094979584,0.08239345,0.036302146,-0.06199934,-0.11600037,-0.06283315,-0.016723657,0.0,0.08895362168550491
Dr. Sikander Kumar (2022-28),-0.26068315,-0.064692326,0.20537803,-0.29756108,-2.0456355,-0.36120045,-0.1829558,-7.104536e-05,0.12639458,0.00070343586,-0.03125334,0.0,-0.004498485,0.012707011,-0.007862631,0.0339121,-0.29688525,-0.049902067,-0.15711792,-0.27141336,0.009541386,-0.01113433,0.0,0.08895362168550491
Dr. Sudhanshu Trivedi (2024-30),0.9608745,-0.0317587,-0.09970521,0.08924333,-3.1107051,-2.5717444,-0.18881045,-4.2224667e-05,0.10784377,0.0058658933,-0.014180587,0.0,-0.0024858057,-0.09535028,0.041478913,0.0045738243,0.11053408,0.010637292,0.030551571,0.08100205,-0.0737666,-0.009166479,0.0,0.08895362168550491
Dr. Syed Naseer Hussain (2024-30),0.88167745,0.01127136,-0.12233449,0.080112256,-3.1215007,-2.5797336,-0.19976144,-0.0018291259,0.0952428,0.0047154077,-0.0115592545,0.0,-0.0024858057,-0.11798401,-0.18821876,0.0027063792,0.044465985,-0.005647014,0.09628542,0.020661881,-0.061437186,0.020949597,0.0,0.08895362168550491
Dr. V. Sivadasan (2021-27),1.2061319,-0.04374406,-0.09454418,0.029714806,3.8733432,0.022766123,-0.168148,-0.00072074623,0.08085433,-0.00089572277,-0.025457576,0.0,-0.0025984084,-0.11189437,-0.012941617,-0.15195084,0.03793156,0.018337363,-0.039189458,-0.10878775,0.23455676,-0.022103563,0.0,0.08895362168550491
Dr. Vikramjit Singh Sahney (2022-28),-0.6010193,-0.048607305,-0.047072653,-0.10920862,-2.0929825,-0.064307496,-0.25217608,0.0031447166,0.1675449,0.006289946,-0.020580482,0.0,-0.0016269225,0.055575334,0.0030151554,0.064303026,0.06368758,-0.022327783,-0.110168286,-0.1355169,-0.08959279,-0.016764805,0.0,0.08895362168550491
Durga Das Uikey ,-0.43830046,-0.047269646,-0.088505834,-0.015218161,-2.7922082,-0.376815,-0.2183351,0.017393254,-0.26221707,-0.036542997,-0.0072363303,0.0,-0.0018404913,0.06371452,-0.0021507374,0.008641676,0.11064041,0.0015601253,-0.12565753,-0.103919506,0.27364287,-0.006733937,0.0,0.08895362168550491
E. TUKARAM,0.7979315,0.009690636,-0.13749531,0.06982954,-2.9121609,-2.8615556,0.56154096,-0.009364629,0.012539262,-0.029524622,-0.010850648,0.0,-0.002582305,0.05160014,0.047401767,-0.03566886,-0.07432033,-0.026709607,0.18145703,0.081323236,0.009874728,0.044640437,0.0,0.08895362168550491
E.T. MOHAMMED BASHEER,0.0049524386,0.06249902,0.05576658,-0.06801174,0.21795253,0.51498383,-0.15190421,0.0024605708,0.008818877,-0.018342832,-0.024695562,0.0,-0.009376721,-0.22936559,0.0016403584,0.06728088,-0.35229823,0.028447188,-0.24902469,-0.41637215,0.10193278,-0.004330721,0.0,0.08895362168550491
EATALA RAJENDER,-0.38648424,-0.058315456,-0.1118289,-0.007905252,-2.9941394,0.8975162,-0.25767764,-0.008878463,-0.20524345,0.007069925,-0.017752793,0.0,0.0015532833,-0.11285255,-0.014921902,-0.15222482,-0.21248926,0.016468018,-0.07563044,0.03168507,-0.08588643,-0.008955229,0.0,0.08895362168550491
ESWARASAMY K,-0.12406502,-0.06841402,-0.109698415,-0.106907636,-0.3958444,-0.24274445,-0.03943265,-0.0025885645,0.031725775,-0.012024926,-0.032561973,0.0,-0.0064949077,0.08639051,0.03925499,0.06775221,-0.31294906,0.008121119,-0.086242095,0.007461106,-0.07977682,-0.016757634,0.0,0.08895362168550491
Faggan Singh Kulaste,-0.44605747,0.018169211,-0.06383695,0.07303621,-3.53795,-1.3397138,-0.17739253,-0.00885245,-0.016378637,-0.036199264,-0.01563018,0.0,0.0036424068,0.0169022,0.016914729,-0.1411742,0.038715325,-0.00077054923,-0.090948895,-0.1106508,-0.21157637,-0.010425163,0.0,0.08895362168550491
G. KUMAR NAIK,1.1910521,-0.05307238,0.34478322,-0.094049454,1.6285601,0.747898,-0.17672502,0.0009012497,-0.018841771,0.012772662,-0.0229222,0.0,0.0061844364,0.07909399,0.04040379,0.04940955,0.15861332,0.0027457355,-0.010446918,0.12543331,-0.046454582,-0.022109887,0.0,0.08895362168550491
GANAPATHY RAJKUMAR P,0.885162,-0.019109141,-0.123778194,-0.07908244,-2.9169567,-2.7555099,0.4857372,-0.002665178,-0.026555374,-0.004542573,-0.009348947,0.0,-0.007353791,-0.12482739,0.012185332,-0.016874053,0.10911605,0.0039408696,-0.1345508,0.043371625,-0.028435266,-0.0064766346,0.0,0.08895362168550491
GAURAV GOGOI,-0.70096254,0.07114838,-0.10584931,-0.40330616,-0.50782084,-0.24607578,-0.06635507,0.0042666164,0.096385315,-0.0035025487,-0.035099834,0.0,-0.0025318377,0.09482243,-0.0013514691,-0.26555374,-0.2628982,0.0026464076,-0.072840385,-0.032067243,-0.07178442,-0.019289654,0.0,0.08895362168550491
GENIBEN NAGAJI THAKOR,0.083083294,0.07323704,-0.16206343,-0.5262135,0.6307887,-0.28653666,-0.086280495,-0.0017350581,-0.32239494,-0.0122066755,-0.033522144,0.0,-0.007681396,-0.2647525,0.009675383,-0.21751338,-0.3963704,0.012232742,-0.16582651,-0.2184339,-0.09078553,-0.00753953,0.0,0.08895362168550491
GM Harish Balayogi,0.08386273,-0.019768914,-0.10107985,0.012336511,4.6222587,-0.20373926,-0.07071324,-0.0044693006,0.030110082,-0.007007623,-0.02364485,0.0,-0.0030390525,0.041114435,0.0046630884,0.06308211,-0.2138441,0.03856168,-0.057941824,0.07157765,-0.037037373,0.00088972726,0.0,0.08895362168550491
GODAM NAGESH,-0.13560039,-0.042913496,-0.14768681,0.007152794,4.687002,-0.27812612,-0.08408801,0.006026103,0.030406369,0.010016097,-0.024984924,0.0,0.0015820288,-0.17396513,0.005639455,0.070526265,-0.19434144,0.057283267,-0.13500373,0.058088426,-0.11694675,0.0095399,0.0,0.08895362168550491
GOPINATH K,-0.69787574,-0.035797864,-0.11255164,-0.027559921,-2.5371823,0.7245861,-0.18597592,-0.004841771,-0.038730554,0.009365303,-0.013357675,0.0,0.0015532833,-0.11276026,0.009445794,-0.17543627,-0.22196372,-0.002816144,-0.04341374,0.053170484,0.005613807,-0.008826014,0.0,0.08895362168550491
GOVIND MAKTHAPPA KARJOL,-0.7413817,-0.05937757,-0.09631535,-0.37376693,-3.0740345,0.63902336,-0.22745815,-0.009608825,0.031563856,0.008156058,-0.020989012,0.0,0.0015611704,-0.11998086,-0.0073902397,-0.17624469,-0.22757752,-0.0028831973,-0.13672264,-0.02864711,0.15626767,-0.00404811,0.0,0.08895362168550491
GURMEET SINGH MEET HAYER,-0.23436622,-0.077377304,-0.14080593,-0.012434425,0.14331797,-0.33589303,-0.12204405,0.0037712606,-0.38340753,0.008710388,-0.023792071,0.0,0.0024604658,0.11354579,0.013075239,0.07443756,0.12406838,0.012136601,-0.076004766,-0.19452387,-0.13507292,-0.016591799,0.0,0.08895362168550491
Gajendra Singh Patel,-0.43637866,-0.026957743,-0.12842366,-0.07817185,-3.4735103,0.61781204,-0.28037086,-0.007742429,-0.20975216,-0.039094143,0.046513107,0.0,-0.00660777,0.023148797,0.0031291265,0.033191934,0.065179475,-0.0031605866,-0.04175076,0.02941333,0.00045470774,-0.006671978,0.0,0.08895362168550491
Ganesan Selvam,-0.4365657,0.05559837,-0.10989021,0.018199923,-3.003856,-0.3836268,-0.19176629,-0.007981508,-0.020098036,-0.044573653,-0.028368583,0.0,-0.0018404913,0.020769618,0.018987024,0.04783367,0.046914637,-0.035867915,-0.15631184,-0.0037797824,0.2801179,-0.004473118,0.0,0.08895362168550491
Ganesh Singh,-0.21877141,-0.06699068,-0.1366344,-0.1292388,-2.1523838,0.6929391,-0.23897241,-0.002203198,-0.36248174,-0.052713443,-0.010062579,0.0,-0.00660777,0.04760363,-0.2191911,0.045468125,0.06419332,0.0018782783,-0.1383941,0.011176512,-0.09834612,-0.009375703,0.0,0.08895362168550491
Giridhari Yadav,-0.43576953,-0.064071886,-0.092612535,-0.011925825,-3.2008212,-0.18939593,-0.32549682,-0.014254211,-0.21389659,-0.05672597,-0.034713782,0.0,-0.00096205436,0.042510714,0.0061013508,0.03748284,0.057421584,-0.03455571,0.24839585,-0.0074674566,-0.23449892,-0.01310918,0.0,0.08895362168550491
Giriraj Singh,-0.7900211,-0.03501267,-0.13734773,-0.4044037,4.4184675,0.119899325,-0.095576994,0.006669125,0.10475866,-0.004270138,-0.03656328,0.0,-0.0016269225,-0.15688384,-0.0735609,0.07763388,-0.1656334,0.050478972,0.0032216168,0.10859671,-0.08006346,0.022486899,0.0,0.08895362168550491
Gumma Thanuja Rani,-0.56750745,-0.05269014,-0.15717052,-0.14980671,-0.7118595,-0.4946408,-0.12760215,-0.0044471007,-0.3497879,0.00031104195,-0.02392481,0.0,-0.007466394,0.107632786,0.032731935,0.07230441,0.074258,-0.00841529,-0.07859338,-0.0061289277,-0.12683287,-0.011669397,0.0,0.08895362168550491
Gyaneshwar Patil,-0.14583334,-0.016196536,0.38727316,0.019703886,2.4885256,-0.13110493,-0.08357951,-0.0018211493,-0.1853528,-0.0076065385,-0.016061652,0.0,0.000911993,0.1066969,-0.008435061,0.07554326,0.16831024,0.01336124,-0.074575625,-0.15455204,0.04576751,-0.0072220406,0.0,0.08895362168550491
H.D. KUMARASWAMY,0.87771183,0.007954414,-0.1359586,0.09344021,-3.1324122,-2.5971408,-0.21796013,0.0031886818,0.012514565,-0.04494646,-0.016554315,0.0,-0.002582305,-0.11262492,-0.045196697,-0.009879894,0.07141266,-0.0027028676,0.11452303,0.09657999,-0.18832467,-0.012854981,0.0,0.08895362168550491
HARENDRA SINGH MALIK,-0.72091883,0.020845054,-0.08396904,0.035026137,-3.4654212,0.7343543,-0.2569359,-0.0022276437,-0.05216746,-0.0057572974,-0.00967496,0.0,-0.0064949077,0.0041210507,0.0024859065,0.0053850072,0.040179573,0.0037151547,-0.057262275,0.02442317,0.0649318,0.037878945,0.0,0.08895362168550491
HARIBHAI PATEL,-0.13149267,0.046357937,0.35496962,0.007033483,3.2033331,-0.11101932,-0.053141695,-0.0021992899,0.026946513,-0.012822765,0.119197965,0.0,-0.006135869,0.099448666,0.012644416,-0.08779879,-0.27867606,0.019082176,-0.084053025,-0.33238056,-0.163044,-0.004081192,0.0,0.08895362168550491
Harsh Malhotra,-0.07179881,0.04385646,-0.18063723,-0.41933283,4.193674,-0.1353871,-0.056191612,-0.0088705,-0.21176818,-0.024852796,-0.021608016,0.0,-0.0018404913,-0.1790621,0.03140716,-0.1340785,0.10451375,0.007057302,-0.002348082,0.08692159,0.28801426,0.024036013,0.0,0.08895362168550491
Hasmukh Bhai Soma Bhai Patel,-0.8201968,-0.028919255,-0.12888616,0.044412393,4.4401836,-0.1063029,-0.08963441,0.0013147276,0.054445058,3.5636273e-05,-0.019815978,0.0,-0.0025984084,-0.12736778,-0.0040485854,-0.14205529,0.043358494,0.056913987,-0.05072433,0.06080236,-0.087563485,0.011802282,0.0,0.08895362168550491
IMRAN MASOOD,-0.08097816,-0.018101588,-0.10585727,-0.09739093,4.268474,-0.048920207,-0.15064582,0.0022480418,0.023965415,0.0077752178,-0.013374966,0.0,0.0014867126,-0.21225107,-0.07468306,-0.17600769,0.06603253,-0.02145424,-0.03494954,0.06287777,0.27903426,0.010421268,0.0,0.08895362168550491
IQRA CHOUDHARY,0.1328619,-0.015378495,0.43792725,0.2993492,1.3678643,0.716884,-0.16272049,-0.0037036932,0.00947532,0.007159768,-0.01968048,0.0,-0.00042361568,-0.22889613,0.0136666205,0.07838161,0.108429894,0.016202843,0.045953173,0.21634173,-0.034516674,0.04100144,0.0,0.08895362168550491
ISHA KHAN CHOUDHURY,-0.401768,0.0480324,-0.111466534,-0.08451019,-2.2306397,0.8216726,-0.20326972,0.0026158043,0.16196278,0.0052267457,-0.010885346,0.0,-0.0016269225,-0.12185508,-0.20571342,0.0051782043,0.045374796,-0.053336196,-0.041874345,0.008264818,-0.06339521,-0.009339093,0.0,0.08895362168550491
Indra Hang Subba,-0.58266085,-0.03611767,-0.09121691,-0.3139598,-3.3036127,0.43621647,-0.24762985,-0.007036615,-0.20714575,-0.0030105966,-0.009658578,0.0,-0.0064949077,0.025274413,-0.15480193,0.039449163,0.066385396,-0.01687151,-0.14170082,0.024654873,0.17353928,-0.016202826,0.0,0.08895362168550491
JAGADISH CHANDRA BARMA BASUNIA,0.88070893,-0.08641301,-0.12665063,-0.1461079,-2.252505,-2.4828665,-0.12330953,-0.010864262,0.03144002,-0.04366006,-0.019719016,0.0,0.0026765408,-0.0034398455,-0.011409393,-0.12357954,-0.22418526,-0.003530622,0.09671102,0.06959025,0.15270402,0.027957033,0.0,0.08895362168550491
JAGADISH SHETTAR,0.8669932,0.0025309066,-0.13587174,0.08322827,-2.8375793,-2.7826815,0.41026872,-0.009474942,0.023573047,-0.01468415,0.044853795,0.0,-0.002582305,-0.067334905,0.01257215,-0.04145504,-0.112835616,-0.024904093,-0.13812096,0.022943089,-0.17175175,-0.015076633,0.0,0.08895362168550491
JAI PARKASH,-0.09219257,0.06344276,-0.04715202,0.020947339,3.0271192,-0.40433544,-0.07751075,-0.0018291571,0.033248417,0.00055421225,-0.010687474,0.0,0.00060827547,0.1512801,0.014198542,0.062292486,0.10932064,0.012913042,-0.048907463,-0.06414191,-0.1285967,-0.00582145,0.0,0.08895362168550491
JASHUBHAI BHILUBHAI RATHVA,-0.14002712,0.04675292,-0.08895018,-0.34503865,4.7334557,-0.07319609,-0.098799355,-0.005097094,-0.22065587,-0.021022888,0.0018994778,0.0,-0.00096205436,-0.18816958,-0.09048339,0.11045784,0.07898318,0.051897444,-0.07830267,-0.048773367,-0.093701154,0.0034236086,0.0,0.08895362168550491
JITAN RAM MANJHI,-0.22359248,-0.10628403,-0.21024066,-0.19020434,-0.66215044,-0.39666322,-0.14721757,-0.025604405,-0.3089161,-0.028411457,0.10492596,0.0,-0.00096205436,-0.24395321,0.0052846093,0.07047479,0.027747674,0.019224646,0.025065586,0.17759559,-0.13659349,0.04594019,0.0,0.08895362168550491
JITENDRA KUMAR DOHARE,-0.27550837,0.06753779,-0.111526914,0.031531814,-2.0715287,-0.033980176,-0.24843565,-0.00905756,0.00474993,-0.01958425,0.086314075,0.0,-0.00660777,0.05872151,0.048793506,0.056378875,0.0439868,-0.042490546,-0.057166208,-0.005084893,-0.11280507,-0.017628105,0.0,0.08895362168550491
JITIN PRASADA,-0.5986955,0.061874747,-0.110028856,-0.06920379,2.6039822,0.44485846,-0.101576954,0.0036381593,0.11263779,-0.0032751132,-0.035242606,0.0,-0.0016269225,-0.23784502,-0.0005265585,0.07319159,0.08495307,0.033737417,-0.036281794,0.09222161,-0.065448955,-0.028905129,0.0,0.08895362168550491
JOYANTA BASUMATARY,-0.76020163,-0.04458272,0.47783998,-0.36897293,4.6775675,0.15215822,-0.056747884,0.0014460306,-0.0022743964,0.0138145145,-0.023084776,0.0,0.005279521,-0.08530485,-0.07839827,-0.042954165,-0.16094063,0.04588791,-0.05623625,0.09521971,-0.07187748,7.958588e-06,0.0,0.08895362168550491
JUNE MALIAH,0.9606,-0.03969889,-0.10628981,-0.07986076,-3.0564055,-2.5366378,-0.16709957,0.0019508771,0.10660899,0.0070564398,-0.009937241,0.0,-0.0024858057,-0.09623278,0.0050791707,0.037643757,0.064875044,0.009491073,-0.02745661,0.057455767,-0.061261985,-0.008368021,0.0,0.08895362168550491
JYOTIRADITYA M. SCINDIA,-0.21136521,-0.032035533,-0.10540624,0.038198877,-3.6180317,0.61638814,-0.2837531,-0.0011970236,-0.23753631,0.012307463,-0.009561505,0.0,0.0034319516,0.047764953,0.039032552,0.039258707,-0.0318955,0.004281939,-0.1537045,0.0069610784,-0.07600896,-0.021612518,0.0,0.08895362168550491
Jagannath Sarkar,-0.13538806,0.06881367,-0.10335612,0.1617885,0.189827,0.77015686,-0.12175678,0.007171917,0.036777664,0.01578285,-0.015170277,0.0,0.0034319516,0.106457345,0.044149477,0.07241157,0.13597344,0.016329676,-0.02373521,0.13293402,-0.053060483,0.07233163,0.0,0.08895362168550491
Jagdambika Pal,0.9400387,0.04264737,-0.113636285,0.117568046,-3.0339503,-2.502199,-0.13842039,-2.3118453e-05,0.1026256,-0.009098499,-0.014332096,0.0,-0.0033907208,0.046426374,0.0055807047,-0.10168825,-0.16538893,-0.0037389765,0.010101411,0.01836116,-0.06431913,0.011976417,0.0,0.08895362168550491
Jai Prakash,0.9349478,-0.020471282,-0.041308817,-0.0350608,-3.1613054,-2.4475212,-0.14910051,0.0010009732,0.022817886,0.0073587154,-0.009362369,0.0,-0.0024858057,0.026614849,5.122344e-05,0.0402717,0.057386063,0.014009008,-0.06288666,-0.1039527,-0.066691026,-0.011341374,0.0,0.08895362168550491
Janardan Mishra,0.9030604,-0.02051618,-0.0855723,-0.04932131,-3.0952232,-2.498637,-0.12357777,-0.0008795503,0.11127965,0.0073587154,-0.009082744,0.0,-0.0024858057,0.04487121,0.04112828,0.0042628464,0.05679792,0.011883051,-0.07935566,0.02675813,-0.014169261,-0.01602586,0.0,0.08895362168550491
Jaswantsinh Sumanbhai Bhabhor,-0.39698383,0.030930849,0.078633666,0.043974496,-3.5903642,0.6998251,-0.28646594,0.0038983752,-0.039317273,0.011822943,0.039350644,0.0,0.0061844364,0.03477764,0.009136675,0.03337972,0.063395485,0.0036576968,-0.19176336,-0.2828026,-0.22501436,-0.011843931,0.0,0.08895362168550491
Jitendra Singh,-0.2651129,-0.042075034,-0.0936679,-0.11093417,-2.1970513,-0.31281066,-0.23363382,-0.0046938322,0.01626545,-0.0042402167,-0.026797334,0.0,-0.0030390525,0.06666201,0.003962243,0.03448724,0.06534083,0.0075546056,-0.121892706,-0.11265957,0.2733873,-0.016931783,0.0,0.08895362168550491
Jyotsna Charandas Mahant ,-0.2078897,0.06829489,-0.14279775,-0.016867038,-1.9966829,0.16591117,-0.21077272,0.0052436152,-0.36356685,0.014010465,-0.023716556,0.0,0.0025270365,0.031502474,0.0011504132,-0.25217843,-0.25315437,-0.007322,-0.07822337,-0.18608077,-0.057832137,-0.012431513,0.0,0.08895362168550491
K E PRAKASH,-0.4332091,-0.018579585,0.2807167,-0.31370282,-2.906354,-0.0706862,-0.26149893,0.007436823,-0.03439299,0.016529012,-0.01678016,0.0,0.0061844364,-0.0034079854,0.019255137,0.048080068,0.05347602,-0.0038675019,-0.094333194,0.040197868,-0.07321689,-0.013002342,0.0,0.08895362168550491
K RADHAKRISHNAN,1.1451648,-0.04370647,0.22680959,0.06362591,2.385427,0.6412061,-0.1150225,0.008081446,0.09231265,-0.0047098207,-0.021648386,0.0,-0.0045087365,-0.18086243,0.005140204,0.05782767,0.08325356,0.010655254,-0.041641794,-0.21526721,-0.04994599,0.008296808,0.0,0.08895362168550491
K Subbarayan,-0.09154813,-0.031849675,-0.09333809,0.01612266,4.192221,0.23483372,0.3813365,-0.0010241575,-0.006570281,-0.014818705,-0.020086495,0.0,-0.0064949077,0.076837435,0.0023740137,0.06508564,0.101564676,0.029635932,-0.10625546,0.061288934,-0.06446284,-0.0043736594,0.0,0.08895362168550491
K. C VENUGOPAL,-0.4001547,-0.026365757,-0.049167596,0.02580806,4.531915,0.1664499,-0.16066977,-0.0018045626,0.0012023402,0.0037373945,-0.017662337,0.0,0.0024581985,-0.12930214,-0.008667692,0.062508,0.061012316,0.05326276,-0.082857676,-0.106919274,0.12792976,-0.0056699077,0.0,0.08895362168550491
K. RAJASHEKAR BASAVARAJ HITNAL,-0.18324952,-0.024438567,0.08772717,-0.063247755,-0.5600314,-0.2811526,-0.13385928,-0.0043923147,0.022971228,0.0076485355,-0.04067239,0.0,-0.0013285308,0.104746826,0.010308929,-0.2972043,-0.27380624,0.0038555928,-0.17501949,-0.34395266,-0.14702506,-0.019402977,0.0,0.08895362168550491
KADIYAM KAVYA,-0.28791788,-0.024210963,-0.066645384,0.020837434,-3.6418839,-1.2030947,-0.24598743,0.002054715,0.11767035,0.007618325,-0.017504804,0.0,-0.0024858057,0.05450067,0.009046448,0.037209004,0.052701406,0.002307887,-0.121427305,0.023498805,-0.18192066,-0.012785986,0.0,0.08895362168550491
KALI CHARAN MUNDA,-0.44199917,0.013490902,-0.16668184,0.060303524,-3.1273565,-1.7769201,0.59673053,-0.0037501848,-0.024774112,-0.012570998,-0.015225101,0.0,-0.007353791,0.032846257,-0.0015706507,-0.028439667,-0.028724926,0.0068678535,0.111541644,0.13029838,0.12285837,0.058233768,0.0,0.08895362168550491
KALI CHARAN SINGH,-0.08016701,0.059077267,-0.12313502,-0.027931646,4.2419496,-0.015390414,-0.16303799,0.0086278375,0.026087325,0.009514524,-0.000704783,0.0,0.0034319516,-0.17928013,-0.0011703204,0.10262362,0.06770972,0.05456734,0.010089429,0.10394377,0.035448708,0.023380227,0.0,0.08895362168550491
KALIPADA SAREN,-0.040208742,-0.042092256,-0.121298656,-0.0038846973,-3.431639,-1.619139,0.4774116,-0.0048809326,-0.023864781,0.008926323,-0.011740676,0.0,0.0015993153,0.04512815,0.01047459,0.032399703,-0.2869568,-0.0029277012,-0.155894,0.022935214,-0.021193242,-0.012079358,0.0,0.08895362168550491
KALYAN VAIJINATHRAO KALE,-0.7062883,0.03174495,-0.10220212,0.07557629,-3.1327155,0.88312995,-0.26853573,-0.007443038,0.031647414,0.006445052,-0.009453147,0.0,0.0014923324,-0.082697615,0.0053344844,0.0089006,0.049590122,0.0031901333,-0.12295133,0.013520003,-0.07098589,-0.0075325062,0.0,0.08895362168550491
KAMLESH JANGDE,-0.27050054,-0.058323562,-0.18113403,-0.15505464,0.17612356,-0.46653533,-0.09075237,-0.009020868,-0.37420428,-0.04234952,-0.025107881,0.0,-0.0018404913,0.12433602,0.0060356325,0.030110754,0.10635188,-0.06495789,-0.09432824,-0.11717146,-0.14614873,-0.01878458,0.0,0.08895362168550491
KANWAR SINGH TANWAR,-0.36183503,-0.04181919,-0.12567127,0.04873376,-3.5325549,0.18778478,-0.32444295,-0.0070632547,-0.033549003,-0.047015388,-0.018739263,0.0,-0.00660777,0.03897367,0.044968706,0.03848921,0.036723226,-0.0006932714,0.22119208,0.2050482,0.21394065,0.06387359,0.0,0.08895362168550491
KARAN BHUSHAN SINGH,-0.53017247,-0.048197858,-0.057394918,-0.017006205,-3.4025955,-1.1096736,-0.3217566,0.006714718,-0.02399468,0.0053551444,-0.015598321,0.0,0.0025730685,0.040801734,0.0047090854,0.020282961,0.06418195,-0.015338434,-0.005120487,-0.14926675,-0.06337458,-0.014343095,0.0,0.08895362168550491
KARTICK CHANDRA PAUL,-0.1775178,0.054613836,-0.29472297,-0.17140572,0.60761267,-0.6147788,-0.13054128,-0.0054522473,-0.33445805,-0.01505148,0.12294004,0.0,-0.0005910229,-0.20312133,0.014829115,-0.20627525,-0.3489966,0.0040923334,0.16253419,0.13543993,-0.24327704,-0.008187705,0.0,0.08895362168550491
KISHORI LAL,-0.9386094,-0.029245518,-0.1258006,-0.1257979,-0.43350756,0.9340551,-0.14989789,-0.0009564637,-0.007798546,-0.004646111,-0.014973857,0.0,-0.0064949077,-0.23119633,0.009158925,0.06027748,0.065644965,-0.023599738,-0.036836576,0.013854339,-0.13471839,-0.008579371,0.0,0.08895362168550491
KONDA VISHWESHWAR REDDY,-0.48445684,0.08066881,0.23369987,0.093342364,-2.9409058,-0.25174183,-0.22757581,-0.00016224012,0.13074055,-0.010346444,-0.03498703,0.0,-0.0056952247,0.039528955,0.007528243,-0.19218951,-0.15801592,-0.00040585035,-0.17695433,-0.30826744,-0.07468853,-0.01085595,0.0,0.08895362168550491
KOTA SRINIVAS POOJARY,-0.08002254,0.026290739,-0.055462204,-0.07302916,3.9511366,0.44080633,0.37454894,0.002186263,0.12770854,-0.0030748062,-0.038764663,0.0,-0.0016269225,0.08943314,0.028243454,0.078943074,0.0996164,0.039119802,-0.07190082,-0.06650445,-0.18164533,-0.00472428,0.0,0.08895362168550491
KRISHNA DEVI SHIVSHANKER PATEL,-0.4160871,0.052018367,-0.0972074,0.03159317,-2.911017,-0.03115832,-0.2894345,0.0027219662,-0.035343695,-0.018987047,0.06805055,0.0,-0.00660777,0.014007046,-0.00042789767,0.02330638,0.033174343,0.0035434307,-0.05457624,0.0011116307,0.18040478,-0.012442377,0.0,0.08895362168550491
KRITI DEVI DEBBARMAN,0.9123035,-0.02473535,-0.12462941,-0.096001014,-3.0450222,-2.622499,-0.1878749,-0.00079420785,0.10105734,0.0068958933,-0.009082744,0.0,-0.0024858057,-0.14301425,-0.006931298,-0.029890683,-0.040253486,0.012042246,0.0988893,0.09063164,0.17685375,0.03812757,0.0,0.08895362168550491
KULDEEP INDORA,0.87346625,0.065094836,-0.05937873,0.12329508,-2.1027834,-2.6032286,0.3009275,0.00025581458,0.1133122,-0.0075945007,-0.013365997,0.0,-0.0024858057,-0.072595716,0.01202067,0.014288763,-0.20092173,-0.018106712,-0.27153793,-0.15753917,-0.021467334,-0.004900147,0.0,0.08895362168550491
KUNDURU RAGHUVEER,1.1507514,-0.036455903,-0.10996688,0.03440536,3.5538883,0.0737548,0.35821593,0.0026641446,0.009370997,0.0061171576,-0.022029852,0.0,0.0014867126,-0.12848614,-0.08559096,-0.17720468,-0.06195657,-0.19961107,0.14266784,0.08106279,-0.074046426,-0.0046329736,0.0,0.08895362168550491
Kakoli Ghosh Dastidar ,-0.12664406,-0.031337284,-0.14704876,-0.03011947,3.0782926,-0.19850722,-0.07403011,0.007399134,-0.23646891,0.004460572,-0.027409337,0.0,0.00060827547,0.09074769,0.037936978,-0.14352147,0.1512186,0.02639925,-0.07351867,0.05306896,-0.14077428,0.0009083174,0.0,0.08895362168550491
Kalanidhi Veeraswamy,0.08181358,-0.028698329,-0.12687364,-0.0464863,3.0467403,-0.19383594,-0.098485954,0.0066865347,-0.117770255,0.0076900506,-0.024174754,0.0,0.0015820288,-0.23462366,-0.016186513,0.06270321,0.09716046,-0.028227204,-0.029069088,0.08394461,-0.08059093,-0.027564732,0.0,0.08895362168550491
Kalyan Banerjee,-0.17297322,-0.027610047,0.11085903,-0.16007663,-0.63549215,-0.4460588,-0.12989905,-0.0036666952,0.026267013,-0.00027039333,-0.037441112,0.0,-0.01056321,0.10952641,0.018712858,-0.2982336,0.087526456,-0.0024332392,-0.11253475,-0.251142,-0.14895834,-0.01881998,0.0,0.08895362168550491
Kamaljeet Sehrawat,-0.62291515,0.089486405,-0.1778332,0.018697284,-0.95933473,-0.3808938,-0.11644711,-0.003393314,-0.32489377,0.010812217,-0.030988885,0.0,0.0012717104,-0.19083193,-0.0030812458,-0.23763607,-0.18857338,-0.009194615,0.23177423,0.20930927,0.22472359,0.052718226,0.0,0.08895362168550491
Kangana Ranaut,-0.41859266,0.03364171,0.0669985,0.06315534,-3.6751175,0.40241104,-0.25998703,-0.0065505616,-0.10621273,-0.015624483,-0.023503376,0.0,-0.010281637,0.0024170717,0.010405123,-0.17003861,0.04755397,0.0042982483,-0.05736393,-0.29331878,-0.055846717,-0.00940357,0.0,0.08895362168550491
Kani K Navas,-0.11685954,-0.02749343,-0.24338424,-0.5239177,2.0362728,-0.36099738,-0.14798734,-0.0015373639,-0.096153945,0.00032944637,-0.034896407,0.0,0.00060827547,0.09658615,0.010053368,0.053022947,0.1143837,0.020924352,-0.08618623,0.04609061,-0.276387,-0.013742473,0.0,0.08895362168550491
Kanimozhi Karunanidhi,0.9745495,-0.030784365,-0.10418027,-0.082027465,-3.2565496,-2.4875772,-0.1647291,-0.0029688934,0.0023813325,0.0069756936,-0.009459249,0.0,-0.00027146595,0.030292753,0.04088086,-0.13418502,0.055913147,-0.0042423024,-0.0468824,0.044045884,-0.060993154,-0.013391345,0.0,0.08895362168550491
Kaushalendra Kumar,-0.4401572,0.09416633,0.29347786,-0.059674226,-2.7657585,0.17836392,-0.34172857,-0.0014609179,-0.026850024,-0.036772348,-0.021460297,0.0,0.0014035606,-0.11273374,-0.20013425,-0.18063234,-0.13442367,0.0019710227,0.08783563,0.25295007,-0.07945504,0.042043593,0.0,0.08895362168550491
Khagen Murmu,1.1227918,-0.02532171,-0.18271916,0.086236574,1.5389622,0.8104698,0.33035937,0.0023488991,0.10804042,-0.003417089,-0.029526656,0.0,-0.0016269225,-0.22861347,0.008025999,-0.14383402,0.09186761,-0.11637038,0.12981172,0.12094216,-0.028657734,0.004937346,0.0,0.08895362168550491
Khalilur Rahaman ,-0.6495135,-0.036588956,-0.12076649,-0.11209294,-2.5131342,0.73429394,-0.30390978,-0.004402856,-0.20948473,-0.049544275,-0.012538201,0.0,-0.00660777,-0.12502153,-0.18368645,-0.019676467,-0.019013518,-0.013160121,0.021337371,0.08852494,-0.014407164,0.000112826325,0.0,0.08895362168550491
Kinjarapu Ram Mohan Naidu,-0.39717007,0.045079954,-0.062963486,0.06660859,-3.5844407,0.78179646,-0.2486614,-0.0030158556,-0.045938585,-0.015358712,-0.019685041,0.0,-0.0064949077,0.015382638,0.010818133,0.020071605,-0.18649429,-0.00027637178,-0.1374767,0.0019514901,-0.08250451,-0.005732459,0.0,0.08895362168550491
Kiren Rijiju,-0.42559984,-0.02598347,0.2752297,0.011029866,-2.844809,-0.09761317,-0.20866726,-0.00012628268,-0.037958007,-0.0047182,-0.0274812,0.0,-0.009376721,-0.15830797,-0.0068089166,0.06265097,0.10705361,-0.049989715,-0.22446053,0.079095505,0.103361785,-0.008520057,0.0,0.08895362168550491
Kirti Vardhan Singh,-0.5323778,-0.039891977,-0.14283073,0.023557752,4.619128,-0.049927942,-0.06946996,0.008978012,0.056305733,0.0093176495,-0.018170895,0.0,0.0024660856,0.051550273,-0.004995413,0.06925728,-0.19792639,0.024504993,-0.05355776,0.0751877,-0.09725425,-0.03899068,0.0,0.08895362168550491
Krishan Pal Gurjar,0.9761203,-0.034366023,-0.10806346,-0.08835222,-3.0561721,-2.530615,-0.1581,0.0011626653,0.10634548,0.004727011,-0.009720791,0.0,-0.0024858057,-0.112663314,0.007381525,0.040133353,-0.0400531,0.0015186807,-0.026765287,0.035504285,-0.06322661,-0.006007152,0.0,0.08895362168550491
Krishna Prasad Tenneti,2.0951502,0.07207366,-0.0992622,0.14346936,-1.7360203,1.251426,-0.17138974,0.006260791,0.16537707,0.0019861222,-0.011131536,0.0,-0.0016269225,0.05277548,0.010785203,0.03547527,-0.067709066,-0.021199316,-0.01657884,0.087052815,-0.05752052,-0.005681483,0.0,0.08895362168550491
LALJI VERMA,-0.38061836,0.019916667,-0.046468794,0.047639288,-3.7312722,0.57343906,-0.2356833,-0.009445062,-0.040572267,0.007565738,-0.01983581,0.0,0.0024581985,0.030207425,-9.4731455e-05,0.014200687,0.04942307,0.007869028,-0.15946147,-0.16311426,0.20404227,-0.018164039,0.0,0.08895362168550491
LAXMIKANT PAPPU NISHAD,0.8599243,-0.02960002,-0.12537327,0.10209711,-2.834041,-2.8232508,0.5334744,-0.012938882,0.060813766,-0.027857976,-0.015226067,0.0,0.0026765408,-0.09162857,0.02599258,-0.09425861,0.05206196,-0.010064559,0.11833739,0.056388278,0.112840556,-0.0033309802,0.0,0.08895362168550491
LOVELY ANAND,-0.2687851,-0.031180685,-0.12579954,0.092672676,-3.2425342,-1.6213818,-0.2375194,0.0065351697,-0.02525913,0.0114119975,-0.013199917,0.0,0.0025730685,-0.11658839,-0.18531461,-0.03391147,-0.04810243,-0.00015303446,0.1664348,0.1002641,-0.06699494,0.03870078,0.0,0.08895362168550491
LUMBARAM,-0.10912883,0.103765845,-0.08905981,0.11686918,-0.28720438,0.078385875,-0.03911932,0.0024227395,0.02752811,0.020867426,-0.025274785,0.0,0.0034319516,0.107436344,0.009794531,0.105093814,-0.21782264,0.0066331318,0.07160274,-0.14086156,0.23619974,-0.016950013,0.0,0.08895362168550491
Lavu Sri Krishna Devarayalu,0.89134955,-0.04338892,-0.11795718,0.07659654,-3.195164,-2.5446603,-0.19529442,0.0020086598,0.106725626,0.0017392712,-0.010968778,0.0,-0.0033907208,0.024210298,0.041127656,-0.09343506,0.11399351,-0.02762403,0.08964092,0.058083214,-0.06989968,0.04131793,0.0,0.08895362168550491
M. MALLESH BABU,0.85426635,-0.023565892,-0.10174246,0.07958504,-3.020467,-2.7096186,0.43393925,-0.0029810676,0.07112327,0.00317097,-0.008891795,0.0,-0.0024858057,-0.08448176,0.013069859,0.021325031,-0.0076868283,0.00022583094,-0.201278,-0.027511632,-0.035393614,-0.008117871,0.0,0.08895362168550491
M.K. VISHNUPRASAD,-0.38378045,-0.04303464,0.4025844,-0.0173167,-3.0268,-0.23169532,-0.28485462,-0.005456317,-0.022324737,0.0043855645,-0.03692337,0.0,-0.0013951017,0.0641125,0.009898494,0.02220205,-0.21089394,-0.0047852416,-0.20333628,0.085860044,-0.12765282,-0.0111338245,0.0,0.08895362168550491
MADHAVANENI RAGHUNANDAN RAO,0.13186365,0.009378183,-0.100209355,-0.011425216,1.4736142,-0.10957452,0.42412388,0.001788713,0.0107788285,0.0046548545,-0.022310179,0.0,-0.007681396,0.09539285,0.047638122,0.08014148,0.14781688,0.032566603,-0.10163112,0.075549796,-0.1744123,-0.015154517,0.0,0.08895362168550491
MAHESH KASHYAP,-0.5184246,-0.06560265,-0.19554044,-0.11624167,-1.8362122,0.62933743,0.66667014,0.0026923579,-0.19164078,0.014998026,-0.02105979,0.0,0.0025270365,0.05292468,0.0113392295,-0.030789942,-0.30552837,0.0046875365,-0.24677715,0.00029498397,-0.048708033,-0.011848679,0.0,0.08895362168550491
MAHIMA KUMARI MEWAR,-0.30726793,-0.06110458,-0.04669245,-0.10445908,-3.2340777,-1.3999012,-0.15762672,-0.00056452793,-0.03359714,-0.008885577,-0.01283788,0.0,-0.008258706,-0.13336113,0.00906058,-0.18100186,-0.24358751,-0.005041421,-0.1321522,-0.13932525,-0.064458355,-0.007987634,0.0,0.08895362168550491
MALAIYARASAN D,-0.13332503,-0.039606888,-0.10027014,-0.4539643,3.0882385,-0.21919349,-0.05661349,-0.006033702,-0.22588225,-0.011620065,-0.0077490006,0.0,-0.0018404913,0.14821726,-0.012733976,0.07401578,0.16740116,-0.0370193,-0.048005443,0.019022679,0.2795231,0.06457421,0.0,0.08895362168550491
MALVIKA DEVI,-0.42744172,0.032131504,-0.17004052,0.04088554,-3.534262,0.6048279,-0.23676668,0.0012041422,-0.1975632,0.012866851,-0.017628014,0.0,0.0034319516,-0.0039894525,-0.21035172,0.034199476,0.03700791,0.0052891383,-0.13829127,-0.007281732,-0.05987486,-0.007749468,0.0,0.08895362168550491
MALVINDER SINGH KANG,-0.40426776,0.041982774,-0.09323622,-0.010075681,-3.5188355,-0.13746548,-0.22086622,-0.008394179,-0.01978239,0.008818978,-0.03152508,0.0,0.0012717104,0.035394404,-0.18126482,-0.19766939,-0.20670791,-0.0108078895,-0.0077033825,-0.15857436,0.26433784,-0.014951576,0.0,0.08895362168550491
MANI. A.,-0.3901845,-0.031095011,-0.122205764,-0.33429232,-2.6960986,-0.30372974,-0.25693047,0.002167669,0.14850476,0.008908229,-0.026251698,0.0,-0.0025984084,-0.1167069,0.009418702,0.06612684,-0.043107416,-0.014027463,-0.05199641,0.02918614,-0.12405763,-0.008192863,0.0,0.08895362168550491
MANISH TEWARI,-0.64198875,-0.04656639,-0.16624375,-0.08166923,2.6404579,-0.18004614,-0.19863527,-0.0030504428,-0.0100056715,0.0029708755,-0.02522644,0.0,0.0014867126,-0.25191614,-0.0014925443,0.038400095,-0.20977336,0.030987388,-0.1451505,-0.29685834,-0.10540805,0.0012712757,0.0,0.08895362168550491
MANJU SHARMA,0.97796035,-0.029275082,-0.07843881,0.059023928,-3.2863503,-2.5138407,-0.15771678,0.0028226501,-0.040342804,-0.0057087177,-0.01128747,0.0,-0.007353791,0.011128738,0.009326935,0.02770573,0.051479973,-0.0054773465,-0.040678717,0.03144572,-0.07332723,-0.008305814,0.0,0.08895362168550491
MANNA LAL RAWAT,-0.6497099,-0.058131978,-0.026730653,-0.12500069,-0.3963322,0.837396,0.26480326,0.00426203,0.0057117837,-0.010616503,-0.021115653,0.0,-0.007399823,0.09566768,0.02860346,-0.27585405,-0.37190336,0.0039812126,-0.10853775,-0.17147756,0.12889896,-0.016549809,0.0,0.08895362168550491
MANOHAR LAL,0.8788031,0.018249389,-0.12614137,0.114055015,-2.868754,-2.7753477,0.5186605,-0.0037097812,0.07351805,-0.019623471,-0.012685032,0.0,0.0026765408,-0.10030354,0.011649817,-0.09589036,0.021017566,-0.01193283,0.065834716,0.03826736,-0.008293724,0.009256885,0.0,0.08895362168550491
MANOJ KUMAR,-0.19961162,-0.045927238,-0.17344382,0.08894939,-2.0055451,0.13166828,-0.2953329,-0.0071143964,0.0059613516,-0.02844375,-0.031436842,0.0,-0.00660777,0.0345953,0.01888122,0.054022837,0.083906226,-0.052774865,-0.026382176,0.16973945,-0.10531023,0.011922307,0.0,0.08895362168550491
MANOJ TIGGA,0.93956983,-0.056459583,-0.084989294,-0.14447007,-2.9139736,-2.5719051,-0.14843795,0.0017296647,0.10559351,0.00048522494,-0.012344322,0.0,-0.0033907208,0.009536818,0.004649136,-0.1227313,-0.21027441,-0.012472606,0.11725946,0.06685828,-0.0007469961,0.026938738,0.0,0.08895362168550491
MIAN ALTAF AHMAD,2.117576,0.07919449,-0.084173195,0.15374672,-1.7141604,1.2576858,-0.15835692,0.005780709,0.14196923,-0.006297649,-0.013851947,0.0,-0.0016269225,0.055632412,0.008697268,0.050260592,-0.15513954,0.0029851561,-0.0501169,0.04722988,-0.053032197,-0.006608914,0.0,0.08895362168550491
MOHIBBULLAH,-0.12155455,0.0742048,-0.087477505,-0.06971562,2.3385324,-0.07308641,-0.09177755,-0.008387376,-0.2589773,-0.009329151,0.11572871,0.0,-0.00096205436,0.15404728,-0.006126792,0.07109092,0.107176065,0.0054762824,0.1730089,0.10751252,0.28609934,0.09236413,0.0,0.08895362168550491
MOHITE PATIL DHAIRYASHEEL RAJSINH,0.09638844,0.09654271,-0.07452383,0.3174675,1.1365335,0.5974785,-0.089614086,-0.0056294594,0.03612926,-0.012878694,0.10179718,0.0,-0.0013489239,-0.19718385,0.01135274,-0.15659145,-0.30365223,-0.011257955,0.200825,0.16304156,-0.03538286,0.04238829,0.0,0.08895362168550491
MUHAMMED HAMDULLAH SAYEED,0.85628986,0.012239703,-0.0681279,0.07224024,-2.9307714,-2.7964463,0.34374332,-0.0019478101,0.08329487,0.004161645,-0.00878612,0.0,-0.0024858057,-0.10593884,-0.21261159,-0.043440714,-0.022365425,-0.0033025523,-0.16439354,-0.12965806,0.15348455,-0.0077884383,0.0,0.08895362168550491
MUKESHKUMAR CHANDRAKAANT DALAL,-0.4376021,0.022186035,-0.11955321,0.05700845,-3.3226392,-0.24974771,-0.2638186,-0.0015723701,-0.1983328,-0.049491458,-0.031845566,0.0,-0.00096205436,-0.09075667,-0.018149681,0.018003868,0.042125992,0.005219331,-0.16394518,-0.14981455,-0.12708552,-0.010326198,0.0,0.08895362168550491
MURARI LAL MEENA,-0.89896107,-0.0011957535,-0.15509595,-0.3839966,2.170205,0.40064636,-0.10375522,0.0028899994,-0.005152272,0.010068752,-0.016814781,0.0,0.0034319516,-0.30663633,-0.0018120965,-0.23744076,-0.13521159,-0.12842889,-0.21386749,-0.2878122,-0.19927451,-0.005515904,0.0,0.08895362168550491
MURASOLI S,-0.18733653,-0.048277248,-0.08914656,-0.11333181,-3.0174072,-0.07346623,-0.25388592,-0.004943071,-0.03007854,-0.009363417,-0.018935654,0.0,-0.0064949077,0.058637727,0.007502882,0.043972258,0.0696296,0.002030712,-0.16736555,0.0069785216,-0.08492904,-0.007328322,0.0,0.08895362168550491
MURLIDHAR MOHOL,1.2352132,-0.016308708,-0.15219024,0.021430919,3.6216154,0.083799206,0.40714544,0.00047178523,-0.1418095,0.0033601513,-0.019781053,0.0,0.0014867126,-0.16999653,-0.090711504,-0.17414565,-0.009870519,-0.14516799,0.0071107987,0.08955132,-0.06889244,0.013991968,0.0,0.08895362168550491
Maddila Gurumoorthy,-0.12835218,0.046707753,0.34397325,-0.34300387,4.315715,-0.36000586,-0.08035708,-0.002317769,-0.05738605,0.0032201142,-0.005372002,0.0,-0.0022735386,0.056599464,0.010655751,0.102004156,0.12420251,0.038438927,-0.058669113,-0.11069364,-0.10339622,-0.007937651,0.0,0.08895362168550491
Magunta Sreenivasulu Reddy,0.9063315,0.0051481687,-0.11038187,0.093954414,-3.030388,-2.5649068,-0.21563157,0.0027318767,0.10237662,0.0039008656,-0.01111809,0.0,-0.0024858057,-0.0970396,0.006183708,0.029360238,-0.024778653,-0.021545857,0.029004483,0.0793697,-0.06125004,-0.0059471545,0.0,0.08895362168550491
Mahendra Singh Solanky,1.1816344,-0.03072934,-0.14748053,0.19058558,1.6969317,0.73665565,-0.053825047,0.005586163,0.082114056,0.00909563,-0.0053313933,0.0,0.0015611704,0.06588459,0.017734602,-0.10744806,-0.3149475,0.0067111864,-0.042911917,0.057613086,0.15857123,-0.018642725,0.0,0.08895362168550491
Mahesh Sharma,-0.40100273,0.033018753,-0.091031134,0.047271844,-3.6657248,0.48537552,-0.25892964,0.0035593219,-0.028908677,0.0127971005,-0.022135878,0.0,0.0034319516,0.004490879,0.009889514,0.03773262,0.040939167,0.0052495166,-0.05625075,0.007478987,-0.06805139,-0.010475761,0.0,0.08895362168550491
Mala Rajya Laxmi Shah ,-0.09330086,-0.030126585,-0.046794206,0.012747325,2.423602,-0.19142498,-0.10996275,-0.0024296446,0.025286611,-0.009588716,-0.020015035,0.0,-0.00096205436,0.12863651,0.015917707,0.08781587,0.12460381,0.02390233,-0.03597095,-0.10260564,-0.13006353,-0.014545944,0.0,0.08895362168550491
Mala Roy ,-0.44106808,-0.018764306,-0.07204698,0.0494957,-3.5751095,-1.3614569,-0.18419592,-0.00028553256,-0.032886937,-0.0045446875,-0.015181171,0.0,-0.007353791,0.026212895,0.009236937,0.038038567,0.047046807,0.0021535687,-0.11035851,0.016607074,-0.063567795,-0.003139585,0.0,0.08895362168550491
Manickam Tagore B,-0.41700402,-0.0714127,-0.10639289,-0.3338405,-3.4361584,0.4627012,-0.25776377,-0.00526516,-0.02996018,0.012249506,-0.019282388,0.0,0.0025270365,0.04702105,0.004870277,-0.18578301,-0.23692225,-0.04277692,-0.14745702,0.013212996,-0.2152076,-0.013035837,0.0,0.08895362168550491
Manoj Tiwari,0.8261042,-0.035558775,-0.14567503,0.08200763,-2.8349288,-2.905054,0.50778174,-0.0023819553,0.06498111,0.004631165,-0.008561406,0.0,-0.0024858057,-0.11673684,-0.20927705,-0.029124249,-0.043904927,-0.011380833,0.18071383,0.082158364,0.12995932,0.025340294,0.0,0.08895362168550491
Mansukhbhai Dhanjibhai Vasava,-0.46436384,0.075284846,-0.113041766,0.083070874,-3.381445,0.41883036,-0.21964407,6.0462684e-05,-0.032021683,0.0135649005,-0.012688874,0.0,0.0025270365,0.031447586,0.011554377,-0.19592106,-0.18016943,-0.008801509,-0.12781072,-0.13494422,-0.22762789,-0.011078978,0.0,0.08895362168550491
Midhun Reddy,-0.28250757,-0.046655744,0.19236965,0.032425996,-0.7443701,-0.49813586,-0.12709178,-0.002772482,0.029020008,-0.009741766,-0.03989322,0.0,-0.006135869,0.106372885,-0.2166495,-0.26500088,-0.269755,-0.0026866805,-0.12050358,-0.29916072,-0.1373562,-0.018012077,0.0,0.08895362168550491
Mitesh Rameshbhai Bakabhai Patel,-0.46712616,0.058210194,-0.08278545,0.014566049,-3.018475,0.078692965,-0.24609686,-0.00660297,-0.013809481,0.0077784862,0.057705913,0.0,0.0025270365,0.033601504,0.020694157,-0.046693586,0.074790224,0.005591985,-0.13462687,-0.14510767,-0.10146398,-0.014963727,0.0,0.08895362168550491
Mr Gopal Jee Thakur,-0.38212097,0.027111901,-0.14050917,0.06725712,-3.3374586,-0.23397017,-0.3339744,-0.010709101,-0.02365022,-0.033369444,0.08045756,0.0,-0.0018404913,-0.10134244,0.009577693,0.007046341,-0.08639137,-0.0134204235,0.25595912,-0.008831354,-0.26596335,-0.018918434,0.0,0.08895362168550491
Ms Mahua Moitra,-0.2691546,0.01950479,-0.1350809,-0.057610113,-3.2183478,-1.635128,0.4451709,0.0015633521,0.09205066,0.006627538,-0.012367303,0.0,-0.0024858057,0.04784854,0.0072735087,0.024794519,0.07291087,4.6669913e-05,-0.21463758,0.02574667,-0.03939441,-0.01503182,0.0,0.08895362168550491
Ms. Dola Sen (2023-29),0.90154684,-0.02736314,-0.11379848,0.07226857,-3.0787446,-2.51952,-0.19533587,-0.0020983783,0.10932706,0.005928018,-0.01133454,0.0,-0.0024858057,-0.099521935,0.038090985,-0.026915362,0.11251071,-0.019067628,0.036615703,0.014807963,-0.07248218,-0.0017569534,0.0,0.08895362168550491
Mukesh Rajput,-0.15256065,0.07559256,-0.06879586,-0.026175676,0.54168105,-0.3706761,-0.10418096,-0.00050779706,0.03517237,-0.021353474,0.15174584,0.0,-0.0018404913,0.14179388,0.053514954,0.03726008,0.18307556,-0.0402625,0.21312188,0.07780428,0.29231223,0.095933855,0.0,0.08895362168550491
NABA CHARAN MAJHI,-0.5422337,0.09954434,0.5495992,0.08989171,1.526297,0.4700659,-0.07869999,0.0044688787,-0.00129884,0.020577362,-0.0020526855,0.0,0.005279521,-0.18655461,0.0084353415,-0.13328421,-0.24557811,0.0406653,-0.059248473,0.12370067,-0.021527532,-0.004899489,0.0,0.08895362168550491
NALIN SOREN,-0.19410951,0.08202468,-0.17688772,0.037380405,-2.0336585,0.016877217,-0.18487754,-0.008332537,0.014097932,-0.024138214,0.10906457,0.0,-0.00660777,0.070725806,0.00630801,0.05604932,-0.0073462143,0.0038098407,-0.05583545,0.19388446,0.09418216,0.06810839,0.0,0.08895362168550491
NARAYAN DAS AHIRWAR,-0.6616292,0.017727429,-0.14612067,0.07035826,-3.3071785,0.75153625,-0.3511933,0.049722135,-0.2138387,-0.0184708,0.033301406,0.0,-0.00660777,0.033531394,0.040686924,0.045972154,0.11406814,0.0021705027,0.06288524,0.13479953,-0.035507437,0.05269092,0.0,0.08895362168550491
NARAYAN TATU RANE,-0.60881066,-0.021029366,-0.18293105,-0.21790129,1.238767,-0.21637988,-0.10557256,-3.6380545e-05,0.096401185,0.0015327762,-0.026771111,0.0,-0.0025318377,-0.24151628,0.0016863687,-0.16132218,0.12594,-0.04927768,-0.05532689,0.069590196,-0.11106433,-0.010274858,0.0,0.08895362168550491
NARESH CHANDRA UTTAM PATEL,1.0066739,-0.05407627,-0.106744155,0.12512456,-3.061368,-2.528665,-0.10443755,-0.0034165008,0.028636128,0.00044870836,-0.01242231,0.0,-0.0033907208,0.050868765,0.0077616964,-0.11245801,-0.19545676,0.00544753,-0.03280922,0.051187254,-0.032828543,-0.0065837447,0.0,0.08895362168550491
NAVEEN JINDAL,-0.24358124,0.06936627,-0.1301914,0.019213725,-2.0720365,0.51510745,-0.2201418,0.0008009311,-0.38705269,-0.017738258,-0.026227009,0.0,-0.007399823,0.053900227,0.01340295,-0.21693864,-0.23400038,0.0038496496,-0.11870884,-0.13521662,-0.22896443,-0.013507404,0.0,0.08895362168550491
NEERAJ MAURYA,-0.39229524,-0.01961435,-0.12327272,-0.092066325,-3.1016102,-1.4513276,-0.24072756,0.005808159,-0.1317534,0.0062996494,-0.008937824,0.0,0.0025730685,0.037815392,0.016057981,-0.025461914,-0.0043637934,-0.006863179,0.16102825,0.10200523,0.0646099,0.065811194,0.0,0.08895362168550491
NILESH DNYANDEV LANKE,0.88962716,-0.029706378,-0.122190535,-0.088896655,-2.9395955,-2.7794902,0.48282513,-0.0030855702,0.018006505,0.0062296893,-0.009165543,0.0,0.00063344924,-0.12526461,0.012055044,-0.00091674767,-0.06556403,0.001389565,-0.13198546,0.068584196,-0.03498379,-0.014806577,0.0,0.08895362168550491
NIMUBEN JAYANTIBHAI BAMBHANIYA,-0.5732445,-0.05191386,0.36013556,-0.10661736,-2.086035,-0.060121633,-0.3151646,-0.004499115,-0.024154525,0.0049427366,-0.0245755,0.0,-0.00042361568,0.05242551,0.03941318,0.0042461054,-0.033347577,-0.0013312656,-0.05672542,0.09886113,-0.08694551,-0.003500455,0.0,0.08895362168550491
Nitin Jairam Gadkari,-0.7013486,-0.027985439,-0.081605166,-0.06813342,-3.1023803,0.91717124,-0.2679475,0.0036555158,0.13538611,0.0039695976,-0.009038214,0.0,-0.0025318377,0.005986088,0.0018667426,-0.16373776,0.06299762,-0.0012678248,-0.069626756,0.0128024155,-0.06111443,-0.0076098386,0.0,0.08895362168550491
Nityanand Rai,-0.034403503,-0.0009946818,-0.106961556,-0.082745075,-3.381379,-1.5755415,-0.18058132,0.0013164016,0.104103394,0.007382459,-0.008265799,0.0,-0.0024858057,-0.13779902,-0.17417525,-0.033900846,-0.04150483,-0.012958942,0.043376096,0.08447338,-0.022865154,-0.0016347038,0.0,0.08895362168550491
Om Birla,1.1765635,-0.019962054,-0.0817621,0.11584077,4.0093865,0.17338775,-0.17130534,0.0031751052,0.06429843,-0.0022187608,-0.018941408,0.0,-0.0016269225,0.07126399,0.017136503,0.08116096,0.06167116,0.03077078,-0.038565837,-0.056902003,-0.08236721,-0.0068969717,0.0,0.08895362168550491
Omprakash Bhupalsinh Alias Pawan Rajenimbalkar,-0.44774213,0.011285906,-0.09715911,0.06184268,-3.470276,-1.3711485,-0.18233915,-0.0017146925,0.018335003,0.0073299534,-0.016233418,0.0,0.0016072025,0.034080423,0.043300286,-0.042609204,-0.095903635,-0.0038128546,-0.09792643,0.02205917,-0.12159975,-0.019531593,0.0,0.08895362168550491
P C Mohan,0.8321721,-0.026631922,-0.14504905,0.06730143,-2.8007097,-2.8180242,0.55332166,-0.0013808109,0.07970773,0.00352926,-0.008953262,0.0,-0.0024858057,-0.098432876,-0.21610375,-0.034284413,-0.04460376,-0.036188904,0.18049665,0.008894508,-0.056771725,0.016800227,0.0,0.08895362168550491
PARSHOTTAMBHAI RUPALA,-0.14852044,0.058786444,0.2955836,-0.49753353,0.55981255,-0.29246184,-0.09966609,-0.0024442277,-0.085303426,-0.018953897,-0.02346358,0.0,-0.006135869,0.06745421,0.01693439,-0.25419983,-0.40216714,0.0105129415,-0.101818345,-0.31644234,-0.2959115,-0.018439904,0.0,0.08895362168550491
PARTHA BHOWMICK,0.7115031,-0.06360837,-0.116666436,-0.13207348,-1.8531448,-2.334067,-0.16498874,5.6595774e-05,0.06326739,0.0067503094,-0.012057788,0.0,-0.0024858057,-0.1860603,-0.00026996422,-0.034229066,-0.03985293,0.0012326282,0.03291146,0.022432167,0.061905753,0.036788728,0.0,0.08895362168550491
PATHAN YUSUF,0.8053532,-0.029037174,-0.1232912,0.065364495,-2.8630657,-2.853256,0.6152084,-0.0007042435,0.078125834,0.00352926,-0.010061794,0.0,-0.0024858057,0.03356739,0.020503188,-0.026598621,-0.06519614,-0.030987512,0.17856397,0.0957422,-0.043174855,0.019082768,0.0,0.08895362168550491
PHANI BHUSAN CHOUDHURY,0.85392207,-0.0594559,-0.11021656,0.054613322,-3.0620358,-2.7081206,0.44585797,-0.0014095106,0.08902584,0.00317097,-0.010994829,0.0,-0.0024858057,0.057946134,0.012071533,0.03266625,-0.1125486,-0.001834108,-0.19647473,0.008194483,-0.15250929,-0.011078749,0.0,0.08895362168550491
PRABHAKAR REDDY VEMIREDDY,-0.20955056,0.08268116,0.20764698,0.02272202,-0.58801734,-0.56420225,-0.07163973,-0.0033773102,0.011172651,0.00633002,-0.04868408,0.0,-0.002488541,-0.27988544,0.03744735,-0.2822157,-0.20995188,-0.0466739,-0.18082087,-0.3110274,-0.16610256,-0.0097737145,0.0,0.08895362168550491
PRADEEP PUROHIT,0.03661396,0.08905798,-0.08931089,0.16019084,-0.70029527,-0.4528841,0.26088881,-0.0010019245,0.109133124,-0.007731383,-0.034077957,0.0,-0.0028134105,-0.24283177,0.008937765,-0.256567,-0.25115103,0.03079316,-0.18965913,-0.0024664116,-0.06429073,-0.008754753,0.0,0.08895362168550491
PRANITI SUSHILKUMAR SHINDE,0.9305698,0.04264737,-0.118931,0.13584629,-2.9972625,-2.5467942,-0.17465144,0.00065344875,0.099992245,-0.010029858,-0.014063215,0.0,-0.0033907208,0.046780244,0.0052147796,-0.105067894,-0.14281191,-0.01296874,0.021390317,0.0897356,-0.055454347,-0.006414322,0.0,0.08895362168550491
PRAVEEN PATEL,2.0755842,0.013423111,-0.11324852,-0.049373016,-1.8024131,1.3732531,0.86267316,0.00345019,-0.1605533,0.01393223,-0.00784677,0.0,0.0024581985,0.042287845,0.009440178,0.022165434,0.08507193,-0.00041080033,0.1575447,0.11520993,-0.03312115,-0.016219756,0.0,0.08895362168550491
PRIYA SAROJ,-0.26926497,-0.026828831,-0.19738683,0.01629265,-2.0076966,-0.40602493,-0.21935533,0.00037178845,0.024126207,-0.014226589,0.08129644,0.0,-0.0018404913,0.0636448,0.0013435222,0.039424963,0.0602073,0.0025454573,-0.049265582,-0.0031379065,0.14015266,-0.018986853,0.0,0.08895362168550491
PRIYANKA SATISH JARKIHOLI,-0.6494683,-0.03376736,-0.096969664,-0.052251264,-3.0046337,0.9094919,-0.2693862,-0.006818589,-0.04888283,0.008613261,-0.008991145,0.0,0.0024581985,-0.114107445,-0.012645686,0.03641959,0.057981964,-0.037700713,-0.041436985,0.008768163,-0.07733919,-0.0073625757,0.0,0.08895362168550491
PUSHPENDRA SAROJ,-0.30630302,-0.044412185,-0.17765193,0.01969639,-1.9489101,-0.3630574,-0.24720638,0.011710837,0.02883558,0.006867675,0.08161843,0.0,0.0015820288,-0.13942286,0.011931362,0.033080902,0.11421266,0.013730773,-0.03571458,0.10474804,-0.128731,-0.0071704094,0.0,0.08895362168550491
Pankaj Chowdhary,-0.603972,-0.0686524,-0.037343103,-0.008664812,-2.6590183,0.6270747,-0.37444612,0.0013414368,-0.03572406,0.006411696,-0.009907117,0.0,0.0034319516,0.040303662,0.048686218,0.019586168,0.054524068,-0.0029343797,-0.028792027,-0.1733168,0.13712269,-0.013181364,0.0,0.08895362168550491
Parvatagouda Chandanagouda Gaddigoudar,-0.37809065,0.05461162,-0.05757851,0.06142628,-3.6724782,0.4989009,-0.21660481,-0.009182536,-0.032485083,-0.028900394,0.044634502,0.0,-0.00660777,0.035626967,0.001963832,0.0252611,-0.18902433,-0.003460976,-0.110461764,-0.12800467,0.19406164,-0.010498487,0.0,0.08895362168550491
Prabhubhai Nagarbhai Vasava,-0.3842512,-0.042067718,-0.15936805,-0.3092817,-2.846611,0.16328089,-0.20878029,-0.0053435815,-0.117179975,0.009312883,-0.015796814,0.0,0.0024581985,0.02910416,0.011747293,0.06304084,-0.2356869,0.005824201,-0.15628725,0.009849632,-0.098472536,-0.012586744,0.0,0.08895362168550491
Pradan Baruah,-0.6916343,-0.030735077,-0.09624611,0.023043325,0.06267825,0.92782027,-0.12646328,-0.006646733,0.018063849,0.008617941,-0.024686104,0.0,0.0024581985,0.103976145,0.018017368,0.04639294,0.009450039,-0.0018484476,-0.11077815,0.0050665233,-0.07776579,-0.017360026,0.0,0.08895362168550491
Pradeep Kumar Singh,-0.45162526,-0.04618593,0.37018114,-0.30272937,-3.2293396,0.5994129,-0.35185963,-0.0022014398,-0.09146364,-0.058371104,-0.0191164,0.0,-0.00660777,-0.025874972,-0.016639447,-0.0050415667,0.11755267,-0.019413978,0.26076037,0.092020966,0.1325054,0.06979955,0.0,0.08895362168550491
Pradyut Bordoloi,1.2276589,-0.011098704,-0.054651234,0.01654005,4.273629,0.18417744,-0.12249563,0.00045689856,0.104242645,-0.0053467737,-0.02157347,0.0,-0.0025318377,0.08313756,-0.0027909447,-0.062527426,-0.20825708,0.011123555,-0.048133556,-0.09291275,-0.028666057,-0.002174778,0.0,0.08895362168550491
Pralhad Venkatesh Joshi,-0.42404476,0.03257363,-0.07289237,0.008324001,-2.5817013,0.7031021,-0.21731399,-0.0077003976,-0.034094624,-0.030598814,0.0606061,0.0,-0.00660777,0.019223304,0.011314446,0.04245173,0.038746055,-0.02631291,-0.14140576,0.007757633,-0.24610727,-0.010977123,0.0,0.08895362168550491
Prasun Banerjee,-0.4094317,0.08747244,-0.15197633,0.015496008,-2.9916525,-0.2449954,-0.25091746,-0.0051381057,-0.020517875,-0.033246145,0.11563305,0.0,-0.00096205436,0.036164764,0.009886934,0.028118808,-0.18273897,-0.005600284,-0.054229558,0.013575785,-0.12349552,-0.00852821,0.0,0.08895362168550491
Pratap Chandra Sarangi,0.8548119,0.009948261,-0.14503123,0.09539147,-2.800819,-2.825495,0.50339407,-0.0015151249,-0.016585212,0.01145569,-0.008688307,0.0,0.0025730685,-0.059382085,0.014843534,-0.01794523,0.07826955,-0.03391315,0.19480968,0.100164585,-0.01908089,0.027638072,0.0,0.08895362168550491
Pratima Mondal ,-0.45941994,-0.013028577,-0.12984538,-0.29645735,-2.8064823,-0.04650348,-0.25765085,0.0010874849,-0.26534036,0.010780299,-0.027862748,0.0,0.0034319516,0.037654575,0.009759201,0.04610712,0.05940542,-0.005961875,-0.10102418,-0.1707975,-0.20497392,-0.014002891,0.0,0.08895362168550491
Praveen Khandelwal,-0.46006233,0.05160283,-0.10364448,0.13419876,-3.2772677,-1.4800903,-0.16601151,0.00065344875,0.112517245,-0.009098499,-0.016420523,0.0,-0.0033907208,0.034551255,-0.0057723587,-0.12223423,-0.15046087,-0.0043839416,0.0032095204,0.07046333,0.16003166,0.020155473,0.0,0.08895362168550491
Priyanka Gandhi Vadra,0.9587256,-0.054986697,-0.034588818,0.07247315,-3.1632137,-2.5171552,-0.13522175,-0.0071338573,-0.0037693863,0.005657338,-0.00879497,0.0,0.00063344924,-0.0820566,-0.0030981787,0.033318818,0.05894637,0.010555182,-0.059355445,-0.09772022,0.16564867,-0.008178203,0.0,0.08895362168550491
Prof SP Singh Baghel,-0.37630913,-0.06411728,-0.07164064,0.045289434,-2.7832704,0.24127597,0.9446806,-0.0016614633,-0.026703207,-0.008525832,-0.025166905,0.0,-0.0064949077,0.015586016,-0.21974248,-0.014111313,-0.056007165,-0.013170589,0.38225362,0.21155189,-0.07989153,-0.023948088,0.0,0.08895362168550491
Prof Sougata Ray,1.1537683,-0.020034162,-0.04750761,0.024885422,3.1628277,0.67837316,0.34890854,0.0010099352,0.10299808,-0.0038259951,-0.01704389,0.0,-0.0016269225,-0.11851254,-0.027242113,-0.13771659,0.09631828,-0.2057911,-0.029033622,0.07185861,-0.029126765,0.00025072016,0.0,0.08895362168550491
Prof. Manoj Kumar Jha (2024-30),-0.16353622,-0.05731107,-0.23412575,-0.13706951,0.6756045,-0.53642744,-0.11443549,0.004762025,0.10636412,0.0010233772,-0.036900867,0.0,-0.001831673,-0.30329606,-0.22153795,-0.2164057,-0.39136934,-0.052136116,0.16545105,0.12652026,-0.13189344,0.039905533,0.0,0.08895362168550491
Prof. Ram Gopal Yadav (2020-26),-0.41651118,-0.06470479,-0.077339895,-0.09979117,-2.501919,0.49877158,-0.20314457,0.002177842,0.16203879,0.007915916,-0.013617365,0.0,-0.0016269225,0.020466922,-0.14896889,0.017238166,0.13639355,-0.004574375,-0.048315,0.009464734,0.19026637,-0.013632501,0.0,0.08895362168550491
Putta Mahesh Kumar,-0.38036555,0.0356037,0.3983167,-0.017893359,-3.2477677,0.5773305,-0.21616395,0.006004244,-0.16001952,-0.055166546,-0.023906643,0.0,-0.0038552852,-0.09688534,0.035785586,0.037116952,0.04913634,0.006134995,-0.011054959,0.11703754,0.09255959,-0.008471352,0.0,0.08895362168550491
R.K. CHAUDHARY,0.93378335,0.014002941,-0.13671647,0.088318996,-3.1261814,-2.5757089,-0.20679097,-0.004566039,-0.021598646,0.011014754,-0.015503757,0.0,0.0025730685,-0.1048792,-0.03439419,0.028376862,0.024392573,0.008586621,0.103417486,0.084929615,-0.18992579,-0.010726917,0.0,0.08895362168550491
RABINDRA NARAYAN BEHERA,0.9193023,0.009776001,-0.10679029,0.077303156,-3.1441455,-2.5103686,-0.12249866,0.0015454986,0.099749394,0.0033808323,-0.013871908,0.0,-0.0024858057,-0.10245819,0.007884176,0.030917782,0.0338578,-0.022330351,-0.044878874,0.012758581,-0.104041,-0.008873948,0.0,0.08895362168550491
RACHNA BANERJEE,-0.6740173,-0.031369664,-0.11875646,-0.11272313,-2.1225414,0.47068125,-0.2169575,-0.010807737,-0.31281132,-0.05224429,-0.01748191,0.0,-0.00660777,0.050775364,-0.006143863,0.050695233,0.06426267,0.023385879,-0.049036134,0.018293144,0.1813954,-0.014263233,0.0,0.08895362168550491
RADHE SHYAM RATHIYA,-0.20065,-0.029621594,-0.18330194,0.035338037,-0.7342972,-0.5133401,-0.11049605,-0.0016055964,-0.41053316,0.011158269,-0.036475718,0.0,0.0022454634,0.100890696,0.018523537,-0.25995946,-0.28457466,-0.01060127,-0.089016005,-0.050424464,-0.15069087,-0.017900907,0.0,0.08895362168550491
RAHUL GANDHI,-0.39245623,-0.036414906,-0.09177922,0.10500333,-2.7775369,0.7105171,-0.2357133,-0.0019220712,-0.034026474,-0.033397105,-0.0022720047,0.0,-0.0013489239,0.024004312,0.039464425,-0.15062845,-0.18937577,6.10273e-05,-0.08111384,-0.03282136,-0.24994397,-0.010522703,0.0,0.08895362168550491
RAHUL SINGH LODHI,-0.17761268,-0.017515352,0.5062695,-0.031446595,3.2145004,-0.14424905,-0.14439192,-0.0035357883,-0.1860244,0.0002576866,0.13127378,0.0,0.000911993,0.08485975,-0.0086319335,0.06401112,0.10193902,0.010828881,-0.08021027,0.03383529,0.07048436,-0.0028225232,0.0,0.08895362168550491
RAJ BHUSHAN CHOUDHARY,-0.14083935,-0.056964792,-0.21596567,-0.23946722,0.59933436,0.57546985,0.2504985,-0.0026611462,-0.34025604,-0.05794549,-0.04007596,0.0,-0.00660777,0.10865328,0.009917767,0.069205545,-0.48240593,-0.058709905,0.025951773,0.1240204,-0.06887016,-0.027157675,0.0,0.08895362168550491
RAJ KUMAR ROAT,-0.26206183,-0.027628988,-0.0799337,0.07529091,-3.3730333,-1.41147,-0.17285089,-0.0011458651,-0.02798434,-0.008921179,-0.010806593,0.0,-0.008258706,0.018050347,-0.1720956,-0.12808026,-0.03157491,-0.0116318865,-0.10313602,-0.020248821,-0.19352074,-0.013331398,0.0,0.08895362168550491
RAJA RAM SINGH,-0.470062,0.06870468,0.34641725,0.121239126,-3.323447,0.4406614,-0.31993213,0.0015631879,-0.16991806,0.012137463,-0.0036188392,0.0,0.005279521,-0.06725273,0.011186786,-0.15406935,-0.13687725,-0.022124648,-0.019998858,0.19287628,-0.06649072,-0.011915514,0.0,0.08895362168550491
RAJABHAU,-0.44363862,-0.02831722,-0.12450175,-0.3075442,-3.286415,-1.3070282,-0.15845613,4.7728536e-06,0.08300033,0.0058284,-0.01946493,0.0,-0.0024858057,-0.12630977,0.008583065,0.03786973,0.06855934,0.0036475048,-0.09279882,0.043712582,-0.07959809,-0.006918443,0.0,0.08895362168550491
RAJEEV BHARDWAJ,-0.29953358,0.08388758,-0.035525825,0.06048313,-2.1097236,-0.2746061,-0.20894766,-0.0023622115,-0.34807426,-0.007982871,-0.038641784,0.0,-0.007466394,0.050193038,0.0123449555,0.03286699,-0.22432819,-0.005448315,-0.13659994,-0.1691395,-0.1278892,-0.015068614,0.0,0.08895362168550491
RAJEEV RAI,-0.40042737,0.047654584,-0.10137199,0.008373626,-2.8861938,-0.48550212,-0.23797671,0.0038304927,-0.0033626633,0.005425431,0.08176076,0.0,0.0015820288,0.03047664,0.04286546,0.050205592,0.11344104,0.0044671055,-0.052670993,-0.007117596,-0.16649334,-0.0144613795,0.0,0.08895362168550491
RAJESH RANJAN ALIAS PAPPU YADAV,0.06444106,-0.038740948,-0.124714546,0.0065368926,-1.3734835,0.99551934,0.95778996,-0.0050616213,0.007912808,-0.046118587,-0.011731304,0.0,-0.00660777,0.089044414,0.017779391,0.003550592,0.14609134,0.020087225,0.32000116,0.016720038,-0.009499844,0.07808341,0.0,0.08895362168550491
RAJESH VERMA,-0.41896784,-0.047890816,-0.19248594,0.04381004,-3.5591812,0.6287435,-0.2639009,-0.008059326,-0.22352013,-0.01034699,-0.017268565,0.0,-0.0064949077,0.022707934,0.041243266,0.010736391,0.057098858,0.0005707375,-0.05000092,0.13417472,-0.09604516,-0.011696951,0.0,0.08895362168550491
RAJPALSINH MAHENDRASINH JADAV,-0.22110675,0.046204917,-0.1102726,0.11513828,-2.1090822,-0.36588702,-0.22888067,0.001629913,0.016691633,0.013289783,-0.021464366,0.0,0.0013670266,-0.16124016,-0.03855598,-0.21267486,0.01070681,0.004154102,-0.17485859,-0.11020583,-0.27343285,-0.012090571,0.0,0.08895362168550491
RAKESH RATHOR,-0.92674357,-0.078079134,-0.2199017,-0.4949343,1.2563468,-0.30622515,-0.100097515,-0.0041914904,0.0044625616,0.00069789484,-0.035761602,0.0,-0.0030390525,0.09115264,0.043202344,0.05068556,-0.39173427,-0.020607246,-0.055235036,0.06393919,-0.054919355,-0.031443387,0.0,0.08895362168550491
RAKIBUL HUSSAIN,-0.396287,0.033758465,-0.02953616,-0.058228903,-3.1464295,0.8526787,-0.2631008,-0.005515451,-0.2013882,-0.01063319,-0.012246557,0.0,-0.0064949077,0.03402122,0.0056649563,0.048830044,0.08736481,0.00509182,-0.116569504,-0.117647246,-0.02934548,-0.011933757,0.0,0.08895362168550491
RAM PRASAD CHAUDHARY,-0.40095595,-0.050898537,-0.18080266,0.07062459,2.3183427,0.04736412,-0.10212796,0.00025015976,0.09877412,-0.00064467744,-0.024033427,0.0,-0.0016269225,0.13387181,-0.0015647523,0.0861521,0.11243665,-0.01413874,-0.056711055,0.039013535,-0.1307045,-0.0135424845,0.0,0.08895362168550491
RAMASAHAYAM RAGHURAM REDDY,-0.4574882,0.03311244,-0.17777978,0.10754332,-3.1894689,-1.3976232,0.42387843,-0.0012590149,-0.015237905,-0.018946366,-0.0080066975,0.0,0.0036424068,-0.076286115,0.01648056,-0.12101429,-0.17320678,-0.008446063,-0.17595376,0.04422797,-0.02424602,-0.006633736,0.0,0.08895362168550491
RAMASHANKAR RAJBHAR,-0.3939074,0.06322676,-0.15081213,0.08088215,-3.5054529,0.037739046,-0.26049978,0.0020692644,-0.031371474,0.015708005,-0.017942334,0.0,0.0025270365,-0.0029986862,0.015761215,-0.17422804,-0.17533146,0.004339639,-0.07564526,-0.006945372,-0.101777956,-0.019991366,0.0,0.08895362168550491
RAMBHUAL NISHAD,0.8780748,0.0022385623,-0.09579422,-0.040150743,-2.9681756,-2.685949,0.45493293,-0.0015462723,-0.02452598,-0.009043178,-0.010498217,0.0,-0.007353791,0.042904034,0.0054007964,-0.027571747,-0.033321545,-0.0074819284,-0.15088697,0.019854626,-0.030078318,0.0612137,0.0,0.08895362168550491
RAMESH AWASTHI,-0.34842762,-0.048053727,-0.0988301,-0.093168855,-3.4704041,0.8045723,-0.27762142,-0.0041693817,-0.038856097,0.009737024,-0.019912813,0.0,0.0024581985,0.052165233,-0.0044781864,0.015199324,0.09138746,0.005039875,0.045907095,0.0061518303,0.18439265,0.0592777,0.0,0.08895362168550491
RANJIT DUTTA,-0.2785678,-0.026956199,-0.104518905,0.08305977,-3.436278,-1.4177456,-0.1553991,-0.004093068,0.029136477,0.001443106,-0.009798779,0.0,-0.0033907208,0.043469626,0.006178311,-0.14388478,-0.09795311,0.0005418083,-0.09568054,0.016122209,-0.057606526,-0.010578111,0.0,0.08895362168550491
RICHARD VANLALHMANGAIHA,-0.12029744,-0.02639493,-0.0978785,0.006206836,4.748689,-0.0889225,-0.07658236,0.0033103654,-0.23248981,-0.0016752288,-0.020790352,0.0,-0.0032540546,0.09944619,0.023723349,-0.06531379,0.07300178,-0.010232844,-0.08001409,0.047614407,0.27620044,-0.008807879,0.0,0.08895362168550491
ROBERT BRUCE C,-0.091320574,-0.041732084,-0.13406634,0.040477872,2.9936419,0.21678804,-0.08790373,-0.0041894997,0.018736167,0.006003142,-0.021551182,0.0,0.0015532833,-0.17551614,0.006078919,-0.06509057,-0.29575187,0.032917053,-0.061531276,0.08679514,-0.08926931,0.0023530181,0.0,0.08895362168550491
ROOP KUMARI CHOUDHARY,-0.18624803,0.049427662,0.2667407,-0.06699669,-0.65146,-0.60264343,-0.12719065,-0.012901013,-0.3303698,0.0073043727,-0.013526604,0.0,0.004334513,0.09976133,0.009393278,0.07390015,0.060139455,0.0007399285,-0.10753712,-0.24263391,-0.2275848,-0.018225921,0.0,0.08895362168550491
RUCHI VIRA,-0.19084229,0.07263432,-0.14793499,0.022876007,-0.49979547,-0.3834019,-0.077833354,-0.01264046,-0.39934844,-0.025718281,0.09842869,0.0,-0.00096205436,0.103846535,0.049910884,0.044773825,0.13252828,0.011229896,0.20565844,-0.0023812915,0.008916049,0.10162258,0.0,0.08895362168550491
Radha Mohan Singh,-0.057575166,-0.055423245,-0.11963963,-0.13579865,1.9400535,-0.11189789,-0.07645308,-0.0008167858,0.12515819,0.006769833,-0.028642172,0.0,-0.0016269225,0.119803555,0.0496882,0.079187535,0.11272312,0.0078006126,-0.046840914,0.09689954,0.23817372,-0.028369626,0.0,0.08895362168550491
Rahul Kaswan,-0.54664975,-0.029967342,0.15898985,-0.3705799,-2.5858686,0.6048494,-0.24414065,-0.006048842,-0.11374326,-0.010779106,-0.015144697,0.0,-0.010281637,-0.12664935,0.011468495,-0.20021707,-0.24795942,-0.0067442814,-0.07785253,-0.31158522,-0.21595103,-0.008203907,0.0,0.08895362168550491
Rajeshbhai Naranbhai Chudasama,-0.13072853,0.05829197,0.42400464,0.0013367072,1.1466147,-0.1835803,-0.076004125,-0.00055196194,0.034299064,-0.017050946,0.15920857,0.0,0.0017904302,0.12305293,0.046902504,0.12238151,0.1032574,0.0140836695,-0.08143793,-0.23983872,-0.28771153,-0.01953209,0.0,0.08895362168550491
Rajkumar Chahar ,0.08102667,-0.041951165,-0.080308825,0.05036923,-0.20576562,1.0079666,-0.1363184,-0.002110974,-0.06751028,0.011981367,-0.0131530175,0.0,0.0024581985,0.10989204,0.0066948943,0.038786203,0.08783245,-0.010018859,0.03635881,0.15973853,-0.011759896,0.0899263,0.0,0.08895362168550491
Rajnath Singh,-0.69961673,0.033563405,-0.14063644,0.05773521,-3.3305137,0.809014,-0.34414923,-0.0026470292,0.1205885,0.005629044,-0.013887386,0.0,-0.0016269225,0.028782863,0.04467126,0.027481653,0.04711127,0.0019007488,0.054734405,0.13943186,-0.039733496,-0.018823907,0.0,0.08895362168550491
Raju Bista,-0.38535064,0.028968172,0.20505081,0.030609945,-3.7725875,0.52012527,-0.298841,-0.0076093823,-0.060727537,-0.00486432,-0.017613633,0.0,-0.0064949077,-0.032615002,0.014531972,0.042389043,0.04996212,0.0066727027,-0.15727884,0.079357065,-0.07713828,-0.010611812,0.0,0.08895362168550491
Ramprit Mandal,-0.41201332,-0.059048135,-0.06379882,0.028897356,-3.631839,0.64368325,-0.33498824,-0.017486632,-0.04079789,-0.053418647,-0.0077278526,0.0,-0.00660777,0.03352811,0.017548166,0.055492867,0.091290355,-0.023860462,0.055410884,0.0043769456,-0.11243991,-0.0153118,0.0,0.08895362168550491
Ramvir Singh Bidhuri,-0.1959507,0.04243447,-0.10946168,0.077126995,-2.7120738,0.67509043,-0.30889517,-0.012969177,-0.03197736,-0.051669594,-0.021671679,0.0,-0.00660777,-0.10503585,0.01143572,-0.027842984,-0.08193548,-0.019366432,0.05701856,0.09454558,-0.0337552,-0.017078305,0.0,0.08895362168550491
Rao Inderjit Singh,1.189276,-0.02549949,0.44662517,0.1027309,3.3581128,-0.4443197,0.3895712,0.0024819854,0.058704417,-0.006194048,-0.019834166,0.0,-0.004498485,0.00018884265,0.0054476894,0.08012523,0.0136912195,-0.06493716,-0.05204859,0.10159012,-0.053061265,0.00012152281,0.0,0.08895362168550491
Rao Rajendra Singh,1.2320604,-0.03247361,-0.04878506,0.015571388,3.7663243,0.23648573,0.31862265,-0.00076775084,0.105880335,-0.0062973844,-0.024090843,0.0,-0.0016269225,-0.11464916,0.00030357265,0.060470622,-0.23064516,-0.1892312,-0.09247254,-0.10924146,-0.04763399,0.0035262688,0.0,0.08895362168550491
Ravi Shankar Prasad,-0.07132482,-0.034546606,-0.09626397,0.024832347,4.38685,-0.2316761,-0.08540528,-0.0019309516,0.02323101,0.00760529,-0.018955309,0.0,0.00060827547,0.07875419,-0.07487755,0.06859724,0.061416175,0.035905156,0.15979302,0.08952557,0.27740702,0.07918322,0.0,0.08895362168550491
Ravindra Vasantrao Chavan,-0.3880128,0.0677674,-0.1784036,-0.08469173,-2.1648664,0.6682953,0.7197842,0.0021394768,-0.016493745,0.014041775,-0.019360432,0.0,0.0025270365,-0.14463903,0.011417671,-0.19223063,-0.23831844,0.0063789324,-0.32050532,0.0105442405,-0.03690254,-0.0069898046,0.0,0.08895362168550491
Rodmal Nagar ,-0.40150344,-0.06886116,-0.08140572,-0.017653005,-3.4500256,0.621668,-0.3396831,-0.0024750873,-0.20031737,-0.056052033,-0.005803039,0.0,-0.00660777,0.02384567,0.0013049957,0.032460406,0.06640985,-0.035737325,-0.09431651,-0.12886047,0.039754022,-0.021046055,0.0,0.08895362168550491
S SUPONGMEREN JAMIR,-0.4866527,-0.057643186,-0.17867202,-0.15347447,-0.14826377,0.64259154,-0.08759532,-0.0028107688,-0.40095752,-0.0035607428,-0.019454885,0.0,-0.0064949077,0.11863167,-0.018467855,0.0018743579,0.13090973,-0.04371757,-0.12205062,0.015615737,0.11509413,-0.02067602,0.0,0.08895362168550491
S Venkatesan,0.09692497,-0.026311964,-0.112847835,0.023130469,4.6535373,-0.64665467,-0.08217793,-0.0032938705,0.032510057,0.008317882,-0.020275306,0.0,0.0003932733,0.051402315,-0.07849392,-0.05742325,-0.21961191,0.0360076,-0.06575352,0.061289493,-0.15965652,-0.0052788,0.0,0.08895362168550491
S. Jagathrakshakan,-0.69560057,-0.03744417,-0.0755611,-0.30654708,-3.37413,0.63243693,-0.27361202,0.0012119715,0.03045079,0.006663223,-0.010913504,0.0,-0.0016269225,0.03277382,0.0017711123,0.022311755,-0.044762976,0.0016998462,-0.15102172,0.03151693,-0.072758205,-0.022260392,0.0,0.08895362168550491
SACHITHANANTHAM R,-0.15896201,-0.050699476,-0.13133639,-0.1512616,-0.50398093,-0.49994934,-0.12415425,-0.0035314348,0.045570124,0.0014851344,-0.03192396,0.0,-0.007681396,0.13162048,0.03992672,-0.014034156,0.081605,-0.04637244,-0.11854601,0.009390255,-0.14788352,-0.020407569,0.0,0.08895362168550491
SAGAR ESHWAR KHANDRE,0.86064506,0.024181182,-0.10302714,0.08785954,-3.0312102,-2.690289,0.40891072,0.001155183,-0.013920754,0.014685757,-0.010434191,0.0,0.0025730685,-0.097702615,-0.06259602,0.020244125,-0.032094687,-0.022119734,-0.19270992,0.009972028,-0.026110036,-0.007893087,0.0,0.08895362168550491
SALENG A SANGMA,-0.15279488,-0.055185623,-0.12029237,-0.034056887,-0.43792078,0.020343555,-0.11518085,-0.008311772,-0.40977305,0.0089327395,-0.022179225,0.0,0.0024581985,0.11860995,0.022798266,0.094210394,0.089509994,-0.05433954,-0.06740843,-0.09465919,-0.055075184,-0.018304849,0.0,0.08895362168550491
SAMBIT PATRA,-0.27907243,-0.04142697,-0.06586105,0.033247594,-0.67800796,-0.2546252,-0.10650863,-0.014099058,-0.42948744,-0.010191246,0.1017934,0.0,-0.0013489239,-0.21898259,0.010422956,-0.25383303,-0.24612272,0.015935946,-0.10190741,-0.18103184,-0.25464448,-0.0099659655,0.0,0.08895362168550491
SANATAN PANDEY,-0.15978882,0.06957465,-0.09319447,0.04298506,-0.38282105,-0.5019433,-0.15842277,-0.011874775,0.047258716,-0.028400991,-0.02922448,0.0,-0.00096205436,0.105289236,0.04691704,0.051080517,0.070203364,-0.008339048,-0.059609786,-0.18859965,-0.109248735,-0.028329642,0.0,0.08895362168550491
SANJNA JATAV,-0.15006994,0.030594567,-0.0955198,0.04769904,-3.6926997,-1.4579735,-0.14488402,-0.007490216,-0.015345942,0.009992815,-0.0125526665,0.0,0.0015993153,0.02665991,0.024366714,0.041096237,0.035965696,-0.015191982,0.03097781,-0.08668485,0.07420631,-0.012019556,0.0,0.08895362168550491
SARABJEET SINGH KHALSA,-0.23566522,-0.058288675,-0.113182664,-0.015527328,-0.7393254,-0.41214305,-0.05447019,-0.014199882,-0.40115863,-0.023884458,0.11948784,0.0,0.00028741406,0.10313016,-0.004122222,-0.1294423,-0.30334535,-0.057665855,-0.08157991,-0.14569594,0.28622666,-0.017770495,0.0,0.08895362168550491
SATPAL BRAHAMCHARI,-0.46084708,0.026545605,-0.09567697,0.085786425,-3.278222,-1.3154426,-0.1566181,0.0015833112,0.10113056,-0.0027317107,-0.017233025,0.0,-0.0024858057,-0.1287263,0.010175665,0.047944486,-0.09147514,0.007907043,-0.1178782,-0.1012831,-0.21228504,-0.00631931,0.0,0.08895362168550491
SAVITRI THAKUR,-0.46948016,-0.052882984,0.2737603,-0.09217474,-2.9146926,-0.14131457,-0.22594057,0.006965232,-0.20388195,0.009621834,0.06970319,0.0,0.0061844364,-0.0042195725,0.022984507,0.049851593,0.055619918,0.0032864544,-0.06571194,-0.30958337,-0.00077888154,-0.021021638,0.0,0.08895362168550491
SAYANI GHOSH,-0.23199666,-0.014454242,-0.07390828,-0.32413906,-2.0689611,0.1876102,-0.24383308,-0.009765433,-0.37616375,-0.053430177,-0.030319124,0.0,-0.00660777,0.061212488,0.04600991,0.058527257,0.12049857,0.009371426,-0.17543866,0.006894724,-0.10897973,-0.019370027,0.0,0.08895362168550491
SELJA,-0.21508536,-0.06476982,-0.13202812,0.047863014,-2.1216292,-0.2650599,-0.23364139,-0.0019770693,0.0191253,-0.047278203,-0.014120001,0.0,-0.00096205436,-0.16479857,-0.21600744,0.051764365,0.004455764,0.00786831,-0.1684124,-0.16527729,-0.11336946,-0.008593355,0.0,0.08895362168550491
SELVARAJ V,0.0051661124,-0.046101112,-0.17895712,-0.12626666,-2.0920947,-0.38334504,-0.26217237,-0.0043171877,0.015205613,0.0061874194,-0.024792632,0.0,0.00060827547,-0.15308693,0.016511796,0.05205912,0.01255344,0.014831708,-0.13133594,-0.0047524828,-0.115046486,-0.008676051,0.0,0.08895362168550491
SHAFI PARAMBIL,2.0389204,0.028784113,-0.06914203,0.09109575,-2.0206869,1.1787407,0.9353857,0.06250813,-0.13744389,-0.027449122,-0.011485507,0.0,-0.00660777,-0.078815445,0.014962771,0.05050152,0.05986758,-0.009019073,0.04382311,-0.12812656,-0.01995253,-0.0053022695,0.0,0.08895362168550491
SHAMBHAVI,-0.9434093,0.075025216,-0.116446614,-0.3759719,-1.8402195,0.7756453,-0.2205671,-0.003375882,-0.0120476335,-0.03635619,-0.020172505,0.0,-0.0013489239,-0.015513724,0.010501817,-0.19451533,-0.1850414,-0.009402379,-0.07453498,0.018036913,-0.024839735,-0.006254601,0.0,0.08895362168550491
SHASHANK MANI,0.12430275,-0.04140736,-0.12368765,0.2433293,1.4514812,0.57518935,-0.076230235,0.005136123,0.014748714,0.014639741,-0.013895238,0.0,0.0034319516,0.10795495,-0.19763336,0.08144096,0.11043983,-0.0012322711,-0.04751089,0.06741276,0.11565171,-0.012351902,0.0,0.08895362168550491
SHER SINGH GHUBAYA,-0.29697132,-0.069164015,-0.12263545,0.01285745,-2.1677785,-0.23124771,-0.17303705,-0.004027975,-0.34690204,-0.021332042,0.09635547,0.0,0.00028741406,0.02986369,-0.009605022,-0.22069588,-0.27290577,-0.060674496,-0.16907658,-0.18042429,0.2582747,-0.02343861,0.0,0.08895362168550491
SHIVMANGAL SINGH TOMAR,-0.5832546,-0.088337526,-0.17259102,-0.2050192,0.81032944,-0.27690893,-0.106272094,-0.005239719,0.013194711,-0.038359318,-0.03456695,0.0,-0.00660777,0.08806752,0.011163437,-0.074877694,-0.025587494,-0.016707491,-0.06711662,0.03504728,-0.14211743,-0.024791868,0.0,0.08895362168550491
SHIVRAJ SINGH CHOUHAN,0.9395195,0.01432726,-0.027704164,0.073809,-3.1789262,-2.453169,-0.12843925,-0.005809605,-0.02768875,0.011521402,-0.017863747,0.0,0.0025730685,-0.112502724,0.032211326,0.0065699792,0.07210145,0.0011702054,-0.10763933,-0.10424514,-0.22065236,-0.008872354,0.0,0.08895362168550491
SHOBHA KARANDLAJE,-0.9147348,-0.04029505,-0.16552407,-0.20286179,0.75177634,-0.08213551,-0.12402367,-0.00021035006,0.0024084789,0.009034347,-0.026594605,0.0,0.0024581985,-0.21794446,0.039244607,-0.078190364,0.14793985,0.020262508,-0.048941668,0.045385767,-0.0781087,-0.008959323,0.0,0.08895362168550491
SHOBHANABEN MAHENDRASINH BARAIYA,-0.19278535,0.07022549,0.11185355,0.13569932,-0.41134405,0.0012576685,-0.07566483,-0.0045239646,0.020653198,-0.026295394,-0.039929926,0.0,-0.010281637,0.04315688,0.013346009,-0.27601025,-0.23407422,0.004862008,-0.108580306,-0.30188045,-0.27240703,-0.017963756,0.0,0.08895362168550491
SHREYAS. M. PATEL,-0.6783476,0.030803662,-0.111558504,0.059951458,0.31738657,0.75266325,-0.104159914,-0.003999422,0.0057260357,0.0153112635,-0.02266763,0.0,0.0034319516,-0.27738315,-0.2319155,0.06255259,0.07206257,0.0047154916,-0.21675618,-0.23513623,-0.14817633,-0.013209132,0.0,0.08895362168550491
SHRIMANT CHH UDAYANRAJE PRATAPSINHAMAHARAJ BHONSLE,-0.6683437,0.014968209,-0.10572613,0.09507815,-2.8914464,0.7215501,-0.25064266,-0.0047645625,0.120348334,-0.003897191,-0.014368472,0.0,-0.0025318377,-0.1018213,-0.041710597,-0.12990376,0.04387349,-0.041804675,-0.043180875,0.036201514,-0.2025205,-0.007950316,0.0,0.08895362168550491
SK NURUL ISLAM,0.93890256,-0.01677915,-0.08533986,-0.059196733,-3.1584933,-2.4891114,-0.20465149,-0.0048439605,0.026023025,8.069287e-05,-0.009861516,0.0,-0.0033907208,0.030503988,-0.015582155,-0.13251838,0.05799665,0.0059033036,0.01086031,0.015715849,0.12477585,-0.017697243,0.0,0.08895362168550491
SMITA UDAY WAGH,1.1895403,-0.02162455,-0.10659652,0.023972338,3.180195,0.5420793,0.34862155,0.0003120451,0.097746044,-0.0036865324,-0.015200356,0.0,-0.0016269225,-0.15559447,-0.02386276,-0.17338282,0.0752528,-0.19222954,0.008226771,0.085232355,-0.04846786,0.0059534046,0.0,0.08895362168550491
SUDAMA PRASAD,-0.37347004,0.07407337,0.4091996,0.11632774,-2.8067818,-0.18150274,-0.34956568,0.0013878779,-0.024974942,-0.00021579815,-0.033380784,0.0,-0.010348207,-0.06153112,0.013130066,0.041527428,-0.1613487,0.007184381,0.2894239,0.12235036,-0.09544723,-0.008087266,0.0,0.08895362168550491
SUDHA R,-0.30789468,-0.031860676,-0.12662098,-0.035711177,-3.2195878,-1.7081223,0.48927832,-0.0048498884,-0.020575833,-0.010766358,-0.019763833,0.0,0.0025730685,0.043755624,-0.0015661932,0.026685143,0.06956031,0.00030440715,-0.1614121,0.07775308,0.09293773,-0.015065629,0.0,0.08895362168550491
SUDHAKAR SINGH,-0.22926119,-0.053763658,0.42174545,0.06536977,-2.0181527,0.45097822,-0.34070492,-0.0037915679,-0.22329628,-0.012153421,-0.016048184,0.0,-0.009376721,-0.028744712,-0.004905366,0.053709216,0.056262147,-0.057622373,0.020979889,0.09886781,0.10095021,0.067249954,0.0,0.08895362168550491
SUKANTA KUMAR PANIGRAHI,-0.42019093,0.059589665,0.38417843,0.08081673,-3.1242645,0.10543459,0.709532,0.002308511,-0.032288715,0.0171836,-0.014877167,0.0,0.00521295,-0.053987995,0.022022162,0.043615382,-0.18142807,0.009825754,-0.29784203,0.08729898,0.054866374,-0.0075210654,0.0,0.08895362168550491
SUKHDEO BHAGAT,-0.09201977,5.972688e-06,0.57108945,0.22812422,1.8661573,-0.11338771,-0.08265449,0.010789233,-0.20970044,-0.0002737407,0.015704682,0.0,-0.0013951017,0.1227403,0.05825394,0.07206672,0.110383615,-0.033704787,0.028923446,0.19669205,0.2459223,-0.025097398,0.0,0.08895362168550491
SUKHJINDER SINGH RANDHAWA,-0.4236934,0.018336063,-0.01084627,0.051018994,-3.5172696,0.7037238,-0.261237,-0.006131991,-0.2086336,-0.03512413,0.05881506,0.0,-0.00660777,0.031926397,0.039451674,0.008771117,0.043371003,0.0022771212,-0.116997376,-0.13706362,-0.076461926,-0.010248218,0.0,0.08895362168550491
SUNIL BOSE,-0.2252322,0.007895941,-0.17352694,0.08113593,-2.926976,-1.8313156,0.5702165,-0.0032839626,-0.021884967,-0.0063179294,-0.011393901,0.0,-0.007353791,-0.114970505,-0.22215994,-0.038695168,0.08857104,-0.00039756158,0.26945296,0.022263123,-0.021586863,0.02086322,0.0,0.08895362168550491
SURENDRA PRASAD YADAV,-0.17726971,-0.082332335,-0.20433195,-0.099114455,2.6476605,-0.7630033,-0.09106561,0.0008116809,-0.25510064,-0.0035789267,-0.036484573,0.0,0.0015820288,-0.2857605,-0.16228214,0.05341953,-0.32662383,-0.042698637,-0.036580183,0.08722385,-0.107520565,-0.037304904,0.0,0.08895362168550491
SURESH GOPI,1.2387687,-0.022742348,-0.14673683,0.09567703,3.7114463,-0.0754731,0.29224643,0.0019188831,0.07498623,-0.0039754533,-0.02224436,0.0,-0.0016166708,-0.11011195,-0.08786852,0.060755536,-0.20407829,-0.1891001,-0.009561628,0.028367506,-0.07152384,-0.02175468,0.0,0.08895362168550491
SURESH KUMAR SHETKAR,-0.12931088,-0.035062853,-0.17280722,-0.0022795545,4.3523693,-0.45302606,0.35173458,-0.0006440532,0.030729031,-0.009631557,-0.008803463,0.0,-0.0005910229,-0.14083934,0.005645881,-0.0592042,-0.24607934,0.05244396,-0.0677157,0.030677684,-0.073905624,0.0071973675,0.0,0.08895362168550491
Sanjay Haribhau Jadhav,-0.57496697,0.07817824,-0.09999117,0.018307947,2.9807515,0.2355925,-0.08587719,0.0047725206,0.00023549818,0.013038846,-0.025471404,0.0,0.0025270365,0.08375853,0.025324581,-0.06192407,-0.25917757,0.024061318,-0.07352227,0.09224758,-0.040993974,-0.005389562,0.0,0.08895362168550491
Sanjay Kumar Bandi,-0.43228102,-0.0586238,-0.020583931,-0.12508154,-2.873372,0.052697103,-0.27159905,-0.0065729953,-0.10825062,-0.027194032,0.05727924,0.0,-0.0013489239,-0.14182913,-0.0026010387,0.015945327,0.064515546,0.0065830923,-0.16430363,-0.12824214,0.17420886,-0.003916477,0.0,0.08895362168550491
Sanjay Seth ,-0.33423224,0.031242348,-0.14451869,0.08421167,-2.7733572,0.7179924,-0.38052166,-0.004344816,-0.018845776,0.00620066,-0.018802749,0.0,0.0034319516,0.021673832,0.019868987,0.018487211,0.030680351,-0.0069345217,0.25294977,0.16617349,0.16847186,0.05608534,0.0,0.08895362168550491
Sanjay Uttamrao Deshmukh,-0.49305025,-0.018191209,-0.10634313,0.035886224,4.0121565,0.2978408,0.38640308,0.00077507255,0.104915366,-0.0039822534,-0.016944848,0.0,-0.0016269225,-0.12526357,-0.0033095055,-0.08957528,0.090453565,0.016648993,-0.07311198,0.025330214,-0.028581439,0.004380507,0.0,0.08895362168550491
Santosh Pandey,-0.40081412,0.062251717,0.19201712,0.0101306755,-3.036782,-0.22944295,-0.2632106,0.005389223,-0.20707151,0.013078947,-0.017801356,0.0,0.00521295,0.026195846,0.0028929324,0.055379305,0.112890884,0.005469068,-0.15861748,-0.25405395,-0.10538387,-0.014653629,0.0,0.08895362168550491
Saptagiri Sankar Ulaka,-0.14126293,0.06736773,-0.14664118,-0.008650553,3.2070527,-0.18551032,-0.09673256,0.0003871346,0.03174152,-0.0040211156,0.14036168,0.0,-0.0018404913,0.12608726,0.035254385,0.10631208,0.08190133,0.0124657415,-0.07225366,0.033627886,-0.09831095,-0.000635824,0.0,0.08895362168550491
Sasikanth Senthil,-0.16748704,-0.012333229,0.13049212,0.11577046,0.19037311,-0.15330113,-0.14346702,-0.0073499475,-0.33271536,0.0073557734,-0.03881617,0.0,-0.00042361568,0.12872411,0.0066946647,0.05226658,0.107013255,-0.06698436,-0.18705577,-0.41434455,-0.10043086,-0.017054668,0.0,0.08895362168550491
Saumitra khan ,-0.38515308,-0.061556093,-0.105739534,-0.085971594,-3.2674534,0.84023553,-0.27563798,-0.008671153,-0.20227823,-0.033347458,-0.017833171,0.0,-0.00660777,-0.11967495,0.012281267,0.043727312,0.059836198,0.007738541,-0.04123913,0.06829323,-0.042241234,-0.010701074,0.0,0.08895362168550491
Shankar Lalwani,-0.43611747,-0.03756366,0.23411882,-0.08992423,-3.3351593,0.19829725,0.117859036,0.0011995295,-0.1073336,-0.030576902,0.07362576,0.0,-0.0038552852,0.052835554,0.04031552,0.048553202,0.1550425,0.00066185236,-0.081393294,-0.3128916,-0.053597298,-0.009139913,0.0,0.08895362168550491
Shatrughan Sinha,0.90935606,-0.019100461,-0.1013949,-0.0556085,-2.964448,-2.501105,-0.20852284,0.003054991,0.10579944,0.007529261,-0.009937241,0.0,-0.0033907208,0.0075587155,0.0029279487,0.025018778,0.061814513,-0.030865718,0.028688168,0.021318842,-0.058215458,-0.008492448,0.0,0.08895362168550491
Shri  Dharambir Singh,-0.39006445,-0.036610693,0.04872305,-0.115348004,-3.0528016,-0.21866965,-0.24153167,0.0029558807,0.12902132,0.0074884365,-0.024390943,0.0,-0.005480223,0.03571962,0.025055155,0.061207768,0.05014515,0.004439397,-0.16103438,-0.21691877,0.23490462,-0.0055215936,0.0,0.08895362168550491
Shri A. A. Rahim (2022-28),-0.43867305,-0.053946894,-0.09551106,0.051077288,-3.1445906,-1.5824952,0.49408108,-0.0019478101,0.086059354,0.004460619,-0.009319023,0.0,-0.0024858057,0.013105368,0.009546824,0.018856421,0.062876776,-0.0006733266,-0.16499962,0.023784349,-0.013387056,-0.008043501,0.0,0.08895362168550491
Shri Abdul Wahab (2021-27),-0.13121901,-0.011565804,0.30419788,0.044085905,3.2352617,-0.13279408,-0.11744703,0.0021154939,0.082901865,-0.003162454,-0.04654352,0.0,-0.004713487,0.12809503,-0.005860951,-0.072447725,0.102682665,-0.029471528,-0.06869236,-0.2785242,-0.19774777,-0.008574406,0.0,0.08895362168550491
Shri Abhishek Banerjee,-0.16257069,0.06323976,0.30735192,-0.04622291,3.275896,-0.06783337,-0.10467602,-0.0029356205,0.02290406,0.0115686115,-0.012001313,0.0,0.004997948,0.12539826,0.014439462,-0.09423491,-0.040514603,0.0091417665,-0.06483242,-0.12526442,-0.21552962,-0.007666992,0.0,0.08895362168550491
Shri Aditya Prasad (2022-28),-0.11407274,-0.0061546285,0.3364811,0.051669158,3.0085378,-0.06927469,-0.11618915,0.003327893,0.017113324,-0.0007744712,0.1074073,0.0,-0.0022735386,0.07763552,-0.089050956,-0.19233742,0.0104945805,-0.012075512,0.019770473,0.108149864,0.26567215,-0.030244114,0.0,0.08895362168550491
Shri Ajay Makan (2024-30),0.807739,0.007980335,-0.1533142,0.08988037,-2.846408,-2.8903246,0.5322095,-0.0007042435,0.07254605,0.0034185546,-0.009543738,0.0,-0.0024858057,-0.120904885,-0.2198954,-0.038903292,-0.057964172,0.0012370991,0.19088532,0.09627788,-0.041331332,0.024969734,0.0,0.08895362168550491
Shri Akhilesh Prasad Singh (2024-30),-0.33348054,-0.04177786,-0.1105156,0.05904099,-3.5134532,-1.5152665,-0.18503062,-0.0012712427,0.11535175,0.0057574725,-0.010480042,0.0,-0.0024858057,0.04113032,0.052426584,0.013252812,0.0052793045,0.0009950455,-0.007965632,0.087124854,0.1936805,0.060413934,0.0,0.08895362168550491
Shri Amar Pal Maurya (2024-30),-0.82862693,-0.054387193,-0.13494426,0.028746067,3.9333425,0.44004866,0.38873458,0.002362405,0.108223274,-0.0038633873,-0.016308887,0.0,-0.0016269225,-0.12271935,0.0134652555,0.07642126,0.074241556,0.015914189,-0.046606436,0.06495417,-0.03650233,0.002922846,0.0,0.08895362168550491
Shri Amar Singh,-0.17446527,-0.04584936,-0.043683756,0.11911067,-1.6496714,0.8980553,0.59560966,0.0022481172,-0.35884377,0.014453357,-0.017128546,0.0,0.0025270365,0.04975498,0.0019519046,-0.21158527,-0.31647432,-0.00343072,-0.23293227,-0.17884162,0.14504252,-0.012348749,0.0,0.08895362168550491
Shri Amit Shah,-0.34239244,0.026392791,0.35277912,0.071530834,-2.9016778,0.7871728,-0.34119138,0.008509763,-0.14851177,-0.03235298,-0.01595745,0.0,-0.00660777,0.057860404,0.008548758,-0.024208104,-0.08058432,-0.032949988,0.0218174,0.076068535,-0.06254929,-0.01722521,0.0,0.08895362168550491
Shri Anil Firojiya,-0.40536124,-0.06022996,-0.10377517,-0.31096315,-3.4046476,0.5695395,-0.23412639,-0.0050377287,-0.2154474,-0.04213148,-0.013948345,0.0,-0.00660777,0.053918462,-0.0031174254,0.009136167,-0.27397668,-0.0012018583,-0.11113814,-0.114547506,0.19721897,-0.011901967,0.0,0.08895362168550491
Shri Anil Kumar Yadav Mandadi (2024-30),-0.3789519,-0.013872031,0.30014035,0.06189766,-3.6591494,0.57391673,-0.19134696,0.00046705233,0.1426053,0.0009784149,-0.01433908,0.0,-0.005413652,0.02516314,0.055688232,-0.15611133,0.04518294,0.0017985173,-0.019540725,0.11482921,0.18588482,-0.019837216,0.0,0.08895362168550491
Shri Arjun Ram Meghwal,-0.69638026,-0.053504977,-0.11177531,-0.35759842,-2.9932983,0.850378,-0.24464649,-0.0017262336,0.03127301,0.0013544587,-0.012516117,0.0,-0.0025318377,0.03260284,0.002194922,-0.17936082,-0.22657543,0.019398332,-0.13299994,0.01721156,-0.19048907,-0.012316783,0.0,0.08895362168550491
Shri Arun Kumar Sagar ,0.8652253,-0.011141977,-0.10073545,-0.036550388,-3.0836508,-2.5005314,-0.23322678,-0.0089174565,0.065666944,-0.054370403,-0.01746762,0.0,-0.002582305,0.028195936,-0.0026803068,-0.037452407,-0.06982278,-0.008450675,0.097792625,0.02091737,-0.18467745,-0.020844059,0.0,0.08895362168550491
Shri Arun Singh (2020-26),-0.19213714,-0.042913407,-0.07408025,0.048700057,-3.6561966,0.8521665,-0.25770786,0.0049658995,0.14746512,0.0053552086,-0.010913504,0.0,-0.0025318377,0.0009581869,0.00061386183,-0.040699363,0.058197882,-0.019422028,-0.13751215,0.018005662,-0.05708324,-0.010492776,0.0,0.08895362168550491
Shri Ashok Singh (2024-30),0.8842564,0.026633058,-0.11629097,0.068739556,-3.0412745,-2.7191389,0.41584724,-0.0014095106,0.092203744,-0.008472539,-0.01868069,0.0,-0.0024858057,0.035002038,0.048314717,0.020881396,-0.18498398,-0.010900482,-0.19851443,0.010794446,-0.13667849,-0.010050767,0.0,0.08895362168550491
Shri Ashokrao Shankarrao Chavan (2024-30),1.1315906,-0.037322495,-0.16705552,0.010686314,3.0771174,0.6948182,0.24216676,0.0023138183,0.10948731,-0.0071107754,-0.026672693,0.0,-0.0025318377,-0.11843987,-0.008828497,-0.0318728,-0.2372502,-0.19473398,0.12167069,0.10967457,0.10506458,0.023456955,0.0,0.08895362168550491
Shri Ashwini Vaishnaw (2024-30),0.94703496,-0.041818235,-0.11085967,-0.09487567,-3.0484307,-2.4736443,-0.12264027,0.00048609823,0.10594405,0.000645771,-0.012441202,0.0,-0.0033907208,-0.10597351,0.003815663,-0.124693125,-0.2140035,0.0018667323,-0.02421787,0.023949629,-0.06459683,-0.00698056,0.0,0.08895362168550491
Shri B Y Raghavendra ,-0.12313156,0.06544328,-0.03828023,0.16513278,0.3183485,-0.116672345,-0.12278273,-0.0068390947,0.03214835,-0.021841772,-0.024727676,0.0,-0.0064949077,0.09128432,0.01396833,0.069643795,-0.047203276,-0.0033205242,-0.091290854,-0.25668567,-0.11103992,-0.016015878,0.0,0.08895362168550491
Shri B. Parthasaradhi Reddy (2022-28),0.8520494,0.03272254,-0.102187395,0.13932769,-2.6507673,-2.8705883,0.44760936,-0.0014179402,0.08622518,-0.011326711,-0.011290081,0.0,-0.0033907208,-0.04153701,0.0027719953,-0.093488,-0.18569809,-0.01921707,0.21655564,0.12627728,-0.08648856,0.029455293,0.0,0.08895362168550491
Shri B.L. Verma (2020-26),-0.25953135,-0.015934749,-0.043347128,0.019280393,-1.8784102,-0.495106,-0.20946106,0.00064265146,0.143972,0.0055726753,-0.02838362,0.0,-0.0016166708,0.044569995,-0.015071971,0.035769388,0.14013222,-0.02734141,-0.09864546,-0.16298768,0.28312755,-0.02042102,0.0,0.08895362168550491
Shri Babubhai Jesangbhai Desai (2023-29),-0.1326994,0.0050711473,0.26647857,0.054552287,3.29685,-0.08250585,-0.1019733,0.0019802335,0.09135101,-0.0017497875,-0.035495497,0.0,-0.005480223,0.12811935,-0.097874954,0.06074479,0.094881445,0.010747333,-0.071531594,-0.12332238,-0.17635418,-0.011832229,0.0,0.08895362168550491
Shri Baburam Nishad (2022-28),-0.482278,0.0627293,-0.14167038,0.031217232,-2.8459413,-0.4414283,-0.21593314,0.0009955314,0.12972865,0.0043473775,-0.02877858,0.0,-0.0016166708,0.014864439,-0.022605162,0.009277509,-0.063357614,-0.013876403,-0.060650416,0.018179893,-0.1583246,-0.024257058,0.0,0.08895362168550491
Shri Balyogi Umeshnath (2024-30),1.64275,-0.035514656,-0.10701935,-0.11146615,-0.27071908,1.3040006,0.40168867,0.009863391,0.16494203,0.003735855,-0.0065956796,0.0,-0.0016269225,0.10699891,0.008926752,0.071429335,0.020141203,-0.0050392235,-0.14432108,0.011234384,-0.1788438,-0.0158945,0.0,0.08895362168550491
Shri Banshilal Gurjar (2024-30),0.9458692,-0.032391608,-0.08103761,0.07568229,-3.2837582,-2.512418,-0.13552657,0.00076509337,0.10890473,0.00267063,-0.010480042,0.0,-0.0033907208,0.0008190002,0.025074618,-0.11781314,0.13408826,-0.0037056147,-0.034633033,0.020831937,0.17678271,0.01850613,0.0,0.08895362168550491
Shri Benny Behanan,1.1862072,-0.05573066,-0.15270329,-0.053297237,2.1966882,0.65740055,-0.079893515,-0.004917328,0.10096207,0.0031764843,-0.02308242,0.0,0.0014923324,-0.16575804,0.0020194026,0.066145904,-0.27933225,0.013239098,-0.0135102905,0.06290623,-0.060058787,-0.0044636857,0.0,0.08895362168550491
Shri Bhartruhari Mahtab,-0.16411543,-0.028103385,-0.12636992,0.14466465,-0.5302005,-0.60094965,-0.12483422,-0.0040244265,0.04997716,0.0028585384,-0.02864505,0.0,0.0003932733,-0.23784484,0.038644858,-0.25062948,0.08050492,0.025374481,-0.14164762,-0.1390262,-0.1599945,-0.009884467,0.0,0.08895362168550491
Shri Birendra Prasad Baishya (2025-31),0.85376954,-0.040854763,-0.13281405,0.08021424,-2.986477,-2.802969,0.3931721,5.5268465e-05,0.085819386,0.004398494,-0.010427555,0.0,-0.0024858057,-0.05605777,0.012619672,0.02979783,0.061209086,-0.00047208066,-0.13800201,0.08390642,-0.03501321,-0.007867026,0.0,0.08895362168550491
Shri Brij Lal (2020-26),-0.18773961,-0.027991006,-0.15058216,-0.03601353,-0.3738842,-0.70187587,-0.13395976,0.0098693045,0.1428611,0.0064804335,-0.026013467,0.0,-0.0016166708,0.10199397,-0.00040417048,0.080411464,0.07843946,-0.04922621,-0.057054248,0.018798403,-0.140254,-0.017437238,0.0,0.08895362168550491
Shri Chandra Prakash Choudhary,-0.15300135,0.025007842,-0.14925984,0.0638191,-3.7202747,-1.6051779,-0.20167597,-0.011373294,-0.009347735,-0.049563777,-0.0110311685,0.0,-0.0016164391,0.008201236,-0.20776016,0.0326064,0.063761644,-0.0021599352,0.14787601,0.02616009,0.00078411686,0.006158244,0.0,0.08895362168550491
Shri Chandrakant Damodar Handore (2024-30),1.1606808,-0.04177889,-0.09803459,0.021564031,3.7698574,0.25233978,-0.1487438,0.00046133524,0.11523248,-0.0018688388,-0.018936222,0.0,-0.0016269225,0.08161876,0.029825795,-0.1607097,-0.007979539,-0.0026174034,-0.024052698,0.07320271,0.20835868,0.029786747,0.0,0.08895362168550491
Shri Chunnilal Garasiya (2024-30),-0.28392705,-0.048750408,-0.03322035,-0.07255738,-3.3344207,-1.4512669,-0.13192998,-0.0016806992,0.11127704,0.0048345174,-0.012710082,0.0,-0.0024858057,0.04649949,0.0047854744,0.012731779,-0.2583555,0.0033022151,-0.093972676,-0.09795485,-0.04333647,-0.0060181627,0.0,0.08895362168550491
Shri Damodar Rao Divakonda (2022-28),-0.15664226,-0.03816195,0.33248985,0.08911141,4.4117374,-0.11337937,-0.121405005,0.0011998283,0.07841851,-0.0022168464,-0.030047433,0.0,-0.004498485,0.030285683,-0.0043490706,0.084077016,0.070104,0.031404864,-0.10398274,0.07492189,-0.07015101,-0.008829103,0.0,0.08895362168550491
Shri Deepak (Dev) Adhikari ,-0.4632648,-0.055574853,-0.1576791,-0.0031927123,-2.631808,-0.023829369,-0.20035022,-0.0015322657,-0.30306938,-0.038276926,-0.013746979,0.0,-0.00660777,-0.1481076,0.0051118745,0.044029664,-0.22060195,-0.0544722,-0.041213956,0.090925045,0.0049397266,0.017588649,0.0,0.08895362168550491
Shri Devendra Pratap Singh (2024-30),1.2100393,-0.05055384,-0.11907528,0.036362644,3.829931,0.0106869005,-0.094796196,-0.0018514348,0.078570634,-0.0010415353,-0.023074154,0.0,-0.0025984084,-0.13688336,-0.05901154,-0.18099,-0.040824722,-0.20015755,-0.008905045,0.07436297,-0.07688077,-0.016518665,0.0,0.08895362168550491
Shri Dhananjay Bhimrao Mahadik (2022-28),-0.6963272,-0.021257369,-0.12724827,-0.14376312,-2.0494483,-0.33644122,-0.24949773,0.0037898617,0.1383992,0.008101214,-0.02448829,0.0,-0.0025984084,0.027816286,0.0053619463,0.05622682,0.068896726,0.008095285,-0.14784957,0.009843839,-0.12777647,-0.015672604,0.0,0.08895362168550491
Shri Dorjee Tshering Lepcha (2024-30),-0.10820926,-0.028059408,-0.16901974,-0.20761803,0.9118,-0.40165585,-0.13258919,-0.0016628117,0.09919978,0.0064804335,-0.029288258,0.0,-0.0016166708,0.113334894,-0.21338019,-0.08217609,0.14776115,-0.04846672,-0.07587195,0.06755377,0.04565007,-0.008746529,0.0,0.08895362168550491
Shri G.C. Chandrashekhar (2024-30),-0.38866615,0.031214414,0.1926615,0.06388585,-3.4896314,-0.07885457,-0.25408712,0.0002610227,0.12090643,0.0033318656,-0.025240626,0.0,-0.0045087365,-0.07225336,-0.0015094307,0.056724932,0.040836398,-0.016595867,-0.16400637,-0.3161541,0.20738305,-0.0072307293,0.0,0.08895362168550491
Shri Ghanshyam Tiwari (2022-28),-0.59167874,-0.020275285,0.31897384,-0.028517706,3.2125564,-0.079898275,-0.10430947,-0.00018656388,0.0745283,-0.003610979,-0.0307709,0.0,-0.0056952247,0.098496884,-0.005390797,-0.06851005,0.090439126,0.026209902,-0.079433836,-0.32538527,-0.13744603,-0.005713978,0.0,0.08895362168550491
Shri Golla Baburao (2024-30),0.93419623,0.039705057,-0.15622038,0.09244992,-3.1818235,-2.5744371,-0.112101555,0.00097006955,0.11323557,0.0012697517,-0.013185043,0.0,-0.0033907208,0.027382161,0.04484871,-0.09616067,0.033507243,-0.007888678,-0.0397891,0.0528829,-9.770709e-05,-0.00539962,0.0,0.08895362168550491
Shri Govindbhai Laljibhai Dholakia (2024-30),0.12368294,0.058327354,0.58912706,0.24511452,1.1624922,-0.18684039,0.3734077,0.0021402582,0.095824726,0.0056455582,-0.032138105,0.0,-0.0025984084,0.11872646,0.046410844,0.07902883,0.11781395,-0.0025749197,-0.09896024,0.13059361,-0.04466282,-0.014464268,0.0,0.08895362168550491
Shri Gulam Ali (2022-28),-0.43386012,-0.009994071,-0.059536323,-0.29274684,-3.4157329,0.4852117,-0.2329113,0.00039858627,0.14311656,0.005988254,-0.015415446,0.0,-0.0016269225,0.020664863,-0.18357345,0.016985163,0.0048310272,-0.018894421,-0.058343943,0.01181321,0.057768185,-0.0154740885,0.0,0.08895362168550491
Shri Gurjeet Singh Aujla,-0.11274986,0.07085659,0.30021346,0.21647613,1.3821117,-0.2242594,-0.07798291,-0.0042933673,-0.22522631,-0.005681648,-0.030958612,0.0,-0.005920867,0.12925722,0.014478905,0.12186783,0.13197696,-0.004817131,-0.06879179,-0.2182085,0.25933573,-0.016702766,0.0,0.08895362168550491
Shri Hanuman Beniwal,-0.45784995,-0.014473686,-0.021889163,-0.0061924215,-3.0063157,-0.28267407,-0.24500357,-0.0046399217,-0.00445054,0.0038476433,-0.02055231,0.0,0.0014867126,0.040400766,0.020154549,0.06882181,0.06453354,-0.0041694776,-0.11244152,-0.1089598,-0.2668203,-0.011169567,0.0,0.08895362168550491
Shri Harbhajan Singh (2022-28),-0.17200945,-0.022232456,-0.09789699,0.039223175,-2.0002177,-0.48128745,-0.2540406,0.00071716635,0.14464517,0.007583711,-0.02515092,0.0,-0.0016166708,0.05721267,-0.0075113904,0.071229726,0.08461879,-0.041931983,-0.13290152,-0.11597602,-0.031894024,-0.014215783,0.0,0.08895362168550491
Shri Hardeep Singh Puri (2020-26),-0.30122536,-0.038522173,-0.09890737,-0.14387453,-0.48189893,-0.5596506,-0.13152948,0.009658467,0.15085028,0.006322968,-0.024543324,0.0,-0.0025984084,0.11640041,-0.19673686,0.08125567,0.08448057,-0.0364233,-0.12820631,-0.041214533,-0.1488097,-0.020650463,0.0,0.08895362168550491
Shri Haris Beeran (2024-30),1.6593078,-0.037384853,-0.081620015,0.22369781,0.014143227,1.091193,0.014286601,0.008478988,0.16779959,-0.0016914532,-0.012801092,0.0,-0.0025318377,-0.16162272,-0.0026356764,-0.18069093,-0.2761478,-0.0032896646,-0.034291714,0.033210874,0.118846595,-0.0048673255,0.0,0.08895362168550491
Shri Harsh Mahajan (2024-30),-0.4710374,0.059436824,0.14579423,0.07634029,-3.0385373,-0.32296327,-0.23857318,0.0020246957,0.118744634,-0.00815396,-0.032018542,0.0,-0.004713487,0.00046049032,0.003981515,-0.09642982,0.0028174846,0.00056519196,-0.15875249,-0.22569592,-0.10871218,-0.010831984,0.0,0.08895362168550491
Shri Hibi Eden,-0.9843096,-0.048477363,-0.047955167,-0.4103375,-0.34254232,0.68185866,0.20854731,-0.004083249,0.14687878,-0.0023039323,-0.017799182,0.0,-0.0016269225,-0.22899133,-0.21631242,0.0615974,-0.013573177,0.0012089503,-0.107110865,-0.14422588,0.13435087,-0.016245326,0.0,0.08895362168550491
Shri I.S. Inbadurai (2025-31),0.8735792,-0.042166773,-0.112608664,0.0096223205,-2.9938927,-2.538155,-0.19406955,0.0023916834,0.107961096,0.00042309967,-0.012441202,0.0,-0.0033907208,0.025616767,0.004557291,-0.14636055,-0.20607294,-0.013196134,0.034941457,0.06654958,-0.05907895,-0.0062702876,0.0,0.08895362168550491
Shri Ilaiyaraaja (2022-28),-0.4361802,-0.032886393,-0.097090274,-0.09136704,-3.306391,-1.4068432,-0.24191655,-0.0009125943,0.09956933,0.0068958933,-0.009840361,0.0,-0.0024858057,0.024383016,0.0025911995,-0.016552659,0.088600494,-0.002536485,0.026271628,0.069906965,-0.008567931,0.052007973,0.0,0.08895362168550491
Shri Imran Pratapgarhi (2022-28),-0.19315153,-0.019216064,-0.09077319,-0.046559423,-3.5551987,-1.488874,-0.19382311,0.00045839295,0.12062229,0.007937164,-0.016477091,0.0,-0.0024858057,0.05378697,0.053812567,0.0049626348,0.14138944,-0.011433826,-0.053699836,0.05987875,-0.1945602,-0.01390627,0.0,0.08895362168550491
Shri Jaggesh (2022-28),-0.22718978,-0.00825987,0.32714462,0.04757997,-2.0858982,-0.24209294,-0.23684789,0.000343217,0.13417196,0.0058220867,-0.029005904,0.0,-0.005480223,-0.0153299505,-0.013470705,0.05609305,-0.0045511816,-0.054801058,-0.08935335,0.077033415,0.068924285,-0.016468845,0.0,0.08895362168550491
Shri Jairam Ramesh (2022-28),-0.42673635,-0.05289788,-0.076483145,-0.31710535,-3.344865,-1.3370078,-0.24208325,0.0026217145,0.103599034,0.0068337684,-0.01133454,0.0,-0.0024858057,0.022253692,0.003493282,0.04967985,-0.043431178,2.2777589e-05,0.16633551,0.01615776,-0.0710072,-0.021745902,0.0,0.08895362168550491
Shri Janardan Singh Sigriwal ,-0.5375461,-0.023927929,-0.14216016,-0.062397517,4.240956,-0.14799327,-0.09873127,0.008421587,0.009328723,0.008957323,-0.021041516,0.0,0.0015820288,-0.1304584,-0.027055725,-0.2022925,-0.019908613,0.04675922,-0.04649128,0.027877625,-0.09813088,0.01274434,0.0,0.08895362168550491
Shri Javed Ali Khan (2022-28),-0.22464086,-0.021026386,-0.11910176,-0.33033064,-2.0935276,-0.2782558,-0.29434553,0.006902812,-0.32543358,0.009698203,-0.02233481,0.0,0.0012717104,0.040540192,0.053967092,-0.21961857,0.014539443,-0.04638213,-0.10736955,-0.16625541,0.12745935,-0.017381439,0.0,0.08895362168550491
Shri Jayant Chaudhary (2022-28),0.94710445,-0.03696401,-0.08855056,-0.07785534,-3.2316184,-2.5447457,-0.15462871,0.0019508771,0.102104925,0.0067253476,-0.009937241,0.0,-0.0024858057,0.011980979,-0.16476314,0.03395994,0.05181011,-0.0043631983,-0.034895413,0.05924606,-0.073148325,-0.017636716,0.0,0.08895362168550491
Shri Jose K. Mani (2024-30),-0.6413006,0.049406927,-0.18847424,-0.011372483,-0.6762818,-0.5028352,-0.11433884,0.007356409,0.13555904,0.001925125,-0.02596775,0.0,-0.0028134105,-0.2128896,0.006082446,-0.2436472,0.061360378,-0.030190712,-0.07396073,0.0026093682,-0.101557516,-0.0046538627,0.0,0.08895362168550491
Shri Jual Oram,-0.113903515,0.0726271,-0.0145671405,0.10790764,0.18042937,0.7568601,-0.07094576,0.0067501497,0.040876184,0.01578285,-0.015602713,0.0,0.0034319516,0.11709312,0.014519647,0.10357169,0.09156743,0.009654609,-0.076782204,-0.13871016,0.014912127,-0.017079724,0.0,0.08895362168550491
Shri Jugal Kishore Sharma,0.12995487,0.017744724,-0.13200097,-0.089930706,4.2770925,-0.1362491,-0.099918135,0.0014959518,0.026132733,-0.0021209272,-0.023036798,0.0,-0.0030390525,0.08592606,0.0026049623,-0.23577634,-0.09913573,0.05629846,-0.06119538,-0.008639189,-0.21632887,-0.013009196,0.0,0.08895362168550491
Shri Jyotirmay Singh Mahato ,0.8721357,0.055138584,-0.16647963,0.14015827,-2.6371822,-2.745201,0.52331865,0.0048102112,-0.12934351,-0.02694023,-0.017247422,0.0,0.0036424068,-0.02965855,0.011311059,-0.11622424,-0.16450092,-0.006882166,0.20463638,0.12994887,-0.014389441,-0.008232231,0.0,0.08895362168550491
Shri K.R.N. Rajeshkumar (2022-28),-0.18266174,-0.066968076,-0.108278334,-0.19167587,0.026542187,0.13480096,-0.07865766,0.0069215856,0.17832527,0.0008330074,-0.02666031,0.0,-0.0025318377,0.102303945,-0.21277267,-0.25592625,-0.39399287,-0.051524803,-0.12732191,-0.08762523,-0.10736324,-0.019880818,0.0,0.08895362168550491
Shri Kapil Sibal (2022-28),-0.38351676,-0.06278091,-0.07793779,-0.31568033,-2.7839677,-0.03955882,-0.22930343,0.0023029293,0.17178562,0.0060093566,-0.02746755,0.0,-0.0016269225,0.014582163,0.0030046236,0.040001098,-0.24291474,-0.03667194,-0.15191334,0.009691491,-0.020435069,-0.0078755785,0.0,0.08895362168550491
Shri Karti P Chidambaram ,-0.37204376,0.064687155,-0.084705845,0.014463019,-3.0326295,-0.2854567,-0.21420972,0.0020547153,-0.0036196483,0.008784473,-0.024101231,0.0,0.0024604658,0.036939476,-0.0052369055,0.060852904,0.051616598,-0.040341724,-0.12601857,-0.097652085,0.2815096,-0.0046653682,0.0,0.08895362168550491
Shri Kesridevsinh Jhala (2023-29),-0.69371086,0.019009711,0.29849327,0.06800862,-3.05609,0.63932735,-0.27074862,0.002778102,0.13999757,-0.0011892971,-0.0133906845,0.0,-0.005413652,0.032656647,0.04571629,-0.13293849,0.103274316,-0.016744243,-0.14072987,0.10003962,-0.048413508,-0.0043873773,0.0,0.08895362168550491
Shri Khiru Mahto (2022-28),-0.29433313,-0.041041773,0.39271748,0.06497771,-2.0912905,-0.3128699,-0.28911802,0.0007287918,0.13224593,0.0019574824,-0.0285938,0.0,-0.004498485,-0.041610073,-0.18379232,0.05175416,0.08555039,-0.03171693,-0.1458166,0.0286218,0.1949293,-0.01751713,0.0,0.08895362168550491
Shri Kumbakudi Sudhakaran,-0.12981103,0.052293576,-0.12497244,-0.32353893,4.7367315,-0.08605054,-0.09090224,0.0019549837,-0.24613272,0.0074151754,6.9406815e-05,0.0,0.0022454634,-0.122322,0.0007107927,-0.049536984,-0.11364579,0.035980657,-0.037152346,0.06612672,-0.119228885,0.002351045,0.0,0.08895362168550491
Shri LS Tejasvi Surya ,-0.66037464,-0.07609927,-0.11513338,-0.16369231,-0.15015411,0.687429,-0.08047905,-0.0066657094,0.020909429,0.00824701,-0.0236306,0.0,0.0024581985,0.07961309,-0.006954967,0.06910854,-0.28364652,0.004549745,-0.04959407,0.0055620535,0.10009321,-0.025209185,0.0,0.08895362168550491
Shri Lahar Singh Siroya (2022-28),0.8530199,-0.039118838,-0.13690257,0.101097606,-2.7660763,-2.8765616,0.5308262,-0.0006297286,0.08471048,0.00044241786,-0.008195645,0.0,-0.0033907208,-0.108250275,-0.19573788,-0.080002576,0.05634939,-0.033706963,0.18450426,0.08071208,-0.067434646,0.018619066,0.0,0.08895362168550491
Shri M K Raghavan,0.8694313,0.008731446,0.3653949,0.08090655,-3.1376004,-2.5569577,-0.13476674,-0.0034034199,0.08790537,0.0026945593,-0.013834581,0.0,-0.0024858057,0.052530106,0.009633905,-0.03548261,-0.09230569,-0.022018287,-0.014878593,0.11351693,-0.048052683,-0.013361444,0.0,0.08895362168550491
Shri Madan Rathore (2024-30),-0.8393741,-0.03330024,0.22974242,-0.32325318,3.963055,0.3684409,0.32782373,0.001605076,0.10097755,-0.008592627,-0.034441214,0.0,-0.005413652,0.06797492,0.023338482,-0.058981095,-0.25941977,0.055304475,-0.09455846,-0.36101988,-0.032583095,-0.005208082,0.0,0.08895362168550491
Shri Mahendra Bhatt (2024-30),1.241402,-0.026747862,-0.110678144,0.025801504,4.123766,-0.08854332,-0.17863882,0.0019802335,0.078592494,-0.0025636673,-0.021912923,0.0,-0.001831673,0.06174642,0.026963182,-0.05173256,0.070489794,-0.03385807,-0.1028939,-0.08098873,-0.10322609,-0.0045015938,0.0,0.08895362168550491
Shri Manan Kumar Mishra (2024-28),-0.6591954,-0.047333494,0.5250305,-0.036185157,-2.651457,-0.26445392,-0.2151568,-0.00016224012,0.1245981,0.0002566945,-0.028078433,0.0,-0.0056952247,-0.07546051,0.005693642,-0.17691629,-0.21108264,0.008521249,-0.05099976,0.120710224,-0.057474498,-0.005069982,0.0,0.08895362168550491
Shri Manas Ranjan Mangaraj (2022-28),-0.2977983,0.011275775,-0.09598003,0.07610238,-3.3744702,-1.4577333,-0.17543167,0.0015454986,0.10626302,0.00029399007,-0.016717954,0.0,-0.0033907208,0.0014912745,0.0046889023,-0.12040259,0.029154003,-0.02510909,-0.05253073,0.020341141,-0.20691621,-0.013041194,0.0,0.08895362168550491
Shri Masthan Rao Yadav Beedha (2024-28),-0.24747317,-0.03596639,0.37034252,-0.106422104,-3.5174866,0.6068706,-0.287767,0.0023548547,0.13354868,0.0007187663,-0.012511564,0.0,-0.005413652,-0.09302932,-0.17230971,-0.15757652,-0.04544789,0.013240981,-0.044694412,0.100758724,-0.056173954,-0.010855127,0.0,0.08895362168550491
Shri Mayankkumar Nayak (2024-30),-0.94459134,0.028001923,0.23026001,-0.53960055,1.7261568,0.38160107,-0.0890666,0.0021015836,0.10048099,-0.0048915846,-0.038548127,0.0,-0.0045087365,-0.27352837,-0.030171111,0.049738795,0.07070252,-0.12467396,-0.24651714,-0.28415564,-0.22104678,-0.01021986,0.0,0.08895362168550491
Shri Meda Raghunadha Reddy (2024-30),-0.20703174,-0.025765339,0.3901921,-0.1842945,0.16477779,-0.32173282,-0.09220087,0.0044981777,0.12980662,5.9082988e-05,-0.038815197,0.0,-0.0056952247,0.049530927,0.008745862,-0.27680528,-0.39665648,-0.0044986587,-0.15708113,0.1322842,-0.08657088,-0.015214787,0.0,0.08895362168550491
Shri Mithlesh Kumar (2022-28),-0.42570728,0.05718329,-0.13240816,0.018340578,-2.8798118,-0.19032246,-0.28635755,-0.0048939874,-0.004285045,0.0062021357,-0.024677418,0.0,0.0014867126,0.034424357,-0.17909238,-0.036269873,-0.009898968,-0.00089596154,0.28110573,-0.009823792,0.15652274,0.08593128,0.0,0.08895362168550491
Shri Mohammed Nadimul Haque (2024-30),0.5382287,-0.015338552,-0.16367012,0.17018828,0.33603504,-2.2726653,0.26247168,0.0020795248,0.11874805,0.0038685466,-0.016552627,0.0,-0.0024858057,-0.21008287,-0.26056525,-0.03841808,-0.06793583,0.0035102726,0.09690799,0.048684135,-0.24178945,-0.01706346,0.0,0.08895362168550491
Shri Mukul Wasnik (2022-28),-0.10657405,-0.03585101,-0.04399494,0.01599111,4.5688214,-0.09172618,-0.04363593,-0.0009743084,0.09826457,-0.0013843037,-0.02714576,0.0,-0.0028134105,0.08687191,-0.01684063,-0.07000389,0.020242495,-0.010462615,-0.0502387,-0.21701252,0.25467294,-0.009715293,0.0,0.08895362168550491
Shri NK Premachandran,-0.39502642,0.014477934,-0.082490966,-0.04573516,-3.5794375,0.78509265,-0.25834337,-0.0007946654,-0.04453417,-0.0069044726,-0.025329513,0.0,-0.007399823,0.032681037,0.005906595,-0.18893272,0.08602838,-0.0007874134,-0.1859566,-0.15368393,-0.20709802,-0.015560677,0.0,0.08895362168550491
Shri Nagendra Ray (2023-29),0.8455102,-0.045682546,-0.104448244,-0.105935246,-2.1767547,-2.6770716,0.49605745,0.0030220607,0.10957301,0.008994275,-0.008501988,0.0,-0.0024858057,0.058806818,0.005614912,-0.0022867108,0.07639638,0.017091611,0.11692203,0.08237754,-0.016468033,0.048309393,0.0,0.08895362168550491
Shri Narain Dass Gupta (2024-30),0.93153894,-0.032709822,-0.10753389,-0.103956886,-3.063922,-2.5870059,-0.16736765,0.00023269263,0.10474621,0.0057939887,-0.0094746,0.0,-0.0024858057,-0.0041582254,0.0036820783,0.038739573,0.061894488,-0.007764726,0.026001433,0.060573373,0.048205603,0.022519687,0.0,0.08895362168550491
Shri Narayanasa K. Bhandage (2024-30),-0.14311838,-0.013797542,0.5004779,0.07188427,-1.7912842,0.7802189,-0.14400245,0.003215486,0.17846279,0.00747905,-0.015356231,0.0,-0.0016269225,0.08449577,0.06088712,0.068152815,0.1682293,0.022145059,-0.016500076,0.08262029,0.16810516,-0.008270706,0.0,0.08895362168550491
Shri Narendra Modi,-0.47289371,0.04980747,0.087258816,-0.018484244,-2.940851,-0.06705235,-0.15888585,-0.0034111529,0.019893672,0.006142301,-0.03767164,0.0,-0.0013894818,-0.1603055,0.008425766,0.054964095,-0.004335436,-0.054641932,-0.21129782,-0.27316552,-0.16376527,-0.0059154327,0.0,0.08895362168550491
Shri Naresh Bansal (2020-26),-0.15168911,-0.054744,0.053910576,-0.33541852,-0.36721876,0.0023408504,-0.12421765,0.00989039,0.15548916,0.0034633712,-0.018556379,0.0,-0.0045087365,0.08543711,-0.0018517299,0.057143044,0.079481006,-0.051117714,-0.072814114,-0.2640263,-0.050807722,-0.026956512,0.0,0.08895362168550491
Shri Naveen Jain (2024-30),0.8956465,-0.044729706,-0.13912347,0.08425258,-3.0264525,-2.6040988,-0.2181599,-0.0013034246,0.10079976,0.005928018,-0.011237661,0.0,-0.0024858057,-0.101043,0.005520598,-0.013975952,-0.054708213,-0.005245742,0.10781176,0.11908431,-0.061119206,0.040151533,0.0,0.08895362168550491
Shri Neeraj Shekhar (2020-26),0.13763697,-0.022308249,-0.18656638,0.043898292,3.0420306,-0.09013807,-0.16000439,0.0023160386,0.116882615,-0.0012001521,-0.029723823,0.0,-0.0025318377,0.12152493,-0.060583133,-0.06615078,-0.3231269,-0.0070546833,0.15767498,0.057178155,-0.10596116,0.05992151,0.0,0.08895362168550491
Shri Nitin Laxmanrao Jadhav Patil (2024-28),1.1148415,-0.029285416,-0.15187769,-0.006554847,3.4842207,0.5268817,0.3087226,0.0023021284,0.1056359,-0.006783461,-0.017653871,0.0,-0.0025318377,-0.1323809,-0.0018793256,-0.045703214,-0.23391515,-0.18538868,0.12216746,0.08810312,-0.038658004,0.017669467,0.0,0.08895362168550491
Shri P. Chidambaram (2022-28),-0.100389734,0.0016356019,-0.0042567635,0.043235935,0.14169131,0.9036092,-0.033013318,0.010086373,0.18514358,0.0057335086,-0.010505741,0.0,-0.0016269225,0.1233279,0.014018321,0.0626699,0.017075198,-0.008853302,-0.10403945,-0.13153386,0.24134067,-0.012873965,0.0,0.08895362168550491
Shri P. P. Suneer (2024-30),-0.4629379,-0.027742337,-0.089797296,-0.35215062,-3.1803057,-1.3401453,-0.17007539,0.0012743098,0.110404916,0.0025366007,-0.0101142805,0.0,-0.0033907208,-0.12785546,-0.15854579,-0.14573012,0.055607557,-0.033541873,-0.007471598,0.031693038,0.17470616,-0.008477354,0.0,0.08895362168550491
Shri P. Wilson (2025-31),0.85330224,-0.020351388,-0.121946305,-0.08488653,-2.8876567,-2.6027498,-0.16345285,0.0008356071,0.095316455,0.0064273565,-0.0094746,0.0,-0.0024858057,-0.02123101,-0.009886807,-0.0367592,0.104409724,-0.029836098,0.099942915,0.09006307,0.04907023,0.027776368,0.0,0.08895362168550491
Shri PP Chaudhary,1.2292484,-0.03009263,-0.10808062,-0.013966398,3.1434033,0.6794215,0.34679446,-0.0010690809,0.08169888,-0.006713525,-0.012663881,0.0,-0.0016269225,-0.15745828,0.0040320107,0.055842847,0.09150763,-0.20755084,-0.092010304,-0.23714265,-0.027315026,0.002189562,0.0,0.08895362168550491
Shri Pabitra Margherita (2022-28),0.8524788,-0.04167748,-0.10628816,0.048426863,-3.1281874,-2.7256637,0.46047562,-0.001401704,0.08918635,0.004460619,-0.010427555,0.0,-0.0024858057,0.05740308,0.010664745,0.02267076,0.07383807,-0.0033993532,-0.22111848,0.027009638,-0.026306415,-0.010714669,0.0,0.08895362168550491
Shri Paka Venkata Satyanarayana (2025-28),0.4830666,-0.09003279,-0.18128876,-0.2502966,0.47986498,-2.1335027,0.16089627,0.0016003645,0.09124723,-0.0014563059,-0.01742122,0.0,-0.0033907208,-0.22548448,-0.007546772,-0.15665847,-0.42151126,-0.016994271,0.092009775,0.09368574,0.11644253,0.03091976,0.0,0.08895362168550491
Shri Pradip Kumar Varma (2024-30),-0.30522373,0.048325993,-0.08951569,0.09520453,-1.7329159,1.2492675,0.97280794,0.00688519,0.1516627,0.0070438087,-0.0104410015,0.0,-0.0016269225,0.04972558,0.054716874,0.025648609,0.15141016,0.027681079,0.37766105,0.16182965,-0.019950302,-0.009607797,0.0,0.08895362168550491
Shri Praful Patel (2024-30),-0.61142105,0.06927808,-0.14374164,0.13469444,-1.8617605,0.80692255,-0.19965173,0.0023290126,0.1754528,-0.0073149605,-0.017766291,0.0,-0.0016269225,-0.098912194,0.011026004,0.03971621,-0.18074602,-0.011344948,-0.07128745,0.048572272,-0.053319346,-0.007474752,0.0,0.08895362168550491
Shri Pramod Tiwari (2022-28),-0.38273636,-0.027957503,-0.07278392,0.040494382,-3.669475,0.7373143,-0.24466965,0.004185494,0.15065977,0.0070314137,-0.014078164,0.0,-0.0016269225,0.016807297,-0.009453512,0.010176638,0.066133305,-0.01888597,-0.11578967,-0.09977704,0.20542762,-0.010415195,0.0,0.08895362168550491
Shri R. Dharmar (2022-28),-0.4983386,-0.028442405,0.4893687,-0.29221788,-3.3555112,-0.2346434,-0.23728813,-0.0015965657,0.10233672,0.0057740747,-0.029009782,0.0,-0.0016166708,-0.03914653,0.029789709,0.0157099,0.13366777,-0.023900257,-0.03029567,0.07327032,-0.10798867,-0.016914908,0.0,0.08895362168550491
Shri R. Girirajan (2022-28),-0.27879384,-0.012195676,0.45150316,-0.013604223,-1.9383296,-0.356097,-0.34668395,0.0008238756,0.12680866,0.002863233,-0.03299978,0.0,-0.004498485,-0.024137542,-0.00049842626,-0.012752952,-0.044220872,-0.05188498,0.005542587,0.066278525,-0.12596428,-0.025037076,0.0,0.08895362168550491
Shri Raghav Chadha (2022-28),0.9119936,-0.028286245,-0.04014049,-0.05768448,-3.1045036,-2.4993768,-0.11651183,-0.0020377745,0.09482799,0.0070564398,-0.009840361,0.0,-0.0024858057,0.018125555,-0.0033907234,-0.032040708,-0.052759066,0.0107666245,-0.061328094,-0.10948321,0.058800302,-0.005551597,0.0,0.08895362168550491
Shri Rajeev Shukla (2022-28),0.88476,-0.050084345,-0.06890871,-0.060182024,-3.2043555,-2.5200837,-0.11384677,0.0012743098,0.10414336,0.0070564398,-0.009082744,0.0,-0.0024858057,0.028823636,0.022349244,0.046964493,-0.00899303,-0.0030683237,-0.045473203,-0.014342776,0.19338453,-0.0053139934,0.0,0.08895362168550491
Shri Rajib Bhattacharjee (2024-28),-0.8304204,-0.05556314,-0.12544517,0.0444636,4.3786826,-0.07335596,-0.15905704,0.00131805,0.08045976,-0.0011671544,-0.023589225,0.0,-0.0025984084,-0.11153591,0.0052917544,0.058965158,0.0030645984,0.049657878,-0.035141915,0.048594236,0.057434797,-0.023883952,0.0,0.08895362168550491
Shri Rajmohan Unnithan ,-0.38184887,0.04205748,0.17202201,0.04558826,-3.6347916,0.52975935,-0.25444493,0.0007976617,-0.087943636,0.019177632,-0.015024656,0.0,0.0061844364,0.02962803,0.046415385,0.043289118,0.010161353,0.005046438,-0.060753495,-0.31136546,0.19108017,-0.01106297,0.0,0.08895362168550491
Shri Ramji (2020-26),-0.41061714,0.054050405,-0.06717404,-0.3262763,-2.774388,-0.32090217,-0.36900485,0.002639216,0.12646455,0.0081005525,-0.02560085,0.0,-0.0016166708,0.02775489,-0.005976025,0.04679361,0.05080242,-0.020264674,0.24528222,0.09150135,0.035386972,0.06665533,0.0,0.08895362168550491
Shri Ramji Lal Suman (2024-30),-0.29156908,-0.062134564,-0.113459446,0.060522933,-3.406488,-1.6495371,-0.20311916,0.0030478549,0.1096935,0.007885848,-0.010480042,0.0,-0.0024858057,0.04487597,-0.009718788,0.037127025,0.041828945,0.0068690474,0.15598859,0.12547684,0.15746866,0.05063552,0.0,0.08895362168550491
Shri Randeep Singh Surjewala (2022-28),-0.10114367,-0.08796706,-0.079825684,0.15140763,0.364869,-0.456033,-0.16373405,0.0007467478,0.13310234,0.0029717973,-0.031234859,0.0,-0.0016166708,0.081970595,0.0004789905,0.07550599,-0.39448372,0.007645133,-0.06811764,-0.21876019,0.23640408,-0.015986942,0.0,0.08895362168550491
Shri Ratanjit Pratap Narain Singh (2024-30),-0.106061794,-0.02408174,-0.2028145,-0.5021325,2.7022963,-0.1740422,-0.05152194,0.00075390167,0.10003621,-0.0009434279,-0.04675455,0.0,-0.0025984084,0.083689526,-0.015062494,0.047040034,-0.35384068,-0.032070298,-0.1274528,-0.31078303,0.077624425,-0.037047587,0.0,0.08895362168550491
Shri Ravi Chandra Vaddiraju (2024-30),-0.22105406,0.06071323,-0.14852656,0.03159868,-2.125116,-0.43802294,-0.2372011,0.002846345,0.14977905,0.0050843856,-0.03322449,0.0,-0.0016166708,0.055951085,0.014914677,0.0649877,0.111426726,0.0035198634,-0.17413868,-0.0010618668,-0.13615736,-0.018520588,0.0,0.08895362168550491
Shri Rwngwra Narzary (2022-28),-0.8653687,-0.045077518,-0.10036839,-0.37213066,4.36748,-0.06710623,-0.06950038,0.0013350887,0.08418267,0.00032339248,-0.03498843,0.0,-0.0025984084,0.08308259,-0.015271927,0.09838017,0.0631219,0.00054861204,-0.0630305,0.043190576,0.21533903,-0.012945777,0.0,0.08895362168550491
Shri Ryaga Krishnaiah (2024-28),-0.5802016,-0.032333504,-0.12700737,0.025379768,4.320743,-0.25323477,-0.083386205,0.003278009,0.07556924,-0.00052463124,-0.021424185,0.0,-0.0016166708,0.060966738,-0.014636932,0.062466446,0.06892996,0.038208857,-0.048031226,0.08296674,0.22712038,0.06834562,0.0,0.08895362168550491
Shri S Niranjan Reddy (2022-28),0.8873815,-0.04136632,-0.08866799,0.0677915,-3.151104,-2.5926878,-0.14399698,-0.0023420148,0.096196815,0.0057574725,-0.010480042,0.0,-0.0024858057,0.0015481091,-0.005756503,-0.036320042,-0.039079156,0.00022700588,-0.038554914,0.08591173,0.0038068527,-0.007402151,0.0,0.08895362168550491
Shri S. Jaishankar (2023-29),-0.07226913,0.060150217,-0.1232608,0.18197036,0.7781919,0.5632261,-0.057153706,0.008169331,0.17085965,0.00527947,-0.019063786,0.0,-0.0016269225,0.08615354,0.065474525,-0.01942157,0.018509122,0.030707238,0.026378516,0.04570158,0.28511456,-0.010774976,0.0,0.08895362168550491
Shri S. Kalyanasundaram (2022-28),-0.22256361,-0.013495914,0.2304418,-0.31084827,-1.9382267,-0.45053336,-0.28264606,0.0011887574,0.13091594,0.007583711,-0.03269272,0.0,-0.0016166708,0.007545619,0.0064712735,0.05899937,0.070609555,-0.048615646,-0.12595914,-0.285466,-0.03644958,-0.009806441,0.0,0.08895362168550491
Shri S. Selvaganabathy (2021-27),-0.65613323,-0.069100276,-0.06740682,-0.10217828,-1.773804,-0.0718619,0.76884407,0.0013228565,0.13570578,0.0065845186,-0.021453021,0.0,-0.0016269225,0.06522293,-0.00033530104,0.042380977,0.11141214,-0.024816897,-0.24642693,-0.13537872,-0.07941757,-0.0139141595,0.0,0.08895362168550491
Shri S.R. Sivalingam (2025-31),-0.4420831,-0.015863163,-0.16771074,0.013589444,4.56094,-0.058405712,-0.09544083,0.0029611834,0.08573182,-0.0030150379,-0.02529974,0.0,-0.0028134105,-0.08179823,-0.0026332426,-0.051759336,-0.1617449,0.020589197,0.15155338,0.09154143,-0.12441221,0.0020936162,0.0,0.08895362168550491
Shri Sadanand Mhalu Shet Tanavade (2023-29),0.85818917,-0.0073539754,-0.056171104,-0.06413319,-2.7952626,-2.7779043,0.49809858,0.0007582209,0.09463512,0.0064669913,-0.007655105,0.0,-0.0024858057,0.048694935,0.051100623,0.015616958,0.08119118,-0.004487315,0.14791834,-0.08874064,0.1218672,0.009516737,0.0,0.08895362168550491
Shri Samik Bhattacharya (2024-30),0.96538025,-0.057708804,-0.11132705,0.08456868,-3.1640048,-2.5529637,-0.15237503,0.0014416607,0.10660008,0.0057574725,-0.01133454,0.0,-0.0024858057,-0.07957016,0.0087808855,0.040487926,0.051738035,-0.00042243523,-0.027290642,0.07947754,-0.060134545,-0.007090544,0.0,0.08895362168550491
Shri Sandosh Kumar P (2022-28),-0.49564677,-0.020195179,-0.09524446,0.04132478,4.208475,0.1569966,0.41869718,-0.00018656388,0.10412695,-0.002973556,-0.020388542,0.0,-0.0016269225,0.053491034,-0.0021318428,0.054363616,0.093184434,0.03848356,-0.14487341,-0.124762096,-0.13153072,-0.0043736594,0.0,0.08895362168550491
Shri Sanjay Kumar Jha (2024-30),0.87968427,-0.020205738,-0.14191951,0.09506654,-3.0410433,-2.6037514,-0.18976344,-0.00071205007,0.098794155,0.0035364637,-0.011536053,0.0,-0.0024858057,-0.09993748,0.010035543,0.011131675,-0.018801175,-0.025486412,0.101865806,0.09300709,-0.10674051,-0.005808438,0.0,0.08895362168550491
Shri Sanjay Raut (2022-28),1.2106686,-0.02334531,-0.12534124,0.016165273,3.6874192,0.68308496,-0.06847095,0.0015560412,0.119225755,-0.00203142,-0.016063586,0.0,-0.0016269225,0.057727378,0.032396525,0.05156745,0.056840945,0.0074499035,-0.022896416,0.05467175,-0.06835442,-0.037697777,0.0,0.08895362168550491
Shri Sanjay Seth (2024-30),-0.93878263,-0.063038535,-0.11039461,-0.5366487,2.4261367,-0.19115673,-0.21381667,-0.00072074623,0.0787025,0.00017509915,-0.042398162,0.0,-0.0025984084,0.08423474,0.007744319,-0.18370424,0.07500389,0.018094156,-0.017361296,0.02326231,-0.11397476,-0.043121275,0.0,0.08895362168550491
Shri Sanjay Singh (2024-30),-0.90096277,-0.038385067,-0.19687258,-0.4327916,3.623448,-0.53597814,-0.10777334,-3.407555e-05,0.07126013,-0.0016265363,-0.036034968,0.0,-0.0016166708,-0.14860319,-0.03158423,-0.22683375,0.053478643,-0.22050832,-0.06361023,0.07543235,-0.109181866,-0.029836737,0.0,0.08895362168550491
Shri Sant Balbir Singh (2022-28),-0.26986405,-0.08538767,-0.025563285,-0.12594663,-2.1133845,-0.26838592,-0.23158966,0.0032553547,0.1545288,0.0074820607,-0.02734769,0.0,-0.0025984084,0.05362429,-0.009151808,0.037288964,0.07362184,-0.041290984,-0.13197118,-0.1299108,0.28078738,-0.014372292,0.0,0.08895362168550491
Shri Sarbananda Sonowal (18LS),0.85686314,-0.029665194,-0.12490939,0.07443411,-3.0243995,-2.7522385,0.45863837,-0.00475783,0.060614154,0.0068705664,-0.010061794,0.0,0.00063344924,-0.104603775,0.013499999,0.028675789,0.07225105,0.0012588962,-0.15861306,0.026486786,-0.024731612,-0.007121406,0.0,0.08895362168550491
Shri Satish Chandra Dubey (2022-28),-0.48783857,0.05325104,0.219997,0.08672716,-3.4667444,-0.15752563,-0.25453573,-0.00039192894,0.11085521,-0.010843519,-0.034117814,0.0,-0.0056952247,-0.039790872,-0.0042679296,-0.17143689,-0.16088553,-0.047752783,-0.11477862,-0.27671653,-0.026120016,-0.007894444,0.0,0.08895362168550491
Shri Satish Kumar Gautam ,-0.4108638,-0.06596608,-0.19108197,0.11010021,-3.2680783,-1.4716401,-0.21656162,-0.005639308,0.03006014,-0.001340853,-0.015268356,0.0,-0.0024858057,-0.11316865,0.0047691655,0.0033398962,-0.2001875,-0.014267624,0.19043358,0.1439358,-0.061454862,0.030461896,0.0,0.08895362168550491
Shri Satnam Singh Sandhu (2024-30),0.8915134,0.023551507,-0.06772223,0.068814725,-2.9273517,-2.7361152,0.42996758,-0.00062129885,0.08600386,0.0029976151,-0.010286508,0.0,-0.0024858057,-0.09403984,-0.041911304,0.027501205,0.05475288,-0.024582151,-0.18665354,-0.112678915,-0.03243833,-0.009897658,0.0,0.08895362168550491
Shri Shambhu Sharan Patel (2022-28),-0.20925258,-0.04650224,-0.16305387,0.09585424,-0.49627,-0.44709724,-0.15456301,-0.015378325,0.047268406,-0.031169552,-0.038876455,0.0,0.00028741406,0.083123595,-0.009320125,-0.23524347,0.0075247814,-0.05783656,-0.05718728,0.0012195848,0.24728678,-0.026583122,0.0,0.08895362168550491
Shri Shantanu Thakur ,0.8581454,0.038640514,-0.13975887,0.1428317,-2.7705376,-2.8133235,0.50016505,-0.0020690958,0.032036178,-0.011388836,-0.0139350025,0.0,-0.0033907208,-0.034481432,0.0103113,-0.11120079,-0.1775348,-0.01862763,0.19873331,0.13620289,-0.018087938,-0.008232231,0.0,0.08895362168550491
Shri Subhash Barala (2024-30),0.9410735,-0.05605296,-0.13028991,0.11073679,-3.128942,-2.4865522,-0.115508385,-0.0021899159,0.108392514,0.00044870836,-0.014204261,0.0,-0.0033907208,-0.082828686,0.007365443,-0.09983707,-0.19797638,0.0013385797,-0.04526227,0.042723686,-0.061102685,-0.0028819134,0.0,0.08895362168550491
Shri Subhasish Khuntia (2024-30),0.91847044,0.019220132,-0.11986423,0.08782876,-3.0417783,-2.5589037,-0.0997421,-0.0020837614,0.101537846,-0.0037714904,-0.010488307,0.0,-0.0024858057,0.035217445,-0.00078656885,0.032586135,-0.0005464499,-0.01850724,-0.027327815,0.0155257415,0.15656877,-0.0012979967,0.0,0.08895362168550491
Shri Sudheer Gupta ,-0.055778384,0.05363481,-0.16281122,0.049099118,2.9161606,-0.05831487,-0.047350116,-0.0009669691,0.10497036,-0.0028112626,-0.039434686,0.0,-0.0016269225,0.10137136,0.017014975,0.07258098,0.14466423,-0.051847108,-0.046139535,0.05874033,0.28817698,-0.025403654,0.0,0.08895362168550491
Shri Surendra Singh Nagar (2022-28),-0.41482162,-0.038131867,0.18567334,-0.13076039,-3.5466285,0.5526245,-0.31938198,0.0041822614,0.13196273,0.0053519714,-0.01433908,0.0,-0.0045087365,-0.0030957672,-0.0036029895,0.049042083,0.010408596,-0.02364565,0.006743222,0.07254981,0.21421856,0.07517578,0.0,0.08895362168550491
Shri Suresh Kodikunnil,-0.36071384,0.01827368,-0.08417317,0.0470288,-3.568266,0.73331594,-0.31576562,-0.0066741193,-0.037364222,0.008328099,-0.014710951,0.0,0.0024581985,0.0020116738,-0.00010466465,-0.028783506,-0.055812117,0.0077666678,-0.056636445,0.0030620005,0.16366704,-0.0022768665,0.0,0.08895362168550491
Shri Tapir Gao,-0.094105914,-0.02641811,-0.023664434,-0.10553673,1.1238723,-0.22120515,-0.07248786,0.0019980082,0.036641244,0.00584473,-0.031906944,0.0,-0.007466394,0.1377793,0.027510647,0.06673373,0.18996376,-0.054586712,-0.068878464,0.05743909,0.31502277,-0.013511809,0.0,0.08895362168550491
Shri Tejveer Singh (2024-30),-0.40462393,-0.052174814,-0.07711906,0.04582261,-3.636479,0.67027634,-0.2798331,0.0036730447,0.15680206,0.0070314137,-0.015638094,0.0,-0.0016269225,0.03290994,0.048083812,0.037858233,0.05340753,-0.015150318,-0.058772888,0.009194659,-0.09331583,-0.018601049,0.0,0.08895362168550491
Shri V. Vijayendra Prasad (2022-28),-0.38529179,-0.018802766,0.22607623,-0.31499055,-3.4323106,0.82771844,-0.31073457,0.0020591936,0.12932569,0.0053519714,-0.018745057,0.0,-0.0045087365,-0.01903571,0.002431839,0.031239009,0.05279572,-0.028381426,-0.093439534,0.2067476,-0.0752846,-0.016271241,0.0,0.08895362168550491
Shri Vivek K. Tankha (2022-28),-0.18795376,-0.019866984,0.10300024,0.003311854,0.1731211,0.52166545,-0.12176787,-0.007605509,-0.3477148,-0.011116399,-0.02459381,0.0,-0.010281637,0.108386196,0.005495443,-0.27027932,-0.03142984,-0.06343446,-0.10793405,-0.33200637,-0.29436257,-0.028056988,0.0,0.08895362168550491
Shri Yerram Venkata Subba Reddy (2024-30),-0.35543898,0.044442255,0.3152757,-0.0036390598,4.332941,0.08214839,-0.14348993,0.0013500117,0.09948268,-0.006078689,-0.02576006,0.0,-0.0045087365,-0.120529816,0.00042796767,0.0657786,0.05577396,0.06070759,-0.02655967,0.13676243,-0.060508016,0.00706669,0.0,0.08895362168550491
Shri vijayakumar Vasanth,-0.26139766,-0.044540644,-0.12047761,-0.012035304,-3.6731195,-1.2969368,-0.22135065,-0.0057454067,-0.020298595,0.0076435013,-0.019616636,0.0,0.0015993153,-0.10587262,0.004337481,0.052266974,0.06393605,0.004985222,-0.09022712,0.023147525,0.027333569,-0.004033931,0.0,0.08895362168550491
Shripad Yesso Naik,0.64739716,-0.09084888,-0.14361389,0.21108252,-0.13127254,-2.0998025,-0.07239511,0.008900887,0.12786932,-0.0017625941,-0.012884839,0.0,-0.0033907208,-0.21852364,-0.18362412,-0.15250495,-0.23257671,-0.010113981,0.07150624,0.023854597,-0.066407606,0.025727276,0.0,0.08895362168550491
Shrirang Appa Barne,-0.70515364,-0.018686235,-0.08751886,-0.1382281,-3.2432363,0.8320242,-0.28246605,0.0021692137,-0.050242417,0.012645883,-0.014355494,0.0,0.0034319516,0.038004145,0.03971381,0.034565885,0.05485689,0.016789157,-0.05687566,0.031530682,-0.0659339,-0.0043742447,0.0,0.08895362168550491
Shyamkumar,0.9371821,-0.039972086,-0.11300866,0.15081555,-2.1802444,-2.475489,-0.1222083,0.0043281973,0.12787785,0.00027113728,-0.01446623,0.0,-0.0033907208,0.03928754,-0.17680918,-0.09502154,-0.17860174,-0.023189569,0.034302916,0.10620035,-0.10768181,-0.008883014,0.0,0.08895362168550491
Sivanath Kesineni,0.8591922,-0.02111771,-0.11887181,-0.083237186,-2.851793,-2.6234212,-0.16836575,0.00036401633,0.097550616,0.0064273565,-0.008716983,0.0,-0.0024858057,-0.008337686,-0.006422073,-0.029862523,0.05481465,-0.029888013,0.0904797,0.08900264,-0.06900491,0.022812784,0.0,0.08895362168550491
Smt Aparajita Sarangi,-0.049948394,-0.050527506,-0.07406536,0.034418683,4.4209895,0.0835105,-0.06153222,0.0038459804,-0.010481398,-0.0108682485,0.08437016,0.0,-0.00660777,-0.13379768,-0.0023997133,-0.14660892,0.009943715,0.059754025,-0.1059357,-0.10904541,0.24385646,0.01157236,0.0,0.08895362168550491
Smt Dimple Yadav,-0.1538903,-0.027018763,-0.09057269,0.07653423,-3.6291552,-1.4641179,-0.23202124,-0.0049350825,-0.027893696,-0.0056786514,-0.010286773,0.0,-0.007353791,-0.11358635,-0.03256505,0.03462208,0.052626222,-0.022675835,-0.042588234,0.02059226,0.16874711,-0.0069437125,0.0,0.08895362168550491
Smt Harsimrat Kaur Badal,-0.42809588,-0.04865889,-0.1237255,0.023923595,-2.791178,-0.37330505,-0.21999077,-0.005848011,-0.27554542,-0.003459658,-0.030631576,0.0,-0.0032540546,0.04565709,0.014292067,-0.22461507,-0.2454246,-0.011199938,0.003520203,-0.1411937,-0.054935727,-0.0126008885,0.0,0.08895362168550491
Smt Hema Malini,-0.46509033,0.026597483,-0.09775229,0.056544557,-3.5394235,-1.4653372,-0.15493862,-0.0069288816,-0.040533487,-0.011549468,-0.009338377,0.0,-0.007353791,0.03262289,0.045184154,0.03857616,0.037209075,0.00088953465,-0.054199707,0.03572085,0.043092534,0.04245627,0.0,0.08895362168550491
Smt Himadri Singh,0.1221527,-0.03776219,-0.10788974,0.03491524,0.5305355,0.7924388,-0.106301896,-0.0053487914,-0.39012173,0.0040618335,-0.020065105,0.0,0.0034319516,0.10053628,0.010454392,0.07373952,0.12304236,0.006209623,-0.10523383,0.09426974,-0.031342532,-0.016603984,0.0,0.08895362168550491
Smt Poonamben Hematbhai Maadam,-0.08690317,0.031722616,-0.1861943,-0.1531366,0.8736563,-0.38630295,-0.14926584,-0.002990462,0.05073175,-0.0030994038,-0.036037717,0.0,-0.0030390525,-0.27860835,0.015082031,-0.10707048,-0.069945976,0.002428928,-0.14286533,0.069079,-0.35001272,-0.0176078,0.0,0.08895362168550491
Smt Raksha Nikhil Khadse,0.88751197,-0.038578108,-0.13634294,0.09122186,-2.8393593,-2.5083945,-0.21725492,-0.0006875815,0.1037064,0.0048261136,-0.010968778,0.0,-0.0024858057,-0.10796116,0.034069564,-0.038919676,-0.059079643,-0.034132674,0.09395962,0.1124593,-0.07813933,0.04204376,0.0,0.08895362168550491
Smt S Jothimani,-0.42499483,-0.040079765,-0.13413927,-0.085345,-3.219555,-0.02046609,-0.28713286,-0.007019379,-0.22528432,0.0045016445,-0.014260333,0.0,0.0025270365,0.035468765,0.032942176,-0.032069787,0.06258464,0.009503757,-0.07759221,0.0037899292,-0.111379944,-0.019827046,0.0,0.08895362168550491
Smt Sajda Ahmed,-0.42061085,-0.031874925,0.09750297,-0.010351346,-3.7418387,0.5054715,-0.29550695,-0.0022308764,-0.0489984,-0.0052690273,-0.017020935,0.0,-0.009376721,-0.0026884794,0.02120381,0.054937553,0.056653358,0.004522644,-0.16461901,-0.20905392,-0.08829701,-0.014294479,0.0,0.08895362168550491
Smt Sandhya Ray,-0.14585057,-0.095857434,-0.1741041,-0.20517552,-0.2374489,0.6961584,-0.18817955,-0.016314697,-0.42101118,-0.05058207,-0.021041024,0.0,-0.00660777,-0.25093067,-0.007827879,0.032500844,0.06820761,0.001984173,0.16371417,0.14735484,0.15688486,0.040258273,0.0,0.08895362168550491
Smt Sangeeta Kumari Singh Deo,0.6562459,0.049959317,-0.12488095,0.22194667,-0.101576716,-2.111994,-0.0765363,0.0017082383,0.1292635,-0.0113007855,-0.021462163,0.0,-0.0033907208,-0.14744952,0.006629396,-0.17320845,-0.17675173,0.001026741,-0.017268484,0.059381705,-0.24689154,-0.0074549434,0.0,0.08895362168550491
Smt Satabdi Roy (Banerjee),-0.17058268,-0.0381586,-0.08502571,-0.17188194,0.19960508,-0.1674395,-0.13548191,-0.0007283448,-0.40907666,-0.0035394873,-0.032916468,0.0,-0.0064949077,0.11445406,0.038429778,0.07280969,0.107297316,0.0135905845,-0.1609553,-0.23084494,-0.13531601,-0.019115549,0.0,0.08895362168550491
Smt Supriya Sadanand Sule,0.9515139,0.011217675,-0.11238243,0.08930959,-3.2412496,-2.5134182,-0.12542452,-0.0016719247,0.009060053,0.0026803887,-0.015032883,0.0,-0.0033907208,-0.09467299,0.01115798,-0.03397617,0.05023451,-0.0008009928,-0.05393215,0.017432442,-0.18426843,-0.0043448634,0.0,0.08895362168550491
Smt Veena Devi ,-0.6605374,-0.015933953,-0.11778194,-0.07310151,-3.1606984,0.55406874,-0.338904,-0.009912881,-0.16536643,0.0066307415,-0.0085167885,0.0,0.0034319516,0.034756575,-0.124429315,-0.020651968,0.014239284,-0.013909224,0.19855085,0.12741037,-0.029914461,0.086869165,0.0,0.08895362168550491
Smt. Darshana Singh (2022-28),-0.6885778,-0.034633543,-0.08720385,-0.045402296,-3.3445735,0.6845637,-0.32297158,0.0041822614,0.14027496,0.0042884364,-0.009516205,0.0,-0.0025318377,0.012242228,-0.0005964468,-0.16379727,0.06214989,-0.011558187,-0.018704625,-0.031275112,-0.06532276,-0.01245284,0.0,0.08895362168550491
Smt. Geeta alias Chandraprabha (2020-26),-0.42876452,-0.050653115,-0.09147144,0.042478044,-3.383819,-0.10555334,-0.26285586,-0.00013015648,0.11280795,0.008469306,-0.020924084,0.0,-0.0025984084,0.008787443,-0.018244497,0.022559289,0.0013110512,-0.017092496,0.2593912,0.1711186,0.27750856,0.07485218,0.0,0.08895362168550491
Smt. Jaya Amitabh Bachchan (2024-30),1.1347657,-0.029914912,-0.08373174,-0.006908691,3.8236182,0.49997383,-0.12153708,0.0044689258,0.11121969,-0.0061218743,-0.017706359,0.0,-0.0025318377,-0.13808629,0.0009868857,-0.04000466,-0.17173456,-0.0628422,0.10135588,0.08445794,0.17346735,0.02979905,0.0,0.08895362168550491
Smt. Jebi Mather Hisham (2022-28),-0.17732158,-0.04202486,-0.084440336,-0.040875793,-1.9906914,0.5443025,-0.21024917,0.0039112116,0.1819522,0.0074169245,-0.023544498,0.0,-0.0016269225,0.02776602,0.019523589,0.058368016,0.069744155,0.008985893,-0.1554523,-0.0305455,-0.18163224,-0.013961825,0.0,0.08895362168550491
Smt. Mahua Maji (2022-28),-0.36907333,-0.054897435,-0.13310735,-0.13294274,-2.8566651,0.45010328,-0.30321026,0.0070941607,0.1670512,0.010655821,-0.014790475,0.0,-0.0016269225,0.024150325,-0.007348213,0.047194466,0.055610325,-0.019293727,0.23921019,0.13213891,-0.05074765,0.058273967,0.0,0.08895362168550491
Smt. Mamata Thakur (2024-30),-0.06483463,-0.020641156,-0.14924508,0.017535856,4.3893824,-0.060010567,-0.18209183,0.0027619654,0.09608967,0.00022411186,-0.023855409,0.0,-0.0028134105,0.07564407,0.032113925,-0.06526301,0.02242632,0.034974266,0.1472337,0.09707307,0.2809046,0.085112035,0.0,0.08895362168550491
Smt. Maya Naroliya (2024-30),-0.76306176,-0.028562926,-0.096852586,0.0328236,4.6832647,-0.07144494,-0.05121792,0.00061864126,0.087192185,-0.0031234587,-0.02402728,0.0,-0.0028134105,0.074797764,-0.015635062,-0.073799945,-0.21035743,0.023810737,-0.055035636,-0.0876784,0.21576495,-0.0038340813,0.0,0.08895362168550491
Smt. Nirmala Sitharaman (2022-28),0.83240515,0.013186626,-0.12349924,-0.08552009,-2.704084,-2.8825543,0.52439636,0.002473983,0.08905373,0.008190239,-0.0071641062,0.0,-0.0024858057,-0.1593805,-0.18563427,-0.031977646,0.124157645,-0.0102227125,0.19310631,0.10294433,0.11768637,0.023778118,0.0,0.08895362168550491
Smt. P. T. Usha (2022-28),-0.4803227,-0.017982876,-0.09155779,0.06747849,-2.5335376,0.86365294,0.7003856,0.003693188,0.15590118,0.005780082,-0.013850791,0.0,-0.0016269225,0.023555957,0.002091482,0.04339231,0.13035986,-0.0029571133,-0.32686672,-0.17216514,-0.065317996,-0.0106661,0.0,0.08895362168550491
Smt. Rajathi (2025-31),-0.6734949,0.021312535,-0.10936658,0.07610644,-2.936531,0.83643186,-0.34790367,0.00043339608,0.13847815,0.0045271395,-0.010675578,0.0,-0.0016269225,0.027191771,0.004053233,-0.027811602,0.046198264,-0.030980222,0.011371823,0.021013916,0.022529777,0.017047865,0.0,0.08895362168550491
Smt. Ranjeet Ranjan (2022-28),-0.19625036,-0.050949983,-0.16382812,-0.08285065,-0.4119502,-0.54048115,-0.09095302,0.007491669,0.15410267,0.0044693984,-0.026693832,0.0,-0.0025984084,0.12241276,-0.01857592,0.084636465,0.14816828,-0.043645598,-0.09914721,-0.035432972,0.1426687,-0.013379689,0.0,0.08895362168550491
Smt. Rekha Sharma (2024-28),0.88747454,0.027920516,-0.09897957,0.12168425,-2.8937423,-2.6968591,0.39919806,-0.0014095106,0.08624524,-0.011559382,-0.01868069,0.0,-0.0033907208,-0.1179114,0.010074075,-0.11247059,-0.19059364,-0.005024908,-0.26825944,-0.11685645,-0.1373864,-0.00855089,0.0,0.08895362168550491
Smt. S. Phangnon Konyak (2022-28),-0.041806888,-0.04478254,-0.1327836,-0.045271832,2.8475947,0.4327714,-0.05053235,0.0036232364,0.13347049,-0.0007574791,-0.02097108,0.0,-0.0016269225,0.13519788,0.042548925,0.061926052,0.09976609,-0.02046834,-0.072138265,0.058328357,0.23611213,-0.029108126,0.0,0.08895362168550491
Smt. Sadhna Singh (2024-30),0.9064718,-0.01490182,-0.082634225,-0.044433787,-3.1912608,-2.4341304,-0.24045327,0.0018602535,0.10028362,0.009424967,-0.009937241,0.0,-0.0024858057,0.018467486,0.0008176456,-0.007928382,0.05989787,0.0014476157,0.035372935,0.036077138,-0.062614925,-0.01310412,0.0,0.08895362168550491
Smt. Sangeeta Yadav (2022-28),0.15417777,-0.036876943,-0.1129046,-0.102145456,1.8239353,0.7350698,-0.1248828,0.0020801711,0.13560875,0.007929199,-0.017847173,0.0,-0.0016269225,0.118398964,-0.0055749663,-0.045456395,0.17129232,0.006062359,-0.015527735,0.07562968,-0.056783266,-0.02213898,0.0,0.08895362168550491
Smt. Seema Dwivedi (2020-26),-0.4380738,0.06115069,-0.10601087,0.05342529,-2.9487362,-0.24358222,-0.30082047,-8.4648724e-05,0.13710423,0.007176709,-0.02575204,0.0,-0.0025984084,0.0023963486,-0.01980312,0.04403281,0.11132062,-0.035985354,-0.09749577,-0.00253212,0.041728586,-0.007338429,0.0,0.08895362168550491
Smt. Sonia Gandhi (2024-30),0.08150136,-0.04176234,-0.0966468,-0.040159114,2.984345,-0.17811243,0.26511535,0.00037984105,0.09972124,-0.0018301372,-0.025324754,0.0,-0.001831673,0.14976771,0.03324849,-0.06706652,-0.21256435,0.0119222775,-0.11561426,0.07847471,0.16325101,-0.0052896435,0.0,0.08895362168550491
Smt. Sulata Deo (2022-28),-0.42758596,0.038625777,0.1285979,0.033531036,-3.6255662,0.013423983,-0.26327935,-0.0017705143,0.1307575,0.0025875622,-0.028142046,0.0,-0.0045087365,-0.02103513,0.0022061046,0.05214824,0.043266285,-0.039357025,-0.16509683,-0.26176187,-0.06639622,-0.004851547,0.0,0.08895362168550491
Smt. Sumitra Balmik (2022-28),-0.40949506,-0.047225144,-0.010326551,-0.014577262,-3.6673443,0.61388934,-0.27233753,0.004799555,0.14827143,0.0069692885,-0.015638094,0.0,-0.0016269225,0.03312027,0.0052739284,0.049885698,0.068430685,-0.017962493,-0.10372475,-0.101301216,-0.093559675,-0.012051034,0.0,0.08895362168550491
Sudip Bandyopadhyay,1.2051134,-0.023031462,-0.09636286,0.01905203,3.8300927,0.6796975,-0.14678907,0.0029296665,0.083589464,-0.00203142,-0.016063586,0.0,-0.0016269225,-0.12328501,-0.012133079,0.05559019,0.06330084,0.03304445,-0.025651885,0.061266683,-0.065130174,-0.005825143,0.0,0.08895362168550491
Sunil Dattatray Tatkare,-0.43873128,-0.064549096,-0.11962327,0.09661551,-3.367285,-1.2810065,-0.17772928,-0.0051419428,0.017082967,0.00796088,-0.012519189,0.0,-0.00027146595,0.019099757,0.004404682,-0.12684616,-0.20187694,-0.0044431225,-0.07081356,0.030955443,-0.040323082,-0.010943407,0.0,0.08895362168550491
Sunil Kumar ,-0.33393174,-0.01520389,0.3141494,0.07528628,-2.8816972,0.6519151,-0.26583302,-0.0028131467,-0.031218057,0.007869304,-0.014613107,0.0,-0.00042361568,0.024342168,-0.010945964,0.031503323,0.12013327,-0.0024330385,0.2697688,0.27936476,0.1583499,0.060211778,0.0,0.08895362168550491
Suresh Kumar Kashyap,-0.38494796,0.060666148,0.2112297,0.021276614,-3.0465124,-0.2959169,-0.24918869,0.001187989,-0.020729106,0.0031654588,-0.028922712,0.0,-0.005920867,0.01506213,0.010826201,0.056093503,0.05283213,-0.033967033,-0.16220418,-0.2494821,-0.06629207,-0.01499947,0.0,0.08895362168550491
Swami Sachchidanandhari Sakshi ji Maharaj ,1.177564,-0.015442459,-0.096179165,0.030352836,3.644393,0.65412176,-0.17726395,0.0036011864,0.0670277,0.008159129,-0.017357202,0.0,0.0024660856,0.074368,-0.004662923,-0.14206544,0.049403306,0.033762872,-0.016885323,-0.014352144,-0.10315192,-0.0054638907,0.0,0.08895362168550491
T Sumathy (A) Thamizhachi Thangapandian ,0.9112987,-0.039313026,-0.10352992,-0.08569581,-3.0365617,-2.5499327,-0.22156563,-0.0013612073,0.101074316,0.0072269854,-0.009840361,0.0,-0.0024858057,-0.115475535,0.0050791707,0.010896232,0.054755546,-0.008454367,0.023373174,0.06334961,-0.0649247,-0.0065633603,0.0,0.08895362168550491
TANGELLA UDAY SRINIVAS,0.9683757,-0.028138433,-0.11900783,-0.073560625,-2.9968362,-2.5597262,-0.16094267,-0.00076202623,0.102087334,0.005954535,-0.00957148,0.0,-0.0024858057,-0.10005142,-0.017533125,-0.018304307,0.058142845,-0.022050068,0.01462771,0.06730649,-0.04233227,-0.009325161,0.0,0.08895362168550491
TANUJ PUNIA,1.0934124,-0.058669493,-0.10575217,0.02894183,3.4807065,0.10138961,0.31028697,0.002054117,0.07720243,7.918713e-05,-0.024370449,0.0,-0.0025984084,0.083533086,-0.010848677,-0.1211653,0.07761169,0.02316966,0.122292176,0.075864755,0.16040349,0.06455369,0.0,0.08895362168550491
TARIQ ANWAR,-0.17488796,-0.04606988,-0.2232374,0.08612314,-0.65837276,-0.60126495,-0.12745209,-0.010680038,-0.39948726,-0.039705515,-0.024174958,0.0,-0.0018404913,-0.31501582,0.012164095,0.03081887,0.093552485,-0.03977586,0.18297768,0.19577669,-0.041128512,0.0489016,0.0,0.08895362168550491
THANGA TAMILSELVAN,-0.24711812,-0.057972647,-0.12926045,-0.10084906,-3.1497982,-1.4258246,-0.18358988,-0.0035465795,-0.15234496,0.011948551,-0.013270224,0.0,0.0025730685,-0.119420595,0.008498221,0.027837705,-0.20919338,0.0023460886,-0.08698583,0.024687124,-0.12914565,-0.0068833097,0.0,0.08895362168550491
THARANIVENTHAN M S,-0.2987748,-0.029325062,-0.11212854,-0.31068093,-2.1112752,-0.32209176,-0.23696072,-0.004279372,-0.08291128,-0.01903225,-0.037337836,0.0,0.00028741406,0.067397796,0.014079711,-0.23087908,-0.033297773,-0.056589957,-0.12374894,-0.1082295,-0.15160656,-0.016004773,0.0,0.08895362168550491
TOKHAN SAHU,0.10339346,0.037364908,0.13822001,0.05845235,4.433118,0.37642312,-0.10168198,-0.003932102,0.0018161898,0.0008922237,-0.0112773925,0.0,-0.0013285308,0.06250234,0.00820655,-0.064766735,0.0673769,0.04082676,-0.06274188,-0.13487111,-0.046080835,-0.005483756,0.0,0.08895362168550491
TRIVENDRA SINGH RAWAT,0.8600061,-0.03258801,-0.102296755,0.0789547,-2.9873593,-2.762336,0.45089364,-0.00062129885,0.087415874,0.0032965888,-0.013082427,0.0,-0.0024858057,-0.10205118,0.013378408,0.026694454,0.068065934,-0.02463682,-0.13804205,0.019963449,-0.051487196,-0.008084331,0.0,0.08895362168550491
Thalikkottai Rajuthevar Baalu,-0.4202822,-0.030939568,-0.16346903,-0.301627,-3.2300394,-0.199509,-0.27898636,0.0037825473,-0.20313069,-0.05319891,-0.016246991,0.0,-0.00096205436,0.044006687,-0.00033942604,0.036487076,0.119149745,-0.0059031826,-0.09215806,-0.0022984464,-0.121478766,-0.0076806135,0.0,0.08895362168550491
Thiru Dayanidhi Maran,1.0860832,-0.049581256,-0.13108812,0.0349588,3.3310313,0.6804478,0.26480478,4.2387517e-05,0.09600803,-0.0044612256,-0.0138783315,0.0,-0.0016269225,-0.16827329,-0.024136279,-0.15671596,0.0054579997,0.03272362,0.11171742,0.079209514,0.11277117,0.017453825,0.0,0.08895362168550491
Thirumaa Valavan Thol,-0.19942863,-0.03359562,-0.10129052,0.07462732,-3.5066528,0.82317656,-0.23325223,-0.0019634634,-0.046935298,0.013125629,-0.010013774,0.0,0.0034319516,-0.12533012,0.033591766,0.023559209,0.0708272,-0.012956612,-0.12236658,0.03169121,-0.073441364,-0.0069059688,0.0,0.08895362168550491
UJJWAL RAMAN SINGH,0.943002,-0.029716479,-0.10333182,-0.086506985,-2.9925518,-2.4671166,-0.124250576,0.0004382017,0.10389035,0.0020499513,-0.012710082,0.0,-0.0033907208,-0.104068644,0.00028260518,-0.13616173,-0.22681591,-0.008935192,-0.025779217,0.034521103,-0.065491304,-0.00680107,0.0,0.08895362168550491
UMMEDA RAM BENIWAL,-0.21423535,0.059869234,-0.109081924,0.020490432,-2.241319,-0.33158886,-0.20873731,-0.0073054424,-0.3496103,-0.042855073,-0.023829048,0.0,-0.0005910229,0.07036069,0.039452393,-0.23609921,0.059737053,-0.00037114817,-0.13228682,-0.114859104,0.29071012,-0.011303569,0.0,0.08895362168550491
UTKARSH VERMA MADHUR,-0.4267746,0.061625417,-0.10812201,0.02897142,-2.7391565,0.013155165,-0.35570258,-0.0074058557,-0.10914378,-0.019493697,0.06551517,0.0,-0.00660777,-0.12980242,0.0025396454,0.040847212,0.043600187,-0.01457499,0.25188166,0.15367162,0.1451453,0.018231893,0.0,0.08895362168550491
V S Matheswaran,-0.22958192,-0.06434981,-0.18754692,-0.13560192,-2.189427,-0.2590749,-0.22431704,-0.006579438,-0.2627152,0.0072320956,-0.02178609,0.0,0.0012717104,0.048970062,0.044096086,-0.23452362,-0.25141457,-0.05427987,-0.1484546,0.008980994,0.04840349,-0.010912823,0.0,0.08895362168550491
V. SOMANNA,0.84482807,-0.029873988,-0.110771,0.051947813,-2.906019,-2.780023,0.61506325,-0.00071879197,0.08663685,0.0045690397,-0.010427555,0.0,-0.0024858057,0.04208122,0.011094888,0.017241403,0.06275109,0.010780584,0.113486566,0.02003224,-0.025282552,-0.011049892,0.0,0.08895362168550491
VAMSI KRISHNA GADDAM,0.94856125,-0.035021175,-0.111538015,-0.07131402,-3.067884,-2.5201821,-0.11897582,-0.002665178,-0.031217413,-0.0043476247,-0.009793292,0.0,-0.007353791,-0.12694757,-0.16968107,-0.0045983326,0.114895366,-0.027960164,-0.02120056,0.04274531,-0.014463779,-0.007126802,0.0,0.08895362168550491
VARUN CHAUDHRY,1.2265688,-0.02292673,-0.12977564,-0.017448142,3.4996035,0.75190943,0.3264263,0.0021132731,0.10612986,-0.004019619,-0.027559618,0.0,-0.0025318377,-0.15748957,-0.108858414,-0.023212165,0.085273385,0.024144044,-0.14047882,0.05444613,-0.03157751,0.003100474,0.0,0.08895362168550491
VIJAYLAKSHMI DEVI,-0.39579532,-0.03366394,-0.117240705,0.059108894,-2.8176475,-0.24214026,-0.27693444,0.0063414816,-0.27414733,-0.0473971,-0.023261292,0.0,-0.00096205436,0.02629385,-0.010093939,0.0024292346,0.077538766,-0.038338136,-0.0045459843,0.003783057,0.25569797,-0.01328222,0.0,0.08895362168550491
VINOD KUMAR BIND,-0.27210405,0.04679503,-0.10483466,0.016931856,-1.8888214,-0.42239016,-0.25577974,-0.002072745,-0.3480551,-0.025539638,0.10199184,0.0,-0.0018404913,-0.18984199,0.041570187,0.036890157,0.04660535,-0.021826768,0.009295231,-0.0025579778,0.27532133,0.023557695,0.0,0.08895362168550491
VIRENDRA SINGH,2.0347457,0.020424746,-0.08889095,-0.03229781,-2.1164317,1.2881202,0.8749319,-0.0025015601,0.123463795,0.0060618627,-0.007521844,0.0,-0.0016269225,0.044429228,0.028137399,0.047304463,0.17125128,0.018517317,0.10579185,0.019736841,0.008394716,-0.010807965,0.0,0.08895362168550491
VISHAL,0.9780879,-0.016247066,-0.14096217,0.08859373,-3.025259,-2.520275,-0.1474062,-0.0035235516,-0.0642067,0.0059421724,-0.015218018,0.0,0.0015993153,-0.105068505,0.009874101,-2.003304e-05,0.08214894,-0.00829625,-0.02732268,0.08672875,-0.16343723,-0.008290551,0.0,0.08895362168550491
VISHWESHWAR HEGDE KAGERI,-0.42710733,0.03808696,-0.08633162,0.07072015,-3.4603407,-1.4836221,-0.2429206,0.0019638794,0.08400212,0.004653283,-0.009874184,0.0,-0.0024858057,0.024094129,0.04031824,0.037809394,0.030391078,0.011704682,0.18895945,0.1338277,-0.061170075,-0.0110934675,0.0,0.08895362168550491
VIVEK THAKUR,0.82963604,-0.005582503,-0.14364475,0.09225901,-2.7180548,-2.8958256,0.47645435,-0.0007042435,0.07161504,0.0023166498,-0.009177977,0.0,-0.0024858057,-0.07480779,-0.21613006,-0.043824963,-0.0783018,-0.037518207,0.18673724,0.10090386,-0.03631442,0.03264703,0.0,0.08895362168550491
Vaithilingam Ve,0.99807024,-0.041832145,-0.08946836,0.054326225,-3.190846,-2.514731,-0.1578333,-0.002546991,0.100781895,0.0057574725,-0.01133454,0.0,-0.0024858057,0.0017125369,-0.19199023,-0.050117735,-0.079090625,0.013573376,-0.035010073,0.027531719,-0.08346886,-0.022166751,0.0,0.08895362168550491
Vellalath Kochukrishnan Nair Sreekandan,-0.14331992,0.093604945,-0.08517554,-0.10945464,-0.6344083,-0.16155808,0.27851227,-0.008159845,0.0432994,-0.0267972,0.08614457,0.0,-0.00660777,-0.20852938,0.0073330435,0.053775717,-0.27707356,0.016511483,-0.12580417,-0.18044394,-0.087997295,-0.005578784,0.0,0.08895362168550491
Vijay Baghel,-0.39442724,0.05573746,-0.09298636,-0.05321016,-2.8095832,0.012193786,-0.26309663,-0.0057142638,-0.27489778,-0.04849643,-0.014671031,0.0,-0.00660777,0.03482245,0.011346221,-0.025161821,-0.07054978,0.009295582,-0.13384585,-0.052831482,-0.12302377,-0.022880996,0.0,0.08895362168550491
Vijay Kumar Dubey,-0.38139284,0.037836112,-0.044522353,0.05051989,-2.9276853,-0.24887076,-0.20366627,0.002706753,0.14682329,0.007955268,-0.024523795,0.0,-0.0025984084,0.003469102,-0.20059785,0.0461487,0.03594275,-0.0012928833,-0.09473769,-0.16854313,0.27874574,-0.016149117,0.0,0.08895362168550491
Vinod Chavda,-0.38819098,0.044865247,0.05071697,-0.051242847,-2.7414148,0.27563217,0.6958482,-0.0056800246,-0.028518269,-0.029753225,0.0708584,0.0,-0.0038552852,0.06159169,0.041869234,0.059349246,0.059883367,0.0065050875,-0.27587464,-0.25893062,-0.07689636,-0.01154192,0.0,0.08895362168550491
Virendra Kumar,0.9525645,0.027311003,-0.032625843,0.055726606,-3.27281,-2.4565315,-0.15016425,0.0030817545,-0.058743425,0.007946934,0.035563607,0.0,0.0015993153,0.022491938,0.008496602,0.00040791495,0.045819007,-0.0032149213,-0.075757846,-0.10579179,-0.06502522,-0.008944797,0.0,0.08895362168550491
Vishnu Dayal Ram,-0.17749123,0.11536185,0.61887914,0.1379636,-0.14207272,-0.47940925,-0.082194366,0.0070135007,0.054596953,0.015863635,0.13597916,0.0,0.004334513,0.13544014,0.012081381,0.08068881,-0.20339143,-0.00094084203,0.2507247,0.31727058,0.12197008,0.097873,0.0,0.08895362168550491
Vishnu Dutt Sharma,0.86032367,-0.030493308,-0.09720463,0.083072685,-2.2500286,-2.665998,0.43499497,0.0012783256,0.10548009,0.0041125026,-0.010689524,0.0,-0.0024858057,0.01901966,0.02106545,-0.035776533,-0.06875939,-0.030936971,-0.145843,0.037346467,-0.14843503,-0.016047712,0.0,0.08895362168550491
Y S Avinash Reddy,-0.38560456,0.048636425,-0.13071136,0.0067580724,-3.1353154,0.6074896,0.72126085,-0.0068161124,-0.21499278,0.002525972,-0.020641658,0.0,0.0024581985,0.048577633,0.013030612,0.04012561,-0.25195456,0.0067984033,-0.31494167,-0.17544486,-0.052075155,-0.012986617,0.0,0.08895362168550491
YADUVEER KRISHNADATTA CHAMARAJA WADIYAR,-0.38214955,0.05320309,-0.1922851,0.10473771,-3.2497485,-1.527014,-0.21331684,-0.0044084922,-0.20108072,-0.023797622,-0.023524353,0.0,-0.007353791,-0.08249475,0.01057246,0.027743056,-0.16236483,-0.0029367064,0.20443514,0.101849645,-0.19478387,-0.0056431857,0.0,0.08895362168550491
Yogendra Chandoliya,0.9180445,-0.059681155,-0.12727448,0.13377358,-3.06514,-2.6146085,-0.17678313,0.0018210321,0.023672773,-0.00048265053,-0.012984004,0.0,-0.0033907208,-0.097005144,-0.009917773,-0.10395674,-0.18497512,-0.014086781,0.09546843,0.12430193,0.1527219,0.03336685,0.0,0.08895362168550491
